,Electricity Price,Wind Power,Solar Power,HPP Power,Curtailed Power,Battery SOC,Battery Power
0,35.171,95.51623578833129,0.0,91.0372868483492,0.0,75.0,-4.478948939982089
1,35.171,94.92573071088854,0.0,90.44678177090645,0.0,79.41176470588235,-4.478948939982089
2,35.171,112.87215739072677,0.0,108.39320845074468,0.0,83.82352941176471,-4.478948939982086
3,35.171,143.68957465921233,0.0,139.21062571923025,0.0,88.23529411764706,-4.478948939982082
4,35.171,161.74838907157954,0.0,157.26944013159746,0.0,92.6470588235294,-4.478948939982082
5,35.171,157.7004992999022,0.0,153.22155035992012,0.0,97.05882352941177,-4.478948939982084
6,35.171,159.8837360912111,0.0,155.40478715122902,0.0,101.47058823529413,-4.478948939982086
7,35.64,168.70012596992592,0.0,164.22117702994385,0.0,105.88235294117649,-4.478948939982086
8,35.489,142.58700746338457,0.0,138.1080585234025,0.0,110.29411764705884,-4.478948939982084
9,35.398,134.87690995385603,0.0,130.39796101387395,0.0,114.70588235294119,-4.478948939982084
10,35.64,105.92816202950213,1.358799879686632,102.80801296920667,0.0,119.11764705882354,-4.478948939982083
11,35.725,111.07423472556945,3.7829760122622615,110.37826179784963,0.0,123.52941176470588,-4.478948939982082
12,35.65,115.91930394708052,5.585849049619116,117.02620405671755,0.0,127.94117647058823,-4.478948939982083
13,36.239,147.2443968540372,11.78048290405867,154.5459308181138,0.0,132.35294117647058,-4.478948939982082
14,37.098,155.6559673090372,16.088559032135606,167.26557740119074,0.0,136.76470588235293,-4.478948939982082
15,39.629,145.49240306547733,0.0,141.01345412549526,0.0,141.17647058823528,-4.478948939982083
16,42.419,108.28692952843058,0.0,103.80798058844849,0.0,145.58823529411765,-4.478948939982083
17,48.663,106.9219124047217,0.0,106.9219124047217,0.0,150.0,0.0
18,50.364,130.75742963273467,0.0,130.75742963273467,0.0,150.0,0.0
19,50.364,118.84098709944803,0.0,168.09098709944803,0.0,150.0,49.25
20,50.364,93.84136333811843,0.0,128.31636333811846,0.0,100.0,34.47500000000004
21,50.707,85.23663878923485,0.0,134.48663878923486,0.0,64.99999999999997,49.25
22,50.233,72.87832056627204,0.0,72.87832056627204,0.0,14.999999999999972,0.0
23,41.799,78.20960917346385,0.0,78.20960917346385,0.0,14.999999999999972,0.0
24,32.158,74.84274383590983,0.0,74.84274383590983,0.0,14.999999999999972,0.0
25,32.158,79.3937167361063,0.0,79.3937167361063,0.0,14.999999999999972,0.0
26,32.158,89.77907121359766,0.0,89.77907121359766,0.0,14.999999999999972,0.0
27,32.158,85.60999036416266,0.0,85.60999036416266,0.0,14.999999999999972,0.0
28,32.158,93.18405096708868,0.0,93.18405096708868,0.0,14.999999999999972,0.0
29,32.302,86.51953272142997,0.0,86.51953272142997,0.0,14.999999999999972,0.0
30,33.697,98.87104662669736,0.0,98.87104662669736,0.0,14.999999999999972,0.0
31,35.92,121.82494830172814,0.0,121.82494830172814,0.0,14.999999999999972,0.0
32,43.76,127.01681623554809,0.0,127.01681623554809,0.0,14.999999999999972,0.0
33,35.551,130.86588837761124,0.22048870736129927,131.08637708497255,0.0,14.999999999999972,0.0
34,35.382,132.58047120800285,20.318622121328346,152.8990933293312,0.0,14.999999999999972,0.0
35,34.745,134.52701350840672,36.799918030758896,171.32693153916563,0.0,14.999999999999972,0.0
36,33.888,147.68555255396853,64.8515982622111,212.53715081617963,0.0,14.999999999999972,0.0
37,33.888,142.00565383457294,69.40333569857381,211.40898953314675,0.0,14.999999999999972,0.0
38,34.174,155.64043854545963,57.97735884692173,213.61779739238136,0.0,14.999999999999972,0.0
39,34.522,218.60275876301523,0.05000469426755253,218.6527634572828,0.0,14.999999999999972,0.0
40,43.722,206.03908457648456,0.0,206.03908457648456,0.0,14.999999999999972,0.0
41,43.722,188.246845986697,0.0,188.246845986697,0.0,14.999999999999972,0.0
42,40.282,191.82443368114562,0.0,191.82443368114562,0.0,14.999999999999972,0.0
43,40.282,180.97539252957446,0.0,180.97539252957446,0.0,14.999999999999972,0.0
44,35.367,153.5222403075802,0.0,153.5222403075802,0.0,14.999999999999972,0.0
45,34.496,138.27599848660265,0.0,138.27599848660265,0.0,14.999999999999972,0.0
46,33.794,134.93293967459473,0.0,134.93293967459473,0.0,14.999999999999973,0.0
47,32.232,164.37798500260425,0.0,164.37798500260425,0.0,14.999999999999973,0.0
48,33.169,167.12781499903176,0.0,167.12781499903176,0.0,14.999999999999972,0.0
49,33.169,182.26603533568812,0.0,182.26603533568812,0.0,14.999999999999972,0.0
50,33.169,176.23452184459944,0.0,176.23452184459944,0.0,14.999999999999972,0.0
51,33.169,173.0190087034893,0.0,173.0190087034893,0.0,14.999999999999972,0.0
52,33.169,182.1695271136841,0.0,182.1695271136841,0.0,14.999999999999972,0.0
53,33.169,183.19696256673328,0.0,183.19696256673328,0.0,14.999999999999972,0.0
54,33.846,196.80258398049185,0.0,196.80258398049185,0.0,14.999999999999972,0.0
55,40.775,219.3874516723892,0.0,219.3874516723892,0.0,14.999999999999972,0.0
56,38.14,284.2266906922771,0.0,284.2266906922771,0.0,14.999999999999972,0.0
57,32.909,333.5515201947794,0.0,300.0,33.551520194779414,14.999999999999972,0.0
58,32.377,345.22385911093215,0.0,300.0,45.22385911093215,14.999999999999972,0.0
59,32.567,347.87739078505416,0.0,300.0,47.87739078505416,14.999999999999972,0.0
60,32.567,345.71200605330137,0.0,300.0,45.712006053301366,14.999999999999972,0.0
61,32.861,349.111034170625,0.0,300.0,49.111034170624976,14.999999999999972,0.0
62,33.169,348.6744058228935,0.0,300.0,48.674405822893505,14.999999999999972,0.0
63,33.846,347.8308522270836,0.0,300.0,47.8308522270836,14.999999999999972,0.0
64,39.046,346.4895212117473,0.0,300.0,46.489521211747274,14.999999999999972,0.0
65,45.557,349.58709744884635,0.0,300.0,40.4500416112829,14.999999999999972,-9.137055837563455
66,36.026,349.9816917950895,0.0,300.0,40.84463595752604,23.999999999999975,-9.137055837563455
67,34.87,349.9972280993342,0.0,300.0,40.86017226177077,32.99999999999998,-9.137055837563455
68,34.125,349.9982040300575,0.0,300.0,40.86114819249403,41.999999999999986,-9.137055837563455
69,33.169,349.9977237216688,0.0,300.0,40.86066788410537,50.999999999999986,-9.137055837563453
70,33.169,349.9990105347392,0.0,300.0,40.861954697175776,59.99999999999997,-9.137055837563455
71,33.169,349.99946344012744,0.0,300.0,40.86240760256399,68.99999999999996,-9.137055837563455
72,32.478,349.99972296518933,0.0,300.0,40.86266712762588,77.99999999999994,-9.137055837563455
73,32.478,349.9997529579715,0.0,300.0,40.86269712040806,86.99999999999997,-9.137055837563453
74,32.478,349.9989961699948,0.0,300.0,40.861940332431374,95.99999999999997,-9.137055837563455
75,32.478,349.9969508830703,0.0,300.0,40.85989504550687,104.99999999999997,-9.137055837563459
76,32.478,349.99148598291094,0.0,300.0,40.85443014534749,113.99999999999997,-9.137055837563455
77,32.478,349.9704810863765,0.0,300.0,40.83342524881303,122.99999999999999,-9.137055837563452
78,33.081,349.8158528007097,0.0,300.0,40.678796963146254,132.0,-9.137055837563452
79,39.984,349.3190966055274,0.0,300.0,40.18204076796397,141.0,-9.137055837563452
80,42.791,346.14585485314143,0.0,300.0,46.14585485314143,150.0,0.0
81,34.188,346.51111386726205,0.0,300.0,46.511113867262054,150.0,0.0
82,33.336,341.393564714683,15.515352991302983,300.0,56.90891770598597,150.0,0.0
83,31.766,338.2266458593653,21.043502236235557,300.0,59.27014809560086,150.0,0.0
84,31.766,318.6995459916945,27.73832180987001,300.0,46.437867801564494,150.0,0.0
85,32.296,336.28592164396883,46.4513217387229,300.0,82.73724338269176,150.0,0.0
86,33.021,344.4052698502245,49.08447775012963,300.0,93.48974760035412,150.0,0.0
87,34.188,343.94551377714424,0.2291664565050136,300.0,44.17468023364927,150.0,0.0
88,36.537,341.52025271340005,0.0,300.0,41.520252713400055,150.0,0.0
89,38.041,334.88018754656457,0.0,300.0,34.88018754656457,150.0,0.0
90,36.732,341.72592071558114,0.0,300.0,41.72592071558114,150.0,0.0
91,34.902,333.54103823323,0.0,300.0,33.54103823322998,150.0,0.0
92,34.078,326.1542368609805,0.0,300.0,26.154236860980518,150.0,0.0
93,33.332,321.5936642497639,0.0,300.0,21.59366424976389,150.0,0.0
94,32.812,328.28373281256694,0.0,300.0,28.28373281256694,150.0,0.0
95,32.478,320.9485035229885,0.0,300.0,20.948503522988517,150.0,0.0
96,33.284,246.6511547041262,0.0,246.6511547041262,0.0,150.0,0.0
97,33.284,257.75842211930524,0.0,257.75842211930524,0.0,150.0,0.0
98,33.284,178.62550910260967,0.0,178.62550910260967,0.0,150.0,0.0
99,33.284,81.4847762226502,0.0,81.4847762226502,0.0,150.00000000000003,0.0
100,33.284,230.09678908634717,0.0,230.09678908634717,0.0,150.00000000000006,0.0
101,33.284,349.4955957278437,0.0,300.0,49.49559572784369,150.00000000000006,0.0
102,34.056,349.3353146447331,0.0,300.0,49.3353146447331,150.00000000000006,0.0
103,36.931,335.23132123587897,0.0,300.0,35.231321235878966,150.0,0.0
104,42.985,256.61630898637543,0.0,268.92880898637543,0.0,150.0,12.312499999999996
105,37.935,150.17279511194272,0.0,162.48529511194272,0.0,137.5,12.312499999999996
106,35.363,77.67609065730132,10.65229778549743,100.64088844279874,0.0,125.00000000000001,12.3125
107,34.387,75.94157991191737,21.115982315607734,109.37006222752511,0.0,112.50000000000001,12.3125
108,33.665,124.9978888593223,45.599503169267294,182.90989202858958,0.0,100.00000000000001,12.312500000000007
109,33.665,178.89684784159326,56.9962844441133,248.20563228570654,0.0,87.5,12.312500000000007
110,33.879,274.8892261814505,39.49967976424037,289.00819528579245,0.0,75.0,-25.380710659898476
111,34.277,346.9295687389385,0.0,300.0,21.54885807904001,100.0,-25.380710659898476
112,40.86,346.92380422219946,0.0,300.0,21.54309356230099,125.0,-25.380710659898476
113,45.754,297.6576874168952,0.0,297.6576874168952,0.0,150.0,0.0
114,38.609,169.06934217791326,0.0,169.06934217791326,0.0,150.0,0.0
115,36.21,101.12592341017051,0.0,101.12592341017051,0.0,150.0,0.0
116,34.581,63.209707943207576,0.0,63.209707943207576,0.0,150.0,0.0
117,34.324,49.669665308670346,0.0,49.669665308670346,0.0,150.0,0.0
118,33.298,54.999618212923814,0.0,54.999618212923814,0.0,150.0,0.0
119,33.284,49.52464364635517,0.0,49.52464364635517,0.0,150.0,0.0
120,34.09,49.107169325865215,0.0,49.107169325865215,0.0,150.0,0.0
121,34.09,54.71470872385779,0.0,54.71470872385779,0.0,150.0,0.0
122,34.09,73.28783492812343,0.0,73.28783492812343,0.0,150.0,0.0
123,34.09,80.56174423841527,0.0,80.56174423841527,0.0,150.0,0.0
124,34.09,81.49125147204059,0.0,81.49125147204059,0.0,150.0,0.0
125,34.09,70.34227232001524,0.0,70.34227232001524,0.0,150.0,0.0
126,35.385,45.63611479858085,0.0,45.63611479858085,0.0,150.0,0.0
127,37.56,35.038853438752504,0.0,35.038853438752504,0.0,150.0,0.0
128,46.758,25.20613377231907,0.0,25.20613377231907,0.0,150.0,0.0
129,36.142,18.601429927601245,0.9263353883192696,19.527765315920515,0.0,150.0,0.0
130,35.237,11.313169199005344,32.14424155288303,43.457410751888375,0.0,150.0,0.0
131,34.343,15.053717947035036,61.51453982848085,76.56825777551589,0.0,150.0,0.0
132,34.343,36.327100762739384,76.74219468948405,113.06929545222343,0.0,150.0,0.0
133,34.562,76.0731569707776,78.13165299476539,154.204809965543,0.0,150.0,0.0
134,34.991,97.62332845418283,60.03611688391065,157.65944533809346,0.0,150.0,0.0
135,37.463,95.14933377234652,0.8628359476329476,96.01216971997947,0.0,150.0,0.0
136,48.301,94.6790590967493,0.0,94.6790590967493,0.0,150.0,0.0
137,48.992,84.61042092508801,0.0,84.61042092508801,0.0,150.0,0.0
138,41.682,94.87566714738533,0.0,94.87566714738533,0.0,149.99999999999997,0.0
139,40.045,100.0974034352453,0.0,100.0974034352453,0.0,150.00000000000003,0.0
140,37.034,88.79305180449296,0.0,88.79305180449296,0.0,150.00000000000003,0.0
141,35.553,98.23996131931608,0.0,98.23996131931608,0.0,150.00000000000003,0.0
142,34.851,126.15463072835713,0.0,126.15463072835713,0.0,150.00000000000003,0.0
143,34.09,168.249231587135,0.0,168.249231587135,0.0,150.00000000000003,0.0
144,33.118,174.1436054053549,0.0,174.1436054053549,0.0,150.00000000000003,0.0
145,33.118,167.82410610695794,0.0,167.82410610695794,0.0,150.0,0.0
146,33.118,147.06303661187988,0.0,147.06303661187988,0.0,150.0,0.0
147,33.118,143.9198960479392,0.0,143.9198960479392,0.0,150.0,0.0
148,33.118,151.37263103885334,0.0,151.37263103885334,0.0,150.0,0.0
149,33.118,120.43211260227439,0.0,120.43211260227439,0.0,150.0,0.0
150,33.448,91.5568253153521,0.0,91.5568253153521,0.0,150.0,0.0
151,33.852,101.03940681586477,0.0,101.03940681586477,0.0,150.0,0.0
152,33.98,155.93537532008702,0.0,155.93537532008702,0.0,150.0,0.0
153,34.024,137.12513289181123,0.0,137.12513289181123,0.0,150.0,0.0
154,33.816,164.09843156504346,5.757092540858945,169.8555241059024,0.0,150.0,0.0
155,33.549,176.79481595312632,9.327154962037218,186.12197091516353,0.0,150.0,0.0
156,33.228,191.05947136233507,15.025709871513302,206.08518123384837,0.0,150.0,0.0
157,33.228,225.59735595666447,9.240482749258087,234.83783870592256,0.0,150.0,0.0
158,33.362,261.7200967733892,35.77652991104353,297.4966266844327,0.0,150.0,0.0
159,33.483,258.58860416094234,0.5392561302287282,259.1278602911711,0.0,150.0,0.0
160,34.729,249.03298842998478,0.0,249.03298842998478,0.0,150.0,0.0
161,37.023,242.73859676598983,0.0,242.73859676598983,0.0,150.0,0.0
162,42.237,230.92186967677432,0.0,230.92186967677432,0.0,150.0,0.0
163,35.403,207.03631674811484,0.0,207.03631674811484,0.0,150.0,0.0
164,34.475,218.97694272536063,0.0,218.97694272536063,0.0,150.0,0.0
165,34.065,218.75365393818538,0.0,218.75365393818538,0.0,150.0,0.0
166,33.55,203.6741741469057,0.0,203.6741741469057,0.0,150.0,0.0
167,33.118,216.04163340057724,0.0,216.04163340057724,0.0,150.0,0.0
168,35.171,197.95771110551675,0.0,197.95771110551675,0.0,150.0,0.0
169,35.171,174.40946247324646,0.0,174.40946247324646,0.0,150.0,0.0
170,35.171,119.1942114833643,0.0,119.1942114833643,0.0,150.0,0.0
171,35.171,112.70288255401124,0.0,112.70288255401124,0.0,150.0,0.0
172,35.171,99.93728079744857,0.0,99.93728079744857,0.0,150.0,0.0
173,35.171,95.34045115850962,0.0,95.34045115850962,0.0,150.0,0.0
174,35.171,87.60814774168779,0.0,87.60814774168779,0.0,150.0,0.0
175,35.64,58.394761520616655,0.0,58.394761520616655,0.0,150.0,0.0
176,35.489,47.50089109257802,0.0,47.50089109257802,0.0,150.0,0.0
177,35.398,37.036945790311655,0.4153955393644169,37.452341329676074,0.0,150.0,0.0
178,35.64,22.632865389903515,9.16156485196669,31.794430241870202,0.0,150.0,0.0
179,35.725,14.244649789496652,16.666972765917468,30.91162255541412,0.0,150.0,0.0
180,35.65,10.410226527995885,14.056194966791738,24.466421494787625,0.0,150.0,0.0
181,36.239,9.156166117751276,11.295486448166061,20.451652565917335,0.0,150.0,0.0
182,37.098,8.178120013839052,11.776086319622143,19.954206333461194,0.0,150.0,0.0
183,39.629,5.445705953977999,0.0,5.445705953977999,0.0,150.0,0.0
184,42.419,3.8395880041002313,0.0,3.8395880041002313,0.0,150.0,0.0
185,48.663,2.3921623316445326,0.0,2.3921623316445326,0.0,150.0,0.0
186,50.364,0.17071032100397554,0.0,0.17071032100397554,0.0,150.0,0.0
187,50.364,0.0,0.0,0.0,0.0,150.0,0.0
188,50.364,0.0,0.0,0.0,0.0,150.0,0.0
189,50.707,0.0,0.0,34.47500000000005,0.0,150.00000000000003,34.47500000000005
190,50.233,0.0,0.0,0.0,0.0,114.99999999999997,0.0
191,41.799,0.0,0.0,0.0,0.0,114.99999999999997,0.0
192,47.389,0.0,0.0,0.0,0.0,114.99999999999997,0.0
193,47.389,0.0,0.0,0.0,0.0,114.99999999999997,0.0
194,47.389,0.0,0.0,0.0,0.0,114.99999999999997,0.0
195,47.389,2.0129620527209275,0.0,2.0129620527209275,0.0,114.99999999999997,0.0
196,47.389,6.538541055327389,0.0,6.538541055327389,0.0,114.99999999999997,0.0
197,47.679,13.518074353417344,0.0,13.518074353417344,0.0,114.99999999999997,0.0
198,53.759,21.774807404086605,0.0,21.774807404086605,0.0,114.99999999999997,0.0
199,82.971,31.622952210965124,0.0,80.87295221096512,0.0,114.99999999999997,49.25
200,74.249,47.11878117079487,0.0,96.36878117079488,0.0,64.99999999999997,49.25
201,49.185,70.56580364008634,0.0,61.87425051597494,0.0,14.999999999999972,-8.6915531241114
202,46.769,80.37945639898018,0.0,71.68790327486879,0.0,23.5611798272497,-8.6915531241114
203,46.769,75.09159975820228,0.7542880082887632,67.15433464237965,0.0,32.12235965449943,-8.6915531241114
204,46.567,69.33666475751333,0.5275136740898172,61.17262530749175,0.0,40.68353948174916,-8.6915531241114
205,46.807,119.78759676203055,1.4411872113239426,112.53723084924309,0.0,49.24471930899889,-8.691553124111401
206,47.206,178.0999040360541,0.7071189446528072,170.11546985659552,0.0,57.80589913624861,-8.691553124111401
207,48.069,200.18602697105416,0.0,191.49447384694275,0.0,66.36707896349834,-8.691553124111401
208,61.414,221.51503719649153,0.0,270.76503719649156,0.0,74.92825879074807,49.25
209,60.955,290.2206650911131,0.0,300.0,0.0,24.928258790748075,9.77933490888688
210,48.2,302.8190444731119,0.0,300.0,0.0,14.999999999999972,-2.8190444731118873
211,47.758,290.25381942138233,0.0,287.43477494827044,0.0,17.77675880601518,-2.8190444731118873
212,45.141,315.7715227080967,0.0,300.0,0.26692569606768757,20.55351761203039,-15.504597012029024
213,45.141,327.09076608652543,0.0,300.0,11.58616907449641,35.82554566887898,-15.504597012029024
214,45.141,315.504597012029,0.0,300.0,0.0,51.09757372572757,-15.504597012029024
215,45.141,312.1949567334782,0.0,300.0,10.442591613189089,66.36960178257615,-1.7523651202891046
216,37.259,279.86866025420613,0.0,278.11629513391705,0.0,68.09568142606092,-1.752365120289106
217,37.259,198.77341081306247,0.0,197.02104569277336,0.0,69.82176106954569,-1.752365120289106
218,37.259,122.86647247419934,0.0,121.11410735391024,0.0,71.54784071303047,-1.7523651202890989
219,37.259,103.13549853237716,0.0,101.38313341208806,0.0,73.27392035651523,-1.7523651202890989
220,37.624,97.8199408545306,0.0,78.78440785960674,0.0,75.0,-19.035532994923862
221,38.23,83.69031089706246,0.0,64.65477790213859,0.0,93.75,-19.035532994923862
222,41.187,68.40794958786223,0.0,49.37241659293838,0.0,112.5,-19.035532994923855
223,47.2,68.18650432405389,0.0,49.15097132913003,0.0,131.25,-19.035532994923855
224,47.925,79.56864616848051,0.0,128.8186461684805,0.0,150.0,49.25
225,47.404,80.35826831929317,0.6931987919785471,130.30146711127173,0.0,100.0,49.25
226,46.683,59.46151073672475,6.682597701002499,66.14410843772724,0.0,50.0,0.0
227,45.295,78.34302928801016,23.1280366064341,88.27309635129704,0.0,50.0,-13.197969543147204
228,43.617,82.5069010222814,36.40022224123843,105.70915372037261,0.0,63.0,-13.197969543147204
229,43.55,78.87560257350194,17.983961274077696,83.66159430443244,0.0,76.0,-13.197969543147199
230,44.057,70.59210066450443,17.226940123131364,74.6210712444886,0.0,88.99999999999999,-13.197969543147202
231,45.597,65.80561843166504,0.060515369418528746,52.66816425793636,0.0,101.99999999999997,-13.197969543147202
232,50.515,63.20561401934916,0.0,112.45561401934916,0.0,114.99999999999997,49.25
233,53.778,61.840308552888274,0.0,111.09030855288827,0.0,64.99999999999997,49.25
234,46.327,74.62412172245624,0.0,74.62412172245624,0.0,14.999999999999972,0.0
235,42.263,94.464762887024,0.0,94.464762887024,0.0,14.999999999999972,0.0
236,42.002,104.44996072149313,0.0,104.44996072149313,0.0,14.999999999999972,0.0
237,41.451,107.9096596273923,0.0,107.9096596273923,0.0,14.999999999999972,0.0
238,40.622,129.58870898954285,0.0,129.58870898954285,0.0,14.999999999999972,0.0
239,38.201,166.89210526715237,0.0,166.89210526715237,0.0,14.999999999999972,0.0
240,36.591,174.38027338963045,0.0,174.38027338963045,0.0,14.999999999999972,0.0
241,36.591,182.56959870952616,0.0,182.56959870952616,0.0,14.999999999999972,0.0
242,36.591,200.3476887690935,0.0,200.3476887690935,0.0,14.999999999999972,0.0
243,36.591,206.98317217775084,0.0,206.98317217775084,0.0,14.999999999999972,0.0
244,36.591,196.22056132529605,0.0,196.22056132529605,0.0,14.999999999999977,0.0
245,36.591,176.79789423400658,0.0,176.79789423400658,0.0,14.999999999999977,0.0
246,36.712,165.7450597738278,0.0,165.7450597738278,0.0,14.999999999999977,0.0
247,40.301,168.4291891717697,0.0,168.4291891717697,0.0,14.999999999999977,0.0
248,45.429,209.34461350804258,0.0,209.34461350804258,0.0,14.999999999999975,0.0
249,38.101,173.9129938843801,0.0,173.9129938843801,0.0,14.999999999999975,0.0
250,38.879,155.87095952615914,10.238471628497178,166.1094311546563,0.0,14.999999999999975,0.0
251,36.985,113.13633134188474,28.313762341734066,141.4500936836188,0.0,14.999999999999975,0.0
252,36.985,84.52861195935576,60.00239562151359,144.53100758086936,0.0,14.999999999999973,0.0
253,37.01,84.06274126894118,76.81524621661275,160.87798748555394,0.0,14.999999999999972,0.0
254,42.956,59.848224874176985,62.83295598957932,122.68118086375631,0.0,14.999999999999972,0.0
255,41.768,60.18804441689983,1.7975128542825194,61.985557271182344,0.0,14.999999999999972,0.0
256,44.428,82.78279741407056,0.0,82.78279741407056,0.0,14.999999999999972,0.0
257,52.329,91.72448669024504,0.0,91.72448669024504,0.0,14.999999999999972,0.0
258,42.044,109.89835506617176,0.0,109.89835506617176,0.0,14.999999999999972,0.0
259,41.155,122.89682506963143,0.0,122.89682506963143,0.0,14.999999999999972,0.0
260,39.624,169.64595201314023,0.0,169.64595201314023,0.0,14.999999999999972,0.0
261,38.818,260.27216039725727,0.0,260.27216039725727,0.0,14.999999999999972,0.0
262,37.602,304.6330049693302,0.0,300.0,0.7171238960887343,14.999999999999972,-3.9158810732414815
263,36.591,305.43993636075055,0.0,300.0,1.5240552875090692,18.85714285714283,-3.9158810732414815
264,33.468,335.9702934813327,0.0,300.0,32.054412408091224,22.714285714285694,-3.915881073241481
265,33.003,345.15573431565946,0.0,300.0,41.23985324241798,26.571428571428555,-3.9158810732414815
266,33.003,346.99587594820076,0.0,300.0,43.07999487495928,30.428571428571402,-3.915881073241481
267,33.003,348.01599786239507,0.0,300.0,44.10011678915359,34.28571428571428,-3.915881073241481
268,33.003,348.1404650694903,0.0,300.0,44.22458399624881,38.142857142857125,-3.915881073241482
269,33.003,348.4380720414653,0.0,300.0,44.52219096822384,41.999999999999986,-3.915881073241482
270,34.105,349.33828138507386,0.0,300.0,45.42240031183238,45.85714285714285,-3.915881073241482
271,36.762,349.734284656138,0.0,300.0,45.818403582896536,49.714285714285694,-3.9158810732414824
272,42.724,349.8639171443217,0.0,300.0,45.948036071080224,53.571428571428555,-3.9158810732414824
273,35.697,349.94958052468246,0.0,300.0,46.03369945144098,57.428571428571416,-3.9158810732414815
274,33.684,349.8815584315832,0.0,300.0,45.96567735834171,61.28571428571426,-3.915881073241482
275,32.416,346.5854183242606,1.8307286636973392,300.0,44.50026591471649,65.14285714285714,-3.9158810732414815
276,32.416,349.0222092657534,28.85206257271336,300.0,73.95839076522529,69.0,-3.9158810732414815
277,32.416,349.6653089214986,77.69703178361512,300.0,123.44645963187222,72.85714285714286,-3.915881073241482
278,33.767,349.52969139510657,64.81603781150818,300.0,110.42984813337327,76.71428571428571,-3.915881073241483
279,34.694,348.10994645968987,2.0835432439032853,300.0,46.277608630351686,80.57142857142856,-3.9158810732414837
280,35.728,337.7128439354492,0.0,300.0,33.796962862207714,84.42857142857142,-3.9158810732414846
281,36.291,318.93315084570116,0.0,300.0,15.01726977245968,88.28571428571428,-3.915881073241483
282,35.769,308.4538542722933,0.0,300.0,4.537973199051831,92.14285714285714,-3.915881073241482
283,36.07,295.90627159509097,0.0,291.99039052184946,0.0,96.0,-3.915881073241483
284,35.377,287.77578375155775,0.0,283.85990267831625,0.0,99.85714285714283,-3.9158810732414837
285,34.215,295.9994467566915,0.0,292.08356568345,0.0,103.7142857142857,-3.9158810732414846
286,33.799,313.4343804899281,0.0,300.0,9.518499416686634,107.57142857142854,-3.915881073241483
287,33.003,340.52811084845996,0.0,300.0,36.61222977521848,111.42857142857139,-3.915881073241483
288,33.456,344.72471824877675,0.0,300.0,40.808837175535274,115.28571428571425,-3.915881073241483
289,33.456,345.76202986093335,0.0,300.0,41.846148787691874,119.14285714285711,-3.915881073241481
290,33.456,341.60124521545396,0.0,300.0,37.68536414221248,122.99999999999999,-3.9158810732414793
291,33.456,340.28159844841525,0.0,300.0,36.36571737517377,126.85714285714286,-3.9158810732414793
292,33.456,342.3796451752795,0.0,300.0,38.46376410203803,130.71428571428572,-3.9158810732414793
293,33.738,343.09601342201125,0.0,300.0,39.180132348769774,134.57142857142856,-3.9158810732414793
294,35.197,343.7524677384173,0.0,300.0,39.836586665175815,138.42857142857142,-3.9158810732414793
295,37.644,347.02339706123314,0.0,300.0,43.10751598799166,142.28571428571428,-3.9158810732414793
296,43.066,346.0190948270403,0.0,300.0,42.103213753798826,146.14285714285714,-3.9158810732414793
297,36.583,326.600866657228,1.1845348414895684,300.0,27.785401498717533,150.0,0.0
298,37.052,249.44565697990487,29.9539127570917,279.39956973699657,0.0,150.0,0.0
299,35.139,226.83412932308656,51.68347545721355,278.5176047803001,0.0,150.0,0.0
300,35.139,235.80536372897666,76.0636236219279,300.0,11.868987350904547,150.0,0.0
301,35.113,273.46469448282977,80.06203257143076,300.0,53.526727054260505,150.0,0.0
302,35.113,312.68242297393755,65.6487763415064,300.0,78.33119931544394,150.0,0.0
303,35.113,310.0534954969571,2.508648310862355,300.0,12.562143807819439,150.0,0.0
304,36.133,292.94612339116253,0.0,292.94612339116253,0.0,150.0,0.0
305,37.397,293.79755620826097,0.0,293.79755620826097,0.0,150.0,0.0
306,37.077,296.30342226693875,0.0,296.30342226693875,0.0,150.0,0.0
307,35.19,276.0645770293868,0.0,276.0645770293868,0.0,150.0,0.0
308,35.113,229.81231468384934,0.0,229.81231468384934,0.0,150.0,0.0
309,36.17,197.05680626423924,0.0,197.05680626423924,0.0,150.0,0.0
310,35.446,187.0178700702504,0.0,187.0178700702504,0.0,150.0,0.0
311,33.844,173.54299770612562,0.0,173.54299770612562,0.0,150.0,0.0
312,38.412,137.428372087892,0.0,137.428372087892,0.0,150.0,0.0
313,38.412,113.0040086824781,0.0,113.0040086824781,0.0,150.0,0.0
314,38.412,90.01033638475643,0.0,90.01033638475643,0.0,150.0,0.0
315,38.412,67.25381012705544,0.0,67.25381012705544,0.0,150.0,0.0
316,38.412,56.61719676331967,0.0,56.61719676331967,0.0,150.0,0.0
317,39.169,53.62307149984316,0.0,53.62307149984316,0.0,150.0,0.0
318,40.37,44.9677706530956,0.0,44.9677706530956,0.0,150.0,0.0
319,41.064,32.6099960704161,0.0,32.6099960704161,0.0,150.0,0.0
320,48.3,24.806728927767143,0.0,27.542840038878253,0.0,150.0,2.7361111111111125
321,41.526,16.811123454839564,1.727961153029655,21.275195718980328,0.0,147.22222222222223,2.7361111111111125
322,37.413,8.067576459075735,36.97072695047212,47.774414520658965,0.0,144.44444444444446,2.7361111111111107
323,36.841,5.623940023985304,63.19334467412171,71.55339580921813,0.0,141.66666666666666,2.7361111111111107
324,36.841,4.1167592219285645,82.0404378087066,88.89330814174627,0.0,138.88888888888889,2.7361111111111107
325,36.841,3.4176778084494073,82.28621430644031,88.44000322600084,0.0,136.11111111111111,2.7361111111111107
326,38.524,4.297880991018416,66.04123081356143,73.07522291569096,0.0,133.33333333333334,2.7361111111111143
327,43.397,6.185942904237643,2.763743071093083,11.685797086441847,0.0,130.55555555555557,2.7361111111111214
328,44.043,7.891559454945529,0.0,10.627670566056644,0.0,127.77777777777779,2.7361111111111143
329,48.897,8.719487666091862,0.0,57.969487666091865,0.0,125.0,49.25
330,55.442,7.29624222716445,0.0,7.29624222716445,0.0,75.0,0.0
331,55.442,5.7226921673735855,0.0,5.7226921673735855,0.0,75.0,0.0
332,55.442,3.20358077455636,0.0,3.20358077455636,0.0,75.0,0.0
333,55.442,1.1803738689888474,0.0,1.1803738689888474,0.0,75.0,0.0
334,55.442,0.943164278362735,0.0,0.943164278362735,0.0,75.0,0.0
335,55.442,0.0,0.0,0.0,0.0,75.0,0.0
336,59.516,0.0,0.0,0.0,0.0,75.0,0.0
337,59.516,0.0,0.0,0.0,0.0,75.0,0.0
338,61.895,0.0,0.0,0.0,0.0,75.0,0.0
339,61.895,0.0,0.0,0.0,0.0,75.0,0.0
340,61.895,0.0,0.0,0.0,0.0,75.0,0.0
341,61.895,0.0,0.0,0.0,0.0,75.0,0.0
342,61.895,0.0,0.0,0.0,0.0,75.0,0.0
343,61.895,0.0,0.0,0.0,0.0,75.0,0.0
344,59.516,0.0,0.0,0.0,0.0,75.0,0.0
345,45.732,0.17453960040582212,1.8644475641213312,2.0389871645271533,0.0,75.0,0.0
346,41.964,5.08126494908077,34.493664218090295,39.574929167171064,0.0,75.0,0.0
347,40.238,7.8713328627194965,62.677158873987395,70.5484917367069,0.0,75.0,0.0
348,40.238,9.397596688871143,77.53215612206384,86.92975281093499,0.0,75.0,0.0
349,40.238,10.72037110043367,80.65573765017193,91.3761087506056,0.0,75.0,0.0
350,44.263,13.581867967681,65.76481950108001,79.34668746876102,0.0,75.0,0.0
351,47.654,19.484766947504202,2.3818777577155643,21.866644705219766,0.0,75.0,0.0
352,72.792,21.962356256899415,0.0,21.962356256899415,0.0,75.0,0.0
353,79.418,22.584023219218338,0.0,22.584023219218338,0.0,75.0,0.0
354,81.382,24.483894729827167,0.0,24.483894729827167,0.0,75.0,0.0
355,75.652,26.658823089851445,0.0,26.658823089851445,0.0,75.0,0.0
356,71.811,32.05524491497373,0.0,32.05524491497373,0.0,75.0,0.0
357,63.253,36.04198555257544,0.0,36.04198555257544,0.0,75.0,0.0
358,59.516,43.95467583199541,0.0,43.95467583199541,0.0,75.0,0.0
359,59.516,41.89300884849311,0.0,41.89300884849311,0.0,75.0,0.0
360,67.048,41.110004999620536,0.0,41.110004999620536,0.0,75.0,0.0
361,67.048,36.68285268625369,0.0,36.68285268625369,0.0,75.0,0.0
362,67.048,32.74138311406528,0.0,32.74138311406528,0.0,75.0,0.0
363,67.048,29.09170718772254,0.0,29.09170718772254,0.0,75.0,0.0
364,67.048,26.953143427629325,0.0,26.953143427629325,0.0,75.0,0.0
365,67.048,28.10415749836922,0.0,28.10415749836922,0.0,75.0,0.0
366,53.541,29.826855629019533,0.0,29.826855629019533,0.0,75.0,0.0
367,92.718,33.38160042877985,0.0,33.38160042877985,0.0,75.0,0.0
368,90.082,34.591164712073,0.0,26.130927825440175,0.0,75.0,-8.460236886632826
369,59.179,40.0495718054115,0.38464174162557446,31.973976660404247,0.0,83.33333333333333,-8.460236886632826
370,52.409,56.23635039015437,4.022357662880811,51.79847116640235,0.0,91.66666666666666,-8.460236886632826
371,46.858,60.34387541553313,7.241230253698058,59.124868782598355,0.0,100.0,-8.460236886632824
372,46.858,69.94842676640951,9.470843104141853,70.95903298391853,0.0,108.33333333333334,-8.460236886632824
373,46.858,77.3291866282788,14.264071715055602,83.13302145670158,0.0,116.66666666666667,-8.46023688663282
374,57.718,80.25189209022481,9.394023358653005,81.18567856224499,0.0,125.00000000000001,-8.46023688663282
375,71.124,79.52430663854949,0.5567414172836918,71.62081116920037,0.0,133.33333333333334,-8.460236886632813
376,96.774,76.16530359531639,0.0,67.70506670868357,0.0,141.66666666666669,-8.460236886632813
377,96.774,75.89781308454307,0.0,125.14781308454307,0.0,150.0,49.25
378,96.774,74.69764982140715,0.0,123.94764982140715,0.0,100.0,49.25
379,96.511,75.44683780695087,0.0,66.98660092031804,0.0,50.0,-8.460236886632824
380,86.891,76.47371454847415,0.0,68.01347766184132,0.0,58.33333333333334,-8.460236886632824
381,71.839,75.40392354407071,0.0,66.94368665743788,0.0,66.66666666666667,-8.460236886632824
382,67.048,91.47139861096112,0.0,83.01116172432829,0.0,75.0,-8.460236886632824
383,67.048,76.9776048414563,0.0,68.51736795482347,0.0,83.33333333333333,-8.460236886632822
384,71.321,66.93569440895448,0.0,58.475457522321655,0.0,91.66666666666669,-8.46023688663282
385,71.321,56.390656028558,0.0,47.93041914192518,0.0,100.00000000000003,-8.46023688663282
386,71.321,47.78401130181963,0.0,39.323774415186804,0.0,108.33333333333334,-8.460236886632824
387,71.321,40.337229342487106,0.0,31.876992455854285,0.0,116.66666666666667,-8.46023688663282
388,71.321,35.27934580451165,0.0,26.81910891787883,0.0,125.00000000000001,-8.46023688663282
389,71.321,34.35677018332787,0.0,25.896533296695054,0.0,133.33333333333334,-8.460236886632813
390,94.734,29.63758543546554,0.0,21.177348548832725,0.0,141.66666666666669,-8.460236886632813
391,106.948,22.537581172965908,0.0,71.7875811729659,0.0,150.0,49.25
392,106.607,14.983595489974084,0.0,64.23359548997408,0.0,100.0,49.25
393,93.323,9.305449312717819,1.1257924032033333,0.0,0.0,50.0,-10.431241715921146
394,71.678,7.975733832486905,22.014403217243807,19.063801564444958,0.0,60.27477309018233,-10.926335485285755
395,66.353,10.117978150761486,45.021881591541906,44.21352425701764,0.0,71.0372135431888,-10.926335485285755
396,66.353,13.72458586457114,61.42604309086681,64.22429347015219,0.0,81.79965399619526,-10.926335485285755
397,66.353,12.550667465566121,72.06803123565616,73.69236321593652,0.0,92.56209444920172,-10.926335485285755
398,72.835,7.626289981618733,64.27059192454452,60.970546420877504,0.0,103.32453490220819,-10.926335485285755
399,85.842,8.242599951715244,2.683735533570514,0.0,0.0,114.08697535521465,-10.926335485285755
400,105.739,11.556676654285965,0.0,0.6303411690002108,0.0,124.84941580822111,-10.926335485285755
401,105.739,18.742001355586645,0.0,67.99200135558664,0.0,135.6118562612276,49.25
402,104.055,26.630846861025965,0.0,75.88084686102596,0.0,85.61185626122759,49.25
403,102.121,27.945334267543394,0.0,48.2480126848526,0.0,35.61185626122759,20.302678417309206
404,92.727,27.415694879374183,0.0,25.723647502047616,0.0,14.999999999999972,-1.692047377326566
405,71.321,34.85281470671738,0.0,33.160767329390815,0.0,16.66666666666664,-1.6920473773265663
406,71.321,40.6376822472797,0.0,38.94563486995313,0.0,18.333333333333314,-1.692047377326566
407,71.321,30.98383069136915,0.0,29.291783314042583,0.0,19.999999999999986,-1.692047377326566
408,42.025,33.32990547395052,0.0,31.63785809662395,0.0,21.666666666666657,-1.692047377326566
409,38.461,40.545510824619186,0.0,38.85346344729262,0.0,23.33333333333332,-1.6920473773265658
410,38.368,51.72378545893388,0.0,50.031738081607315,0.0,24.999999999999993,-1.6920473773265658
411,38.368,53.01676272828055,0.0,51.32471535095398,0.0,26.666666666666657,-1.692047377326566
412,38.368,47.24159097987507,0.0,45.5495436025485,0.0,28.333333333333336,-1.692047377326566
413,38.772,59.45597762259439,0.0,57.76393024526782,0.0,30.0,-1.692047377326566
414,44.814,95.36640503762965,0.0,93.67435766030309,0.0,31.666666666666664,-1.6920473773265663
415,66.852,113.54935555659513,0.0,111.85730817926857,0.0,33.33333333333333,-1.6920473773265665
416,45.213,112.22335453018904,0.0,110.53130715286248,0.0,34.99999999999999,-1.692047377326566
417,40.654,124.71674348407062,0.4553733191402524,123.48006942588431,0.0,36.66666666666666,-1.6920473773265663
418,37.132,115.76413454909608,3.4783451821834124,117.55043235395294,0.0,38.33333333333333,-1.6920473773265663
419,36.329,153.14138935155904,6.222323159733385,157.67166513396586,0.0,40.0,-1.6920473773265663
420,35.604,192.53530535459416,6.658494426768888,197.5017524040365,0.0,41.666666666666664,-1.6920473773265665
421,35.604,235.25035827489918,4.321146175988016,237.87945707356064,0.0,43.33333333333333,-1.6920473773265665
422,36.57,278.9557977022659,0.26848682731540496,277.53223715225477,0.0,45.0,-1.6920473773265665
423,39.867,231.43482433164633,0.0,229.74277695431977,0.0,46.66666666666667,-1.692047377326567
424,40.022,178.69685652207403,0.0,177.00480914474747,0.0,48.333333333333336,-1.6920473773265665
425,38.368,142.75456943316752,0.0,141.06252205584096,0.0,50.0,-1.6920473773265665
426,37.886,137.14551544177138,0.0,135.45346806444482,0.0,51.66666666666667,-1.6920473773265665
427,37.886,145.62939460026658,0.0,143.93734722294002,0.0,53.33333333333333,-1.692047377326567
428,37.886,124.88243151648646,0.0,123.1903841391599,0.0,54.99999999999999,-1.692047377326567
429,38.024,92.39219779869924,0.0,90.70015042137268,0.0,56.66666666666666,-1.692047377326566
430,38.024,87.04206045396054,0.0,85.35001307663399,0.0,58.33333333333332,-1.692047377326566
431,38.024,114.37270412695628,0.0,112.68065674962972,0.0,59.999999999999986,-1.692047377326567
432,38.04,141.23624405635783,0.0,139.54419667903127,0.0,61.66666666666665,-1.692047377326566
433,38.04,183.3914554787069,0.0,181.69940810138033,0.0,63.33333333333333,-1.6920473773265652
434,38.04,212.74854473785828,0.0,211.05649736053172,0.0,65.0,-1.6920473773265652
435,38.04,206.05726949639305,0.0,204.3652221190665,0.0,66.66666666666667,-1.6920473773265652
436,38.04,178.75531575234086,0.0,177.0632683750143,0.0,68.33333333333333,-1.6920473773265634
437,38.04,173.70815567647404,0.0,172.01610829914748,0.0,70.0,-1.6920473773265634
438,40.484,195.79822972637848,0.0,194.10618234905192,0.0,71.66666666666667,-1.6920473773265599
439,45.452,171.36144847633417,0.0,169.66940109900762,0.0,73.33333333333333,-1.6920473773265599
440,48.34,130.39753597718035,0.0,128.0901986444623,0.0,75.0,-2.307337332718056
441,47.282,119.64613442726383,0.7380174858059001,118.07681458035168,0.0,77.27272727272728,-2.307337332718056
442,43.68,96.97333337499373,4.802384223041869,99.46838026531755,0.0,79.54545454545456,-2.307337332718049
443,42.685,64.64634235548935,11.835790488387437,74.17479551115873,0.0,81.81818181818183,-2.3073373327180455
444,39.167,57.88666845396459,10.148990995869635,65.72832211711619,0.0,84.0909090909091,-2.307337332718042
445,39.167,76.8485553658947,12.190074712962803,86.73129274613945,0.0,86.36363636363636,-2.307337332718042
446,38.777,81.33716834324974,3.6537105545933852,82.6835415651251,0.0,88.63636363636363,-2.30733733271804
447,38.637,156.88490172439634,0.2943247371161054,154.8718891287944,0.0,90.90909090909089,-2.30733733271804
448,39.61,293.86800735990033,0.0,291.5606700271823,0.0,93.18181818181816,-2.30733733271804
449,45.501,290.00973226284657,0.0,287.70239493012855,0.0,95.45454545454544,-2.30733733271804
450,40.033,288.13743280551574,0.0,285.8300954727977,0.0,97.7272727272727,-2.307337332718041
451,38.145,253.36776219628962,0.0,251.06042486357157,0.0,99.99999999999999,-2.30733733271804
452,38.04,222.35931139385607,0.0,220.05197406113803,0.0,102.27272727272725,-2.307337332718041
453,38.04,185.50988317283176,0.0,183.20254584011371,0.0,104.54545454545453,-2.307337332718042
454,38.04,161.40441861532275,0.0,159.0970812826047,0.0,106.81818181818181,-2.307337332718043
455,38.04,93.90182667220355,0.0,91.5944893394855,0.0,109.0909090909091,-2.307337332718043
456,38.158,55.321820955574076,0.0,53.014483622856034,0.0,111.36363636363637,-2.307337332718043
457,38.158,47.108526717127106,0.0,44.801189384409064,0.0,113.63636363636365,-2.307337332718043
458,38.158,42.75622124002682,0.0,40.448883907308776,0.0,115.90909090909092,-2.3073373327180438
459,38.158,36.716872180427366,0.0,34.409534847709324,0.0,118.1818181818182,-2.307337332718044
460,38.158,31.253242445369292,0.0,28.945905112651246,0.0,120.45454545454547,-2.307337332718044
461,38.506,28.277746883407644,0.0,25.970409550689602,0.0,122.72727272727275,-2.3073373327180438
462,38.808,31.976191585043473,0.0,29.66885425232543,0.0,125.0,-2.3073373327180433
463,44.121,33.54015711331911,0.0,31.232819780601066,0.0,127.27272727272728,-2.307337332718044
464,45.735,19.689189981480602,0.0,17.381852648762557,0.0,129.54545454545456,-2.307337332718044
465,41.771,14.267535171848731,1.4625525640474086,13.422750403178096,0.0,131.81818181818184,-2.307337332718044
466,39.227,26.544244784014577,17.38862587264067,41.625533323937205,0.0,134.0909090909091,-2.3073373327180446
467,38.046,33.26330599756386,39.67322363533143,70.62919230017724,0.0,136.36363636363637,-2.307337332718045
468,38.046,30.128732909181764,48.36864914555752,76.19004472202124,0.0,138.63636363636365,-2.3073373327180455
469,38.524,14.539837593411171,57.24951774874529,69.4820180094384,0.0,140.90909090909093,-2.3073373327180455
470,38.859,8.640173642850426,58.95936403759667,65.29220034772905,0.0,143.1818181818182,-2.307337332718045
471,40.38,13.69926300877843,3.6246041696609117,15.016529845721298,0.0,145.45454545454544,-2.307337332718045
472,52.718,22.686779939834775,0.0,20.37944260711673,0.0,147.72727272727272,-2.307337332718045
473,55.341,24.24910710584963,0.0,73.49910710584963,0.0,150.0,49.25
474,55.341,14.477184618747296,0.0,63.727184618747295,0.0,100.0,49.25
475,55.341,5.521810114654888,0.0,39.99681011465493,0.0,50.0,34.47500000000004
476,51.819,0.0,0.0,0.0,0.0,14.999999999999972,0.0
477,47.984,0.0,0.0,0.0,0.0,14.999999999999972,0.0
478,47.703,0.0,0.0,0.0,0.0,14.999999999999972,0.0
479,42.44,2.0025133569867695,0.0,0.0,0.0,14.999999999999972,-2.0025133569867677
480,39.285,16.151621514442535,0.0,13.35411400468078,0.0,16.97247565663194,-2.7975075097617563
481,36.494,40.49611722775802,0.0,37.69860971799626,0.0,19.72802055374727,-2.7975075097617563
482,35.36,57.940461711161035,0.0,55.14295420139928,0.0,22.4835654508626,-2.797507509761757
483,34.991,65.3883999542795,0.0,62.59089244451775,0.0,25.239110347977928,-2.797507509761757
484,34.991,96.0596592661033,0.0,93.26215175634154,0.0,27.994655245093256,-2.797507509761757
485,34.879,162.87852111610977,0.0,160.081013606348,0.0,30.750200142208584,-2.7975075097617577
486,35.119,284.9982034323181,0.0,282.20069592255635,0.0,33.5057450393239,-2.7975075097617577
487,35.096,327.6296966172894,0.0,300.0,24.832189107527668,36.261289936439226,-2.7975075097617577
488,34.847,319.0784873620249,0.0,300.0,16.280979852263116,39.016834833554555,-2.7975075097617577
489,34.402,239.33510706125946,0.0,236.5375995514977,0.0,41.77237973066988,-2.7975075097617577
490,34.128,116.30859538717198,0.6612536622764168,114.17234153968664,0.0,44.52792462778521,-2.7975075097617577
491,33.821,232.06911436878354,3.044395826804995,232.3160026858268,0.0,47.28346952490054,-2.7975075097617577
492,33.331,266.1827719109512,14.128030156752223,277.51329455794166,0.0,50.03901442201587,-2.7975075097617577
493,33.331,283.35492161394933,40.364144891961985,300.0,20.921558996149557,52.794559319131196,-2.797507509761758
494,33.331,231.97678844148632,53.52395183796311,282.70323276968765,0.0,55.55010421624651,-2.7975075097617585
495,33.646,248.67378020623295,2.5004409481141043,248.3767136445853,0.0,58.30564911336184,-2.7975075097617585
496,33.646,240.8761804811931,0.0,238.07867297143133,0.0,61.061194010477166,-2.7975075097617585
497,35.012,178.03049708223602,0.0,175.23298957247425,0.0,63.816738907592494,-2.797507509761758
498,34.333,170.19492554189625,0.0,167.39741803213448,0.0,66.57228380470784,-2.797507509761758
499,34.016,149.0431348347005,0.0,146.24562732493874,0.0,69.32782870182317,-2.7975075097617585
500,34.016,100.28159449836218,0.0,97.48408698860042,0.0,72.08337359893851,-2.797507509761759
501,34.016,44.756576974767306,0.0,41.95906946500555,0.0,74.83891849605384,-2.7975075097617585
502,34.016,58.63329323492737,0.0,55.835785725165614,0.0,77.59446339316916,-2.7975075097617585
503,34.016,60.078335027744544,0.0,57.280827517982786,0.0,80.35000829028448,-2.7975075097617585
504,33.201,49.91875339114603,0.0,47.121245881384276,0.0,83.10555318739982,-2.7975075097617585
505,33.201,36.36208304048813,0.0,33.56457553072637,0.0,85.86109808451515,-2.7975075097617585
506,33.201,28.14883580321583,0.0,25.351328293454074,0.0,88.61664298163048,-2.7975075097617585
507,33.201,25.062125782685712,0.0,22.264618272923954,0.0,91.3721878787458,-2.7975075097617585
508,33.201,25.64057677954003,0.0,22.843069269778272,0.0,94.12773277586115,-2.7975075097617577
509,33.234,33.54200002801839,0.0,30.744492518256635,0.0,96.88327767297648,-2.7975075097617577
510,33.274,51.95161752138965,0.0,49.15411001162789,0.0,99.6388225700918,-2.7975075097617585
511,34.638,65.83065394354085,0.0,63.033146433779095,0.0,102.39436746720713,-2.7975075097617594
512,33.913,61.27205785800789,0.0,58.47455034824613,0.0,105.14991236432245,-2.7975075097617585
513,33.556,50.42250124552807,2.4242744425845046,50.049268178350815,0.0,107.90545726143779,-2.7975075097617594
514,33.032,46.81581943577916,20.789882817234062,64.80819474325146,0.0,110.66100215855312,-2.797507509761761
515,32.986,41.04289427947538,29.297680633948865,67.54306740366248,0.0,113.41654705566845,-2.797507509761761
516,32.986,23.99819004957632,52.12247808050987,73.32316062032443,0.0,116.17209195278377,-2.797507509761761
517,33.039,21.347802599439504,43.45706331726836,62.007358406946096,0.0,118.92763684989912,-2.7975075097617594
518,33.234,23.67232139807741,43.71785592165301,64.59266980996867,0.0,121.68318174701446,-2.797507509761761
519,33.761,31.9060619176328,3.2895976783186858,32.39815208618973,0.0,124.43872664412979,-2.7975075097617594
520,35.106,28.931177623933493,0.0,26.133670114171736,0.0,127.19427154124513,-2.7975075097617577
521,37.358,19.71921844195534,0.0,16.921710932193584,0.0,129.94981643836047,-2.7975075097617577
522,38.747,11.174828550298841,0.0,8.377321040537083,0.0,132.7053613354758,-2.7975075097617577
523,39.253,7.385808482320044,0.0,4.588300972558283,0.0,135.46090623259113,-2.797507509761761
524,37.917,7.18460574922196,0.0,4.387098239460203,0.0,138.21645112970646,-2.7975075097617577
525,37.636,7.196258292087229,0.0,4.398750782325479,0.0,140.9719960268218,-2.7975075097617506
526,37.242,4.711494877031105,0.0,1.9139873672693613,0.0,143.72754092393714,-2.7975075097617434
527,35.535,3.9775910203022113,0.0,1.180083510540468,0.0,146.48308582105247,-2.7975075097617434
528,45.847,0.7729637379007273,0.0,0.0,0.0,149.2386307181678,-0.7729637379007243
529,45.847,0.0,0.0,0.0,0.0,150.0,0.0
530,45.847,0.0,0.0,0.0,0.0,150.0,0.0
531,45.847,0.0,0.0,0.0,0.0,150.0,0.0
532,45.847,0.0,0.0,0.0,0.0,150.0,0.0
533,45.847,0.0,0.0,0.0,0.0,150.0,0.0
534,46.308,0.8793435305646194,0.0,0.8793435305646194,0.0,150.0,0.0
535,63.653,5.546502622366221,0.0,5.546502622366221,0.0,150.0,0.0
536,63.686,9.184313528251392,0.0,9.184313528251392,0.0,150.0,0.0
537,47.282,12.0754205270423,2.1633475021428965,14.238768029185197,0.0,150.0,0.0
538,45.41,10.842750304667234,18.936756587292276,29.77950689195951,0.0,150.0,0.0
539,44.595,8.42968906178733,32.50219671734389,40.93188577913122,0.0,150.0,0.0
540,44.595,6.490647538198399,31.649033909401396,38.1396814475998,0.0,150.0,0.0
541,45.576,7.057375704887896,33.08175157946631,40.1391272843542,0.0,150.0,0.0
542,46.117,8.167021618700973,32.82247311885137,40.98949473755234,0.0,150.0,0.0
543,48.253,11.499539163170109,30.716209602654626,42.215748765824735,0.0,150.0,0.0
544,66.173,17.453474937708876,0.0,17.453474937708876,0.0,150.0,0.0
545,67.581,24.433171369922846,0.0,73.68317136992285,0.0,150.0,49.25
546,66.674,28.25456469336365,0.0,77.50456469336365,0.0,100.0,49.25
547,66.648,29.47466549729223,0.0,63.12184332326472,0.0,50.0,33.64717782597249
548,62.704,30.158252294464447,0.0,0.0,0.0,15.840428603073622,-30.158252294464447
549,59.516,29.902226281095324,0.0,0.0,0.0,45.5463071131211,-29.902226281095324
550,59.516,23.312937896861595,0.0,14.852701010228781,0.0,75.0,-8.460236886632813
551,56.845,28.932518978506113,0.0,20.4722820918733,0.0,83.33333333333331,-8.460236886632813
552,74.2,27.567224346111814,0.0,19.106987459479,0.0,91.66666666666664,-8.460236886632813
553,74.2,26.13944120681448,0.0,17.679204320181665,0.0,99.99999999999997,-8.460236886632817
554,74.2,25.879906085999288,0.0,17.41966919936647,0.0,108.3333333333333,-8.460236886632817
555,74.2,21.602285634828267,0.0,13.142048748195448,0.0,116.66666666666663,-8.460236886632819
556,74.2,18.5014021665979,0.0,10.041165279965078,0.0,124.99999999999997,-8.46023688663282
557,74.2,22.030382251942,0.0,13.570145365309179,0.0,133.33333333333331,-8.460236886632822
558,81.453,25.162868013631837,0.0,16.702631126999016,0.0,141.66666666666666,-8.460236886632822
559,107.312,25.107810072857013,0.0,74.357810072857,0.0,150.0,49.25
560,99.896,21.438584404913613,0.0,15.093406739938992,0.0,100.0,-6.34517766497462
561,77.273,16.442535631109365,2.537432963108328,12.634790929243074,0.0,106.25,-6.34517766497462
562,73.536,11.53364963125913,24.985440540044138,30.17391250632865,0.0,112.5,-6.345177664974617
563,72.544,13.985260664354186,54.25584280396005,61.895925803339615,0.0,118.75,-6.345177664974621
564,72.544,14.603776415091408,74.05133475868972,82.30993350880651,0.0,125.0,-6.345177664974617
565,73.652,9.86029138552049,74.33694843288467,77.85206215343055,0.0,131.25,-6.345177664974621
566,78.958,7.914080050295057,70.02258693888108,71.59148932420152,0.0,137.5,-6.345177664974614
567,82.748,8.710591178900543,46.89678771937311,49.26220123329904,0.0,143.75,-6.345177664974614
568,101.098,12.40370840759511,0.0,46.87870840759516,0.0,150.0,34.47500000000005
569,104.335,15.979118673416371,0.0,65.22911867341637,0.0,114.99999999999997,49.25
570,101.348,22.300356873416042,0.0,71.55035687341604,0.0,64.99999999999997,49.25
571,95.869,24.546387184845255,0.0,24.546387184845255,0.0,14.999999999999972,0.0
572,93.951,25.240147591413283,0.0,25.240147591413283,0.0,14.999999999999972,0.0
573,82.748,23.134161431183063,0.0,18.05801929920337,0.0,14.999999999999972,-5.076142131979695
574,75.38,23.32046632264126,0.0,18.244324190661565,0.0,19.999999999999968,-5.076142131979695
575,74.2,19.042198041774085,0.0,13.966055909794392,0.0,24.999999999999964,-5.076142131979695
576,71.265,18.978890438522978,0.0,13.902748306543284,0.0,29.99999999999997,-5.076142131979695
577,71.265,19.590697605427106,0.0,14.51455547344741,0.0,34.99999999999997,-5.0761421319796955
578,71.265,18.841156567570895,0.0,13.7650144355912,0.0,39.99999999999997,-5.0761421319796955
579,71.265,22.406839866654988,0.0,17.330697734675294,0.0,44.99999999999997,-5.076142131979694
580,71.265,27.504970517797865,0.0,22.42882838581817,0.0,49.99999999999998,-5.076142131979694
581,71.265,30.108549723792706,0.0,25.032407591813012,0.0,54.99999999999997,-5.076142131979694
582,89.337,36.262080526294916,0.0,31.185938394315222,0.0,59.99999999999997,-5.076142131979694
583,110.647,45.6630403005465,0.0,94.9130403005465,0.0,64.99999999999997,49.25
584,94.451,53.220272698643335,0.0,53.220272698643335,0.0,14.999999999999972,0.0
585,77.905,50.51462434707297,10.023128149702044,60.53775249677501,0.0,14.999999999999972,0.0
586,70.185,42.21361452460579,47.32320000909047,89.53681453369626,0.0,14.999999999999972,0.0
587,67.347,44.04427265262019,71.65641283163168,115.70068548425186,0.0,14.999999999999972,0.0
588,67.347,43.99694654722995,83.22727589562534,127.2242224428553,0.0,14.999999999999973,0.0
589,67.347,42.331428448595524,90.3980876827471,132.72951613134262,0.0,14.999999999999972,0.0
590,70.523,46.591684375188294,75.51299515725962,122.10467953244792,0.0,14.999999999999972,0.0
591,61.51,59.86691457838101,47.16817098978173,107.03508556816274,0.0,14.999999999999972,0.0
592,61.501,80.15532699996024,0.0,80.15532699996024,0.0,14.999999999999972,0.0
593,69.883,96.8960822473221,0.0,96.8960822473221,0.0,14.999999999999972,0.0
594,62.549,107.7741585864788,0.0,107.7741585864788,0.0,14.999999999999972,0.0
595,60.462,118.35250432138045,0.0,118.35250432138045,0.0,14.999999999999972,0.0
596,60.462,121.6035747507513,0.0,121.6035747507513,0.0,14.999999999999972,0.0
597,58.519,126.19244201907445,0.0,126.19244201907445,0.0,14.999999999999972,0.0
598,58.519,147.3799128717477,0.0,147.3799128717477,0.0,14.999999999999972,0.0
599,58.519,161.9664795263369,0.0,160.96789418889827,0.0,14.999999999999972,-0.9985853374386291
600,41.82,171.6765974124062,0.0,170.67801207496757,0.0,15.983606557377009,-0.9985853374386291
601,41.473,174.46994153464738,0.0,173.47135619720873,0.0,16.967213114754067,-0.9985853374386291
602,41.473,182.59484119465273,0.0,181.5962558572141,0.0,17.95081967213111,-0.9985853374386291
603,41.473,195.1901919272292,0.0,194.19160658979055,0.0,18.934426229508155,-0.9985853374386291
604,41.473,210.72542131765877,0.0,209.72683598022013,0.0,19.918032786885206,-0.9985853374386291
605,43.061,218.6392376308687,0.0,217.64065229343007,0.0,20.90163934426225,-0.9985853374386291
606,46.522,227.24891803803075,0.0,226.2503327005921,0.0,21.88524590163931,-0.9985853374386291
607,57.352,248.0736293369926,0.0,247.07504399955397,0.0,22.868852459016367,-0.9985853374386291
608,47.925,259.5134475884888,0.0,258.5148622510502,0.0,23.852459016393418,-0.9985853374386291
609,43.203,267.1952710655304,3.3159056240982596,269.51259135219004,0.0,24.83606557377047,-0.9985853374386291
610,40.911,282.22979687347834,31.821008846872434,300.0,13.052220382912123,25.81967213114752,-0.9985853374386291
611,38.89,257.0445119882611,68.73254057219211,300.0,24.77846722301454,26.803278688524564,-0.9985853374386292
612,38.89,267.6930596623796,87.76073995441108,300.0,54.455214279352035,27.78688524590161,-0.9985853374386292
613,38.89,268.1351054045907,82.85064586836168,300.0,49.987165935513744,28.77049180327866,-0.9985853374386293
614,41.551,316.82341755626624,77.79418830402156,300.0,93.61902052284914,29.754098360655703,-0.9985853374386293
615,43.834,320.26520797459494,49.657210316324864,300.0,68.92383295348121,30.737704918032755,-0.9985853374386292
616,47.408,323.7606206353277,0.0,300.0,22.76203529788908,31.721311475409806,-0.9985853374386292
617,47.925,329.47338905224484,0.0,300.0,28.47480371480621,32.70491803278686,-0.9985853374386291
618,46.543,323.1947638403303,0.0,300.0,22.196178502891694,33.68852459016391,-0.9985853374386292
619,44.854,316.71574993676245,0.0,300.0,15.71716459932382,34.67213114754095,-0.9985853374386293
620,42.757,318.3818515027945,0.0,300.0,17.383266165355888,35.655737704917996,-0.9985853374386293
621,41.922,317.15304889070126,0.0,300.0,16.154463553262627,36.63934426229505,-0.9985853374386294
622,41.59,283.45320037912603,0.0,282.4546150416874,0.0,37.62295081967209,-0.9985853374386295
623,41.473,270.80311023934763,0.0,269.804524901909,0.0,38.60655737704914,-0.9985853374386295
624,39.077,256.2309247679832,0.0,255.23233943054456,0.0,39.59016393442619,-0.9985853374386298
625,39.077,247.41649270375555,0.0,246.4179073663169,0.0,40.57377049180323,-0.99858533743863
626,39.077,243.6198714652855,0.0,242.62128612784687,0.0,41.55737704918029,-0.9985853374386298
627,39.077,215.770228398561,0.0,214.77164306112235,0.0,42.54098360655735,-0.9985853374386295
628,39.077,183.43828827982537,0.0,182.43970294238673,0.0,43.524590163934405,-0.9985853374386295
629,39.641,160.43706352090913,0.0,159.4384781834705,0.0,44.50819672131145,-0.9985853374386293
630,44.417,142.68487962716355,0.0,141.6862942897249,0.0,45.49180327868851,-0.9985853374386291
631,48.425,138.52016223127467,0.0,137.52157689383603,0.0,46.475409836065566,-0.9985853374386293
632,47.162,134.89656395391378,0.0,133.89797861647514,0.0,47.459016393442624,-0.9985853374386293
633,47.419,128.38919655657395,0.849485523873156,128.24009674300848,0.0,48.44262295081967,-0.9985853374386293
634,47.925,102.18493686175626,2.755047528246429,103.94139905256405,0.0,49.42622950819671,-0.9985853374386298
635,48.273,114.79886313155929,3.898265155339433,117.69854294946009,0.0,50.409836065573764,-0.9985853374386298
636,47.514,107.36075098099207,3.875233103212895,110.23739874676633,0.0,51.393442622950815,-0.9985853374386293
637,48.737,111.90365736629829,6.324165403255219,117.22923743211489,0.0,52.37704918032786,-0.9985853374386298
638,50.331,108.20429848287075,3.760850867675123,110.96656401310725,0.0,53.36065573770492,-0.9985853374386293
639,56.401,79.823021002807,6.173893514116967,84.99832917948534,0.0,54.344262295081975,-0.9985853374386293
640,56.401,84.28363062987582,0.0,83.28504529243719,0.0,55.32786885245902,-0.9985853374386298
641,56.401,91.70741319708029,0.0,90.70882785964166,0.0,56.31147540983606,-0.9985853374386298
642,56.401,94.86548521614478,0.0,93.86689987870615,0.0,57.29508196721311,-0.9985853374386302
643,50.878,88.06085082502605,0.0,87.06226548758742,0.0,58.278688524590166,-0.9985853374386306
644,49.921,91.41506660555198,0.0,90.41648126811336,0.0,59.26229508196721,-0.9985853374386302
645,47.794,93.66223890041373,0.0,92.6636535629751,0.0,60.245901639344254,-0.9985853374386302
646,46.852,80.52624823108079,0.0,79.52766289364216,0.0,61.229508196721305,-0.9985853374386311
647,46.852,76.7380886436844,0.0,75.73950330624578,0.0,62.21311475409834,-0.9985853374386311
648,52.739,70.50727307120442,0.0,69.5086877337658,0.0,63.19672131147539,-0.998585337438632
649,52.739,69.36836413998955,0.0,68.36977880255093,0.0,64.18032786885243,-0.998585337438632
650,52.739,67.70280634666418,0.0,66.70422100922555,0.0,65.16393442622947,-0.998585337438632
651,52.739,63.328707211160705,0.0,62.33012187372207,0.0,66.14754098360652,-0.9985853374386329
652,52.739,58.155414256221206,0.0,57.15682891878257,0.0,67.13114754098358,-0.998585337438632
653,52.739,52.05215770298767,0.0,51.05357236554904,0.0,68.11475409836063,-0.998585337438632
654,52.739,48.270788848703155,0.0,47.27220351126452,0.0,69.09836065573768,-0.998585337438632
655,52.739,46.969895365188826,0.0,45.97131002775019,0.0,70.08196721311474,-0.998585337438632
656,57.651,47.26571505405778,0.0,46.26712971661915,0.0,71.0655737704918,-0.9985853374386302
657,67.193,46.44496688004797,2.698103533289435,48.14448507589878,0.0,72.04918032786885,-0.9985853374386267
658,68.138,44.35665986043851,9.79797554731434,53.15605007031423,0.0,73.03278688524591,-0.9985853374386195
659,68.138,33.30659061613424,9.791401284332862,42.09940656302848,0.0,74.01639344262296,-0.9985853374386195
660,68.138,30.81185028270242,13.324825685471758,63.83667596817419,0.0,75.0,19.700000000000014
661,68.138,31.70618872453424,13.287875141025026,64.69406386555929,0.0,55.0,19.700000000000014
662,70.365,27.0220856659461,12.329231841486108,59.051317507432216,0.0,34.999999999999986,19.700000000000014
663,72.478,28.121229259172683,16.837276671353496,43.10640001750656,0.0,14.999999999999972,-1.8521059130196194
664,53.608,30.16908020569487,0.0,28.316974292675248,0.0,16.824324324324298,-1.8521059130196194
665,57.651,30.138556086928578,0.0,28.286450173908957,0.0,18.648648648648624,-1.8521059130196194
666,57.651,29.23464077982372,0.0,27.3825348668041,0.0,20.47297297297294,-1.8521059130196194
667,52.739,27.5169034672492,0.0,25.66479755422958,0.0,22.297297297297263,-1.8521059130196194
668,52.739,24.803680311558065,0.0,22.951574398538444,0.0,24.121621621621586,-1.8521059130196191
669,52.739,21.68557864622491,0.0,19.83347273320529,0.0,25.945945945945894,-1.8521059130196191
670,54.996,20.491148840886808,0.0,18.639042927867187,0.0,27.770270270270217,-1.8521059130196194
671,53.082,21.750407395225885,0.0,19.898301482206264,0.0,29.594594594594525,-1.8521059130196194
672,43.279,22.957313680754996,0.0,21.105207767735376,0.0,31.41891891891885,-1.8521059130196194
673,43.279,24.483168566860847,0.0,22.631062653841227,0.0,33.24324324324317,-1.8521059130196196
674,43.279,31.01246717598261,0.0,29.16036126296299,0.0,35.067567567567494,-1.8521059130196194
675,43.279,37.10594537298084,0.0,35.25383945996122,0.0,36.89189189189183,-1.8521059130196191
676,43.279,43.20023752799078,0.0,41.34813161497116,0.0,38.71621621621618,-1.8521059130196191
677,43.418,41.75915483669517,0.0,39.907048923675546,0.0,40.54054054054049,-1.8521059130196191
678,43.718,39.37485102764284,0.0,37.52274511462322,0.0,42.36486486486483,-1.852105913019619
679,45.598,40.47980303975242,0.0,38.6276971267328,0.0,44.18918918918915,-1.8521059130196187
680,47.232,38.56389848633898,0.0,36.71179257331936,0.0,46.01351351351347,-1.8521059130196187
681,59.216,36.6794467478405,1.8337667968325695,36.66110763165345,0.0,47.83783783783781,-1.8521059130196185
682,62.151,52.07089474519549,8.422463625627527,58.6412524578034,0.0,49.66216216216213,-1.8521059130196185
683,62.151,60.32928001550031,17.42683142658258,75.90400552906328,0.0,51.48648648648647,-1.8521059130196185
684,55.957,46.91169134666937,17.957454123747844,63.01703955739759,0.0,53.31081081081082,-1.8521059130196182
685,54.206,49.15388528100989,8.022921663666988,55.32470103165726,0.0,55.13513513513516,-1.8521059130196182
686,47.925,63.56280783031893,10.726926558265673,72.43762847556499,0.0,56.95945945945948,-1.8521059130196182
687,45.636,58.362670308343745,8.976821521706801,65.48738591703093,0.0,58.783783783783804,-1.8521059130196182
688,44.412,70.98623472682831,0.0,69.1341288138087,0.0,60.60810810810813,-1.8521059130196182
689,44.203,81.71079536685056,0.0,79.85868945383095,0.0,62.43243243243245,-1.852105913019618
690,44.203,80.69621487903288,0.0,78.84410896601327,0.0,64.25675675675677,-1.8521059130196182
691,43.144,81.12222834597024,0.0,79.27012243295063,0.0,66.0810810810811,-1.8521059130196182
692,43.144,90.65039603585268,0.0,88.79829012283307,0.0,67.90540540540542,-1.852105913019618
693,43.144,98.4852875949399,0.0,96.63318168192029,0.0,69.72972972972974,-1.852105913019618
694,43.144,107.94371599460851,0.0,106.0916100815889,0.0,71.55405405405406,-1.852105913019618
695,43.144,107.89943670641523,0.0,106.04733079339562,0.0,73.37837837837839,-1.8521059130196182
696,42.902,110.22588106982337,0.0,108.37377515680376,0.0,75.20270270270271,-1.8521059130196182
697,42.902,114.54819331510969,0.0,112.69608740209007,0.0,77.02702702702703,-1.852105913019618
698,42.902,116.78840698713967,0.0,114.93630107412005,0.0,78.85135135135135,-1.8521059130196185
699,42.902,113.21834031136605,0.0,111.36623439834644,0.0,80.67567567567566,-1.8521059130196185
700,42.902,106.08046898755762,0.0,104.22836307453801,0.0,82.49999999999999,-1.852105913019619
701,42.902,104.10150423771549,0.0,102.24939832469587,0.0,84.3243243243243,-1.8521059130196194
702,47.678,108.40496552141899,0.0,106.55285960839937,0.0,86.1486486486486,-1.8521059130196198
703,47.678,120.42105318897416,0.0,118.56894727595454,0.0,87.97297297297294,-1.8521059130196198
704,47.496,140.4708875877936,0.0,138.618781674774,0.0,89.79729729729726,-1.8521059130196198
705,45.888,155.39723547813102,8.858931488449702,162.40406105356112,0.0,91.62162162162159,-1.8521059130196202
706,47.493,180.3175045180951,48.55219489297563,227.0175934980511,0.0,93.44594594594591,-1.8521059130196198
707,47.496,183.46624268978093,83.06440345071438,264.6785402274757,0.0,95.27027027027023,-1.8521059130196198
708,46.734,175.47328067295965,96.54593157742562,270.1671063373657,0.0,97.09459459459455,-1.8521059130196207
709,47.471,170.47377681963403,95.7362102270484,264.35788113366283,0.0,98.91891891891889,-1.8521059130196207
710,47.925,166.01884114966293,82.44330709101449,246.61004232765782,0.0,100.74324324324321,-1.8521059130196207
711,49.419,164.6163114538778,55.81862092691494,218.58282646777315,0.0,102.56756756756754,-1.8521059130196216
712,50.628,165.32039891825377,0.3937665139668341,163.86205951920098,0.0,104.39189189189186,-1.8521059130196216
713,50.628,160.24309924231807,0.0,158.39099332929845,0.0,106.2162162162162,-1.8521059130196207
714,48.903,156.6879081124324,0.0,154.8358021994128,0.0,108.0405405405405,-1.8521059130196216
715,48.737,152.3652054104464,0.0,150.5130994974268,0.0,109.86486486486484,-1.8521059130196216
716,47.471,151.09921968201402,0.0,149.2471137689944,0.0,111.68918918918916,-1.8521059130196216
717,43.613,150.9897509752037,0.0,149.13764506218408,0.0,113.51351351351349,-1.8521059130196225
718,45.631,154.52970109035917,0.0,152.67759517733955,0.0,115.33783783783781,-1.8521059130196225
719,42.902,146.47478020709616,0.0,144.62267429407655,0.0,117.16216216216213,-1.8521059130196234
720,53.75,138.16572218532548,0.0,136.31361627230586,0.0,118.98648648648647,-1.8521059130196234
721,53.75,132.40341326818074,0.0,130.55130735516113,0.0,120.81081081081079,-1.8521059130196225
722,53.75,128.67739865980903,0.0,126.8252927467894,0.0,122.63513513513512,-1.8521059130196225
723,53.75,124.69687976298002,0.0,122.84477384996039,0.0,124.45945945945944,-1.8521059130196225
724,53.75,125.62429375303313,0.0,123.7721878400135,0.0,126.28378378378376,-1.8521059130196225
725,53.75,125.15529251516661,0.0,123.30318660214698,0.0,128.1081081081081,-1.8521059130196225
726,63.362,117.52353289734602,0.0,115.67142698432639,0.0,129.93243243243242,-1.8521059130196207
727,81.04,120.37318215950694,0.0,118.52107624648733,0.0,131.75675675675674,-1.8521059130196207
728,52.118,128.4380009147047,0.0,126.58589500168509,0.0,133.58108108108107,-1.8521059130196207
729,48.245,132.15794418524212,14.738621718796443,145.04445999101895,0.0,135.4054054054054,-1.8521059130196207
730,46.426,134.46481085956808,44.684045332464684,177.29675027901314,0.0,137.2297297297297,-1.8521059130196207
731,45.409,173.6989313774829,78.94387785374637,250.79070331820964,0.0,139.05405405405403,-1.8521059130196207
732,45.409,110.50783744266877,85.60607753126011,194.2618090609093,0.0,140.87837837837836,-1.8521059130196242
733,45.409,92.6242272713036,91.73981805306558,182.51193941134954,0.0,142.70270270270268,-1.8521059130196207
734,47.027,75.63646490787845,82.66289382509166,156.4472528199505,0.0,144.52702702702703,-1.8521059130196136
735,51.897,80.24214349627177,55.903020764763525,134.29305834801568,0.0,146.35135135135135,-1.8521059130196136
736,74.436,89.51194482940028,0.6330922026470198,88.29293111902768,0.0,148.17567567567568,-1.8521059130196136
737,78.285,92.13051725046839,0.0,141.3805172504684,0.0,150.0,49.25
738,78.285,95.28376137420555,0.0,144.53376137420554,0.0,100.0,49.25
739,75.779,92.36106818504479,0.0,87.7463935196087,0.0,50.0,-4.614674665436089
740,63.362,84.7170623526411,0.0,80.10238768720501,0.0,54.54545454545455,-4.614674665436089
741,55.267,77.86353185578439,0.0,73.2488571903483,0.0,59.09090909090909,-4.614674665436089
742,56.695,63.148132660428075,0.0,58.533457994991984,0.0,63.63636363636364,-4.614674665436089
743,56.695,47.636151305434716,0.0,43.021476639998625,0.0,68.18181818181817,-4.614674665436091
744,62.791,34.26689130867149,0.0,29.6522166432354,0.0,72.72727272727272,-4.614674665436092
745,62.791,29.390593211799676,0.0,24.775918546363584,0.0,77.27272727272725,-4.614674665436091
746,62.791,28.11205367311083,0.0,23.497379007674738,0.0,81.8181818181818,-4.614674665436091
747,62.791,26.82426119761799,0.0,22.2095865321819,0.0,86.36363636363635,-4.614674665436092
748,62.791,29.67225354951154,0.0,25.05757888407545,0.0,90.90909090909088,-4.614674665436092
749,62.791,33.648738813511414,0.0,29.034064148075323,0.0,95.45454545454541,-4.614674665436093
750,62.791,36.02056781069358,0.0,31.405893145257487,0.0,99.99999999999996,-4.614674665436091
751,82.368,35.93576138738557,0.0,31.321086721949477,0.0,104.5454545454545,-4.614674665436091
752,55.046,31.64864957984701,0.0,27.03397491441092,0.0,109.09090909090904,-4.614674665436093
753,46.426,28.089065087462274,7.3849610956241305,30.85935151765031,0.0,113.63636363636357,-4.614674665436093
754,45.412,21.282002909492093,31.638639453195932,48.30596769725193,0.0,118.18181818181813,-4.614674665436095
755,43.865,29.68282071110243,57.171385306592704,82.23953135225904,0.0,122.72727272727268,-4.614674665436095
756,43.464,27.09260602947981,76.97227701972113,99.45020838376485,0.0,127.27272727272722,-4.614674665436098
757,43.464,23.1983658551171,73.03200394275756,91.61569513243856,0.0,131.81818181818176,-4.614674665436098
758,44.823,18.983290207933628,71.20511101253743,85.57372655503497,0.0,136.36363636363632,-4.614674665436098
759,48.65,20.741581811700463,51.91090680244537,68.03781394870973,0.0,140.90909090909088,-4.614674665436098
760,78.765,26.711390136143788,0.7860856895374588,22.882801160245148,0.0,145.45454545454544,-4.614674665436098
761,89.441,36.10884642526355,0.0,85.35884642526355,0.0,150.0,49.25
762,88.404,40.015697135309004,0.0,89.26569713530901,0.0,100.0,49.25
763,86.256,37.60842407733986,0.0,67.3004373205744,0.0,50.0,29.692013243234545
764,81.114,32.31061144531627,0.0,22.590538536016012,0.0,19.855824118543616,-9.720072909300256
765,65.127,24.956257818871215,0.0,15.236184909570959,0.0,29.430095934204367,-9.720072909300256
766,64.53,18.571301261825298,0.0,8.851228352525041,0.0,39.00436774986512,-9.720072909300256
767,63.359,13.3385563530904,0.0,3.6184834437901436,0.0,48.57863956552587,-9.720072909300256
768,79.091,9.720072909300256,0.0,0.0,0.0,58.15291138118662,-9.720072909300256
769,79.091,7.383570358530596,0.0,0.0,0.0,67.72718319684738,-7.383570358530591
770,79.091,5.580910296470384,0.0,1.2215836911620093,0.0,75.0,-4.359326605308374
771,79.091,4.498499908540785,0.0,0.13917330323241028,0.0,79.29393670622875,-4.359326605308374
772,79.091,4.990229406126492,0.0,0.6309028008181174,0.0,83.5878734124575,-4.359326605308374
773,79.091,4.837984676304485,0.0,0.4786580709961106,0.0,87.88181011868625,-4.359326605308374
774,81.995,4.359326605308381,0.0,0.0,0.0,92.175746824915,-4.359326605308374
775,88.524,3.0726392193360406,0.0,0.0,0.0,96.46968353114374,-3.0726392193360397
776,83.621,2.0926500523212983,0.0,0.0,0.0,99.49623316218974,-2.0926500523212965
777,63.379,0.0,4.777681176928208,0.0,0.0,101.55749346372622,-4.777681176928204
778,58.585,0.0,28.791985566316086,24.01430438938788,0.0,106.2635094230005,-4.777681176928204
779,49.871,0.0,58.470632112781914,53.69295093585371,0.0,110.96952538227478,-4.777681176928204
780,49.871,0.0,73.70248914524818,68.92480796831998,0.0,115.67554134154906,-4.777681176928204
781,58.057,0.0,60.41981687574921,55.64213569882101,0.0,120.38155730082335,-4.777681176928204
782,61.756,0.0,51.80542699478221,47.027745817854004,0.0,125.08757326009763,-4.777681176928204
783,87.865,0.0,53.289032407065804,48.5113512301376,0.0,129.7935892193719,-4.777681176928204
784,96.785,0.0,0.851603103861278,0.0,0.0,134.4996051786462,-0.8516031038612722
785,113.312,0.0,0.0,49.25,0.0,135.33843423594953,49.25
786,112.807,0.0,0.0,49.25,0.0,85.33843423594953,49.25
787,107.746,0.0,0.0,20.03335772241033,0.0,35.33843423594954,20.03335772241033
788,90.36,0.0,0.0,0.0,0.0,14.999999999999972,0.0
789,90.36,0.0,0.0,0.0,0.0,14.999999999999972,0.0
790,79.7,0.0,0.0,0.0,0.0,14.999999999999972,0.0
791,79.091,3.5467780737593038,0.0,3.5467780737593038,0.0,14.999999999999972,0.0
792,74.709,12.6758054834256,0.0,12.6758054834256,0.0,14.999999999999972,0.0
793,74.709,19.90061362061666,0.0,19.90061362061666,0.0,14.999999999999972,0.0
794,74.709,24.608916824789368,0.0,24.608916824789368,0.0,14.999999999999972,0.0
795,74.709,27.269062073658127,0.0,27.269062073658127,0.0,14.999999999999972,0.0
796,74.709,27.697777010594418,0.0,27.697777010594418,0.0,14.999999999999972,0.0
797,74.709,34.25845663797224,0.0,34.25845663797224,0.0,14.999999999999972,0.0
798,76.381,44.219998996697456,0.0,44.219998996697456,0.0,14.999999999999972,0.0
799,99.721,54.17125698934211,0.0,54.17125698934211,0.0,14.999999999999972,0.0
800,80.217,57.50624381814452,0.0,40.37426412271304,0.0,14.999999999999972,-17.131979695431475
801,80.005,48.70419075576272,27.509253515355166,59.081464575686404,0.0,31.874999999999975,-17.131979695431475
802,64.577,26.543325073936437,69.30948249148152,78.72082786998648,0.0,48.74999999999998,-17.131979695431472
803,57.787,33.378961356808134,97.32842760073719,113.57540926211385,0.0,65.62499999999999,-17.131979695431475
804,57.787,20.934380561953883,100.0,103.80240086652242,0.0,82.49999999999999,-17.131979695431472
805,59.109,14.872552417283503,100.0,97.74057272185203,0.0,99.375,-17.13197969543147
806,72.887,11.436647015449156,81.60250034511317,75.90716766513086,0.0,116.25,-17.13197969543147
807,89.223,10.635161156652993,56.078980447322515,49.58216190854404,0.0,133.125,-17.13197969543147
808,94.355,7.930997895765333,0.997675753822428,8.928673649587761,0.0,150.0,0.0
809,122.34,6.746722840321119,0.0,55.99672284032112,0.0,150.0,49.25
810,121.195,6.614423105646513,0.0,55.864423105646516,0.0,100.0,49.25
811,106.203,4.836229777615178,0.0,39.31122977761522,0.0,50.0,34.47500000000004
812,91.433,4.3609576751338945,0.0,4.3609576751338945,0.0,14.999999999999972,0.0
813,87.651,3.005312672409252,0.0,3.005312672409252,0.0,14.999999999999973,0.0
814,88.809,0.0,0.0,0.0,0.0,14.999999999999972,0.0
815,87.269,0.04943814046409021,0.0,0.0,0.0,14.999999999999972,-0.04943814046408335
816,80.678,0.8211540977500489,0.0,0.0,0.0,15.048696568357094,-0.8211540977500462
817,80.587,2.1269216361720322,0.0,0.0,0.0,15.85753335464089,-2.1269216361720282
818,80.587,3.2700189388260057,0.0,0.08575844246528508,0.0,17.952551166270336,-3.1842604963607206
819,80.587,4.121608556676929,0.0,0.9373480603162081,0.0,21.089047755185646,-3.1842604963607206
820,80.587,5.486480938554862,0.0,2.3022204421941415,0.0,24.225544344100946,-3.18426049636072
821,80.587,6.4706366484661935,0.0,3.286376152105473,0.0,27.36204093301626,-3.1842604963607206
822,80.587,6.6179541881238,0.0,3.4336936917630796,0.0,30.49853752193156,-3.1842604963607206
823,80.587,6.7668148435144975,0.0,3.5825543471537773,0.0,33.635034110846874,-3.18426049636072
824,78.373,5.7990160001651345,0.0,2.614755503804415,0.0,36.77153069976218,-3.1842604963607197
825,66.198,2.6142653985799438,22.605851887392646,22.03585678961187,0.0,39.90802728867749,-3.1842604963607197
826,61.501,0.7554550790037212,55.11886254697161,52.690057129614615,0.0,43.04452387759281,-3.1842604963607197
827,61.226,1.952847649220556,93.57323734750818,92.34182450036802,0.0,46.181020466508116,-3.1842604963607206
828,61.226,1.6506205501945987,100.0,98.46636005383388,0.0,49.31751705542342,-3.1842604963607197
829,61.501,0.13465748987857376,100.0,96.95039699351786,0.0,52.45401364433874,-3.184260496360718
830,66.256,0.052986108808966655,91.08504856749195,87.9537741799402,0.0,55.59051023325405,-3.184260496360718
831,83.138,1.8690126039326243,63.26168461770308,61.946436725274985,0.0,58.72700682216936,-3.1842604963607144
832,91.453,3.4496998459050117,1.976599282261234,2.2420386318055314,0.0,61.863503411084665,-3.1842604963607144
833,104.639,5.024228377091223,0.0,54.27422837709122,0.0,64.99999999999997,49.25
834,102.066,11.288895911329726,0.0,11.288895911329726,0.0,14.999999999999972,0.0
835,87.893,18.465451163490158,0.0,17.111813261628907,0.0,14.999999999999972,-1.3536379018612528
836,83.144,22.774452671635764,0.0,21.420814769774513,0.0,16.333333333333307,-1.3536379018612528
837,83.144,30.819602095125777,0.0,29.465964193264526,0.0,17.666666666666643,-1.3536379018612528
838,79.724,41.53784885326643,0.0,40.18421095140518,0.0,18.99999999999998,-1.3536379018612528
839,79.724,55.86686965402204,0.0,54.513231752160785,0.0,20.333333333333307,-1.3536379018612528
840,73.107,62.406158547283354,0.0,61.0525206454221,0.0,21.666666666666643,-1.3536379018612528
841,73.107,56.30708190156268,0.0,54.95344399970143,0.0,22.99999999999998,-1.3536379018612528
842,73.107,52.957028768876484,0.0,51.60339086701523,0.0,24.333333333333307,-1.3536379018612528
843,73.107,52.30771008004224,0.0,50.954072178180986,0.0,25.666666666666643,-1.3536379018612528
844,73.107,54.52149578056551,0.0,53.167857878704254,0.0,26.99999999999998,-1.3536379018612528
845,72.95,58.51578015487187,0.0,57.162142253010614,0.0,28.333333333333307,-1.353637901861253
846,72.95,66.25511052155386,0.0,64.90147261969261,0.0,29.66666666666665,-1.3536379018612528
847,72.95,77.00168123637678,0.0,75.64804333451553,0.0,30.999999999999993,-1.3536379018612525
848,58.483,90.54900182390294,0.0,89.1953639220417,0.0,32.33333333333333,-1.3536379018612525
849,48.489,90.65550136579644,5.237973080536161,94.53983654447136,0.0,33.666666666666664,-1.3536379018612523
850,46.079,79.59959283430832,20.079592680598633,98.32554761304571,0.0,35.0,-1.3536379018612523
851,45.843,76.30695692763257,30.422700107394313,105.37601913316564,0.0,36.333333333333336,-1.3536379018612525
852,45.843,75.51124068171484,42.72542533911629,116.88302811896989,0.0,37.66666666666668,-1.3536379018612525
853,46.079,68.60429182097442,42.79421800907727,110.04487192819045,0.0,39.00000000000001,-1.3536379018612525
854,55.222,59.23953997161524,24.43279273044008,82.31869480019407,0.0,40.333333333333336,-1.353637901861253
855,73.5,53.856157407527945,30.031877519020444,82.53439702468714,0.0,41.66666666666667,-1.353637901861253
856,77.823,69.14628660271225,0.44341310983056526,68.23606181068156,0.0,43.0,-1.3536379018612528
857,78.243,77.3707162363765,0.0,76.01707833451525,0.0,44.33333333333333,-1.353637901861253
858,75.344,77.23022275443189,0.0,75.87658485257064,0.0,45.66666666666667,-1.3536379018612528
859,75.344,77.91542321373907,0.0,76.56178531187783,0.0,47.00000000000001,-1.3536379018612528
860,74.951,80.79866543527174,0.0,79.4450275334105,0.0,48.33333333333334,-1.3536379018612528
861,73.5,79.04546730163773,0.0,77.69182939977648,0.0,49.66666666666667,-1.3536379018612532
862,72.95,80.49018423796561,0.0,79.13654633610436,0.0,51.0,-1.3536379018612537
863,72.95,71.8843545087825,0.0,70.53071660692125,0.0,52.33333333333334,-1.3536379018612537
864,73.067,68.15589039295847,0.0,66.80225249109722,0.0,53.66666666666667,-1.3536379018612532
865,73.067,62.83743550622988,0.0,61.483797604368625,0.0,55.0,-1.3536379018612532
866,73.067,60.07159989345267,0.0,58.717961991591416,0.0,56.333333333333336,-1.3536379018612532
867,73.067,62.18830930752223,0.0,60.83467140566098,0.0,57.66666666666667,-1.3536379018612532
868,73.067,62.3791913357492,0.0,61.02555343388794,0.0,59.0,-1.3536379018612532
869,73.067,65.45697964811419,0.0,64.10334174625294,0.0,60.333333333333336,-1.3536379018612523
870,72.842,75.03143261709205,0.0,73.6777947152308,0.0,61.666666666666664,-1.3536379018612523
871,75.605,82.18107744530701,0.0,80.82743954344576,0.0,62.99999999999999,-1.3536379018612532
872,75.211,80.47166898864111,0.0,79.11803108677987,0.0,64.33333333333331,-1.3536379018612532
873,73.214,70.18595166005231,20.322402311231446,89.1547160694225,0.0,65.66666666666666,-1.3536379018612532
874,59.833,59.084790608851264,52.465430092135975,110.19658279912599,0.0,67.0,-1.3536379018612514
875,50.343,57.89283497290788,69.89097799388436,126.43017506493099,0.0,68.33333333333334,-1.3536379018612514
876,50.343,50.858337024721834,86.80757224404415,136.31227136690472,0.0,69.66666666666667,-1.3536379018612479
877,52.739,39.461219376379944,93.02438133844983,131.13196281296854,0.0,71.00000000000001,-1.3536379018612479
878,69.261,29.700594575548184,79.85873554675001,108.20569222043694,0.0,72.33333333333334,-1.3536379018612479
879,86.737,28.49108713255794,58.779800725298884,85.91724995599557,0.0,73.66666666666667,-1.3536379018612479
880,104.938,27.97431911920961,2.5634616434984783,30.53778076270809,0.0,75.0,0.0
881,105.461,31.24012338429023,0.0,31.24012338429023,0.0,75.0,0.0
882,105.461,29.911494169955322,0.0,39.761494169955355,0.0,75.0,9.850000000000037
883,105.461,32.6409020918222,0.0,81.8909020918222,0.0,64.99999999999997,49.25
884,105.461,31.829727837677726,0.0,31.829727837677726,0.0,14.999999999999972,0.0
885,95.559,28.58741338703182,0.0,28.58741338703182,0.0,14.999999999999972,0.0
886,95.699,36.76523502963751,0.0,36.76523502963751,0.0,14.999999999999972,0.0
887,86.939,27.924098615704253,0.0,27.924098615704253,0.0,14.999999999999972,0.0
888,89.548,13.273507005563385,0.0,13.273507005563385,0.0,14.999999999999972,0.0
889,89.548,6.227193628415259,0.0,6.227193628415259,0.0,14.999999999999972,0.0
890,89.548,4.605656374086278,0.0,4.605656374086278,0.0,14.999999999999972,0.0
891,89.548,3.6946111640771413,0.0,3.6946111640771413,0.0,14.999999999999972,0.0
892,89.548,0.0,0.0,0.0,0.0,14.999999999999972,0.0
893,89.548,0.0,0.0,0.0,0.0,14.999999999999972,0.0
894,84.792,0.0,0.0,0.0,0.0,14.999999999999972,0.0
895,110.759,0.0,0.0,0.0,0.0,14.999999999999972,0.0
896,84.032,0.0,0.5062652940878293,0.5062652940878293,0.0,14.999999999999972,0.0
897,78.964,0.7736546051461979,32.46601047569113,33.23966508083733,0.0,14.999999999999972,0.0
898,78.964,0.0,73.71215765258513,73.71215765258513,0.0,14.999999999999972,0.0
899,77.865,0.0,98.48812690468587,98.48812690468587,0.0,14.999999999999972,0.0
900,66.825,0.0,100.0,100.0,0.0,14.999999999999972,0.0
901,66.825,0.0,100.0,100.0,0.0,14.999999999999972,0.0
902,79.08,0.0,90.53232628915234,90.53232628915234,0.0,14.999999999999972,0.0
903,90.946,1.1894314601186442,64.92124145555024,66.11067291566889,0.0,14.999999999999972,0.0
904,92.397,5.626870228345972,3.3007332538399936,8.927603482185965,0.0,14.999999999999972,0.0
905,117.17,7.255720505743387,0.0,7.255720505743387,0.0,14.999999999999972,0.0
906,97.211,8.20123595202997,0.0,5.9757832710765495,0.0,14.999999999999972,-2.22545268095342
907,95.138,9.009329038512142,0.0,6.7838763575587215,0.0,17.19207089073909,-2.22545268095342
908,93.062,8.920772116880762,0.0,6.695319435927342,0.0,19.384141781478206,-2.22545268095342
909,92.397,9.542986359646296,0.0,7.317533678692875,0.0,21.576212672217324,-2.2254526809534205
910,90.357,9.003522911027854,0.0,6.778070230074434,0.0,23.768283562956434,-2.2254526809534205
911,89.548,6.874246249111299,0.0,4.6487935681578785,0.0,25.96035445369555,-2.2254526809534205
912,84.958,5.9973887314279555,0.0,3.771936050474535,0.0,28.15242534443467,-2.2254526809534205
913,84.958,6.262598779476566,0.0,4.037146098523145,0.0,30.344496235173793,-2.225452680953421
914,84.958,6.552424262595661,0.0,4.3269715816422405,0.0,32.53656712591291,-2.225452680953421
915,84.958,8.551024356948108,0.0,6.325571675994688,0.0,34.72863801665203,-2.2254526809534205
916,84.958,10.909601042456433,0.0,8.684148361503013,0.0,36.920708907391145,-2.2254526809534214
917,84.958,12.138604731081003,0.0,9.913152050127582,0.0,39.11277979813026,-2.2254526809534214
918,87.292,10.073231640315285,0.0,7.847778959361864,0.0,41.30485068886938,-2.2254526809534214
919,90.813,6.3295966530280365,0.0,4.104143972074615,0.0,43.496921579608504,-2.2254526809534214
920,86.244,2.592629431232347,0.6258872923783394,0.9930640426572648,0.0,45.68899247034762,-2.2254526809534214
921,62.984,0.0,15.706169178767485,13.480716497814065,0.0,47.88106336108674,-2.2254526809534214
922,56.929,0.0,35.05158751337034,32.82613483241692,0.0,50.073134251825856,-2.2254526809534223
923,48.71,0.0,39.40718061510721,37.181727934153784,0.0,52.26520514256498,-2.2254526809534223
924,48.71,0.0,65.31924457535823,63.0937918944048,0.0,54.457276033304105,-2.2254526809534223
925,48.71,0.0,65.53438051345333,63.308927832499904,0.0,56.649346924043215,-2.225452680953424
926,60.144,0.0,48.75879268391945,46.53334000296603,0.0,58.84141781478234,-2.225452680953424
927,90.172,0.0,37.08693430992895,34.861481628975525,0.0,61.03348870552146,-2.225452680953424
928,98.96,0.0,1.8014623388217157,0.0,0.0,63.22555959626058,-1.8014623388217146
929,118.682,0.8776705875153319,0.0,50.12767058751533,0.0,64.99999999999997,49.25
930,104.21,3.5798691623483845,0.0,3.5798691623483845,0.0,14.999999999999972,0.0
931,100.851,9.712912831334194,0.0,3.483102032995472,0.0,14.999999999999972,-6.229810798338722
932,96.353,18.145687831291717,0.0,11.915877032952995,0.0,21.136363636363612,-6.229810798338722
933,94.803,23.65612936287736,0.0,17.426318564538636,0.0,27.272727272727238,-6.229810798338722
934,88.89,31.471018381530723,0.0,25.241207583192,0.0,33.40909090909088,-6.229810798338722
935,84.416,43.16313451056524,0.0,36.93332371222652,0.0,39.545454545454504,-6.229810798338723
936,87.959,46.017808164930685,0.0,39.78799736659196,0.0,45.68181818181816,-6.229810798338724
937,87.959,53.37181518422602,0.0,47.1420043858873,0.0,51.818181818181785,-6.229810798338723
938,87.959,53.76875381675847,0.0,47.538943018419744,0.0,57.954545454545425,-6.229810798338722
939,87.959,54.28287186582085,0.0,48.053061067482126,0.0,64.09090909090907,-6.229810798338723
940,87.959,51.78502261746459,0.0,45.555211819125866,0.0,70.22727272727269,-6.229810798338723
941,87.959,60.146174534792344,0.0,53.91636373645362,0.0,76.36363636363632,-6.229810798338724
942,88.977,80.31595188206904,0.0,74.08614108373033,0.0,82.49999999999996,-6.229810798338722
943,89.935,77.66757292348508,0.0,71.43776212514636,0.0,88.63636363636358,-6.229810798338722
944,84.363,57.303254668924495,0.27849088493706586,51.351934755522834,0.0,94.77272727272722,-6.229810798338722
945,70.818,52.31832479850466,22.373995688375018,68.46250968854096,0.0,100.90909090909085,-6.229810798338722
946,48.737,40.1498469210687,69.8781080824877,103.79814420521768,0.0,107.0454545454545,-6.229810798338722
947,47.468,40.481900654289944,98.31322087779057,132.5653107337418,0.0,113.18181818181814,-6.229810798338722
948,47.468,51.61820499182924,100.0,145.3883941934905,0.0,119.31818181818178,-6.229810798338725
949,48.737,60.94558990095314,92.9793671305304,147.6951462331448,0.0,125.45454545454541,-6.229810798338725
950,52.56,61.00394800352306,81.87226347665175,136.6464006818361,0.0,131.59090909090907,-6.229810798338725
951,89.066,52.05547799223043,58.257158059676925,104.08282525356864,0.0,137.72727272727272,-6.229810798338718
952,97.811,40.02216464613912,3.1846763334279404,36.977030181228336,0.0,143.86363636363637,-6.229810798338718
953,100.861,32.229995169007715,0.0,32.229995169007715,0.0,150.0,0.0
954,97.097,23.56755951555879,0.0,23.56755951555879,0.0,150.0,0.0
955,102.346,18.42302408119445,0.0,18.42302408119445,0.0,150.0,0.0
956,99.41,18.347661643741155,0.0,18.347661643741155,0.0,150.0,0.0
957,99.41,20.27106702540572,0.0,20.27106702540572,0.0,150.0,0.0
958,99.41,16.89402062427577,0.0,16.89402062427577,0.0,150.0,0.0
959,94.338,11.579265872089872,0.0,11.579265872089872,0.0,150.0,0.0
960,92.916,8.4216163367833,0.0,8.4216163367833,0.0,150.0,0.0
961,92.916,8.188690548777988,0.0,8.188690548777988,0.0,150.0,0.0
962,92.916,7.387578457645857,0.0,7.387578457645857,0.0,150.0,0.0
963,92.916,5.72753796529967,0.0,5.72753796529967,0.0,150.0,0.0
964,92.916,4.79052778618986,0.0,4.79052778618986,0.0,150.0,0.0
965,92.916,4.479550654486983,0.0,4.479550654486983,0.0,150.0,0.0
966,92.102,4.270526607899222,0.0,4.270526607899222,0.0,150.0,0.0
967,109.031,3.6760783623494873,0.0,3.6760783623494873,0.0,150.0,0.0
968,88.85,3.2168312651934046,0.8096436963950319,4.026474961588437,0.0,150.0,0.0
969,86.682,2.6563774756568392,22.502177877024806,25.158555352681645,0.0,150.0,0.0
970,78.523,0.0,45.58932612953025,45.58932612953025,0.0,150.0,0.0
971,68.505,0.0,90.95776093394275,90.95776093394275,0.0,150.0,0.0
972,67.921,0.0,98.65243011496877,98.65243011496877,0.0,150.0,0.0
973,67.921,0.0,84.43387931144218,84.43387931144218,0.0,150.0,0.0
974,80.605,0.0,61.102167134000126,61.102167134000126,0.0,150.0,0.0
975,93.455,0.0,52.624833809024615,52.624833809024615,0.0,150.0,0.0
976,97.232,0.0,2.2473777143953435,2.2473777143953435,0.0,150.0,0.0
977,126.63,0.0,0.0,49.25,0.0,150.0,49.25
978,108.775,0.0,0.0,2.052083333333332,0.0,100.0,2.052083333333332
979,98.947,0.0,0.0,2.0520833333333317,0.0,97.91666666666663,2.0520833333333317
980,93.455,0.0,0.0,2.0520833333333317,0.0,95.8333333333333,2.0520833333333317
981,93.455,0.0,0.0,2.0520833333333317,0.0,93.74999999999997,2.0520833333333317
982,93.455,0.0,0.0,2.0520833333333317,0.0,91.66666666666664,2.0520833333333317
983,93.455,0.0,0.0,2.0520833333333317,0.0,89.58333333333331,2.0520833333333317
984,85.679,0.0,0.0,2.0520833333333317,0.0,87.49999999999999,2.0520833333333317
985,85.679,0.0,0.0,2.0520833333333317,0.0,85.41666666666666,2.0520833333333317
986,85.679,0.0,0.0,2.0520833333333317,0.0,83.33333333333333,2.0520833333333317
987,85.679,0.0,0.0,2.0520833333333317,0.0,81.25,2.0520833333333317
988,85.679,0.0,0.0,2.0520833333333317,0.0,79.16666666666667,2.0520833333333317
989,85.679,0.0,0.0,2.052083333333357,0.0,77.08333333333334,2.052083333333357
990,85.679,0.0,0.0,0.0,0.0,75.0,0.0
991,84.363,1.5906547961145174,0.0,1.5906547961145174,0.0,75.0,0.0
992,82.255,4.088591839641445,0.0,4.088591839641445,0.0,75.0,0.0
993,75.019,7.7017974084231895,4.116943079286889,11.818740487710079,0.0,75.0,0.0
994,61.621,5.148833988170793,6.159642083513509,11.308476071684302,0.0,75.0,0.0
995,51.205,6.96096937877965,13.683646947233727,20.644616326013377,0.0,75.0,0.0
996,50.299,11.451976458460305,20.049904281440536,31.50188073990084,0.0,75.0,0.0
997,50.299,18.63172723735294,15.143488157249088,33.77521539460203,0.0,75.0,0.0
998,60.889,31.65301803082952,13.36509996960667,45.01811800043619,0.0,75.0,0.0
999,84.417,30.19827630283662,7.200884993742483,37.3991612965791,0.0,75.0,0.0
1000,93.861,31.716828246859684,0.7050941839053732,32.42192243076506,0.0,75.0,0.0
1001,110.86,35.26567244618805,0.0,84.51567244618805,0.0,75.0,49.25
1002,114.456,37.98240101898881,0.0,47.83240101898884,0.0,25.0,9.85000000000003
1003,86.146,39.453914904783225,0.0,33.2241041064445,0.0,14.999999999999972,-6.229810798338722
1004,81.881,47.04878061424546,0.0,40.81896981590674,0.0,21.136363636363612,-6.229810798338722
1005,78.5,60.26622318868581,0.0,54.03641239034708,0.0,27.272727272727252,-6.229810798338722
1006,78.5,75.42859558359879,0.0,69.19878478526007,0.0,33.40909090909088,-6.229810798338722
1007,78.5,91.20685271666503,0.0,84.97704191832631,0.0,39.545454545454504,-6.229810798338723
1008,49.238,107.41843051591628,0.0,101.18861971757757,0.0,45.68181818181816,-6.229810798338724
1009,49.238,124.28584054898865,0.0,118.05602975064993,0.0,51.818181818181785,-6.229810798338723
1010,49.238,141.94687879348393,0.0,135.71706799514521,0.0,57.954545454545425,-6.229810798338722
1011,49.238,165.8538337748397,0.0,159.62402297650098,0.0,64.09090909090907,-6.229810798338723
1012,49.238,173.2636618004116,0.0,167.03385100207288,0.0,70.22727272727269,-6.229810798338723
1013,49.238,118.88706344656052,0.0,112.6572526482218,0.0,76.36363636363632,-6.229810798338724
1014,49.238,74.05225851277132,0.0,67.8224477144326,0.0,82.49999999999996,-6.229810798338722
1015,49.238,67.0619686882869,0.0,60.83215788994818,0.0,88.63636363636358,-6.229810798338722
1016,73.027,66.55475425956212,1.0894024412632362,61.41434590248663,0.0,94.77272727272722,-6.229810798338722
1017,45.543,61.00612587706593,34.793168176639895,89.5694832553671,0.0,100.90909090909085,-6.229810798338722
1018,45.093,58.91750479272931,69.17018410694166,121.85787810133226,0.0,107.0454545454545,-6.229810798338722
1019,43.641,36.92277145505761,87.37879252028941,118.0717531770083,0.0,113.18181818181814,-6.229810798338722
1020,42.9,26.66397677200973,100.0,120.43416597367101,0.0,119.31818181818178,-6.229810798338725
1021,42.9,15.810988478726703,100.0,109.58117768038798,0.0,125.45454545454541,-6.229810798338725
1022,46.129,9.176063768904317,88.00436336371467,90.95061633428026,0.0,131.59090909090907,-6.229810798338725
1023,49.74,7.592799409905286,64.91042811540922,66.27341672697578,0.0,137.72727272727272,-6.229810798338718
1024,85.723,5.865984130831727,4.848303195440507,4.484476527933516,0.0,143.86363636363637,-6.229810798338718
1025,99.58,5.120412888428112,0.0,5.120412888428112,0.0,150.0,0.0
1026,104.491,2.961636917260084,0.0,52.21163691726009,0.0,150.0,49.25
1027,98.658,1.6916684143161398,0.0,50.94166841431614,0.0,100.0,49.25
1028,96.261,1.0391149143554064,0.0,1.0391149143554064,0.0,50.0,0.0
1029,96.261,0.0,0.0,34.47500000000004,0.0,50.0,34.47500000000004
1030,96.261,0.0,0.0,0.0,0.0,14.999999999999964,0.0
1031,92.513,0.0,0.0,0.0,0.0,14.999999999999972,0.0
1032,93.211,0.0,0.0,0.0,0.0,14.999999999999972,0.0
1033,93.211,0.0,0.0,0.0,0.0,14.999999999999972,0.0
1034,83.03,0.0,0.0,0.0,0.0,14.999999999999972,0.0
1035,82.683,0.0,0.0,0.0,0.0,14.999999999999972,0.0
1036,82.14,0.0,0.0,0.0,0.0,14.999999999999972,0.0
1037,82.14,0.3407509601071621,0.0,0.3407509601071621,0.0,14.999999999999972,0.0
1038,89.026,2.8194853608212584,0.0,2.8194853608212584,0.0,14.999999999999972,0.0
1039,101.815,2.2496268551127296,0.0,2.2496268551127296,0.0,14.999999999999972,0.0
1040,100.502,2.332899536137516,0.5303242839441218,2.863223820081638,0.0,14.999999999999972,0.0
1041,90.833,3.1992226012376443,6.066426512005511,9.265649113243155,0.0,14.999999999999972,0.0
1042,84.115,13.535027508384312,12.737737638679345,26.27276514706366,0.0,14.999999999999972,0.0
1043,78.001,24.165414561769715,13.052090841431829,37.21750540320154,0.0,14.999999999999972,0.0
1044,78.001,39.50347962069561,13.391124728424153,52.89460434911976,0.0,14.999999999999972,0.0
1045,78.001,38.426727555456935,8.03958493523334,46.46631249069027,0.0,14.999999999999972,0.0
1046,82.14,34.02374008235084,7.804932664381585,41.82867274673242,0.0,14.999999999999972,0.0
1047,82.14,28.80038020998966,8.553222535714987,37.35360274570465,0.0,14.999999999999972,0.0
1048,82.14,29.11019370904497,1.7646330705483055,30.874826779593278,0.0,14.999999999999972,0.0
1049,83.086,28.309864829013755,0.0,28.309864829013755,0.0,14.999999999999972,0.0
1050,82.978,31.724284473060877,0.0,31.724284473060877,0.0,14.999999999999972,0.0
1051,82.14,36.356511846353634,0.0,36.356511846353634,0.0,14.999999999999972,0.0
1052,82.14,31.901065348056186,0.0,31.901065348056186,0.0,14.999999999999972,0.0
1053,82.14,15.777491271990307,0.0,15.777491271990307,0.0,14.999999999999972,0.0
1054,82.14,11.877847555706609,0.0,11.877847555706609,0.0,14.999999999999972,0.0
1055,82.14,10.438594400951702,0.0,10.438594400951702,0.0,14.999999999999972,0.0
1056,48.586,11.108568315407648,0.0,11.108568315407648,0.0,14.999999999999972,0.0
1057,48.586,8.268819496704797,0.0,8.268819496704797,0.0,14.999999999999972,0.0
1058,48.586,8.442338649632962,0.0,8.442338649632962,0.0,14.999999999999972,0.0
1059,48.303,17.317802878435792,0.0,17.317802878435792,0.0,14.999999999999972,0.0
1060,48.303,23.961615071569057,0.0,23.961615071569057,0.0,14.999999999999972,0.0
1061,48.303,26.16680285902575,0.0,26.16680285902575,0.0,14.999999999999972,0.0
1062,61.501,18.781170941559623,0.0,18.781170941559623,0.0,14.999999999999972,0.0
1063,89.508,12.729547308941282,0.0,12.729547308941282,0.0,14.999999999999972,0.0
1064,60.914,8.232760274521649,0.7063600706048386,7.247072967799922,0.0,14.999999999999972,-1.692047377326566
1065,48.705,1.9394389792102462,6.1897367371527965,6.4371283390364775,0.0,16.66666666666664,-1.6920473773265663
1066,46.079,0.40172686098814653,15.763660460315693,14.473339943977273,0.0,18.333333333333314,-1.692047377326566
1067,44.991,14.037504553570098,17.894946574855663,30.240403751099194,0.0,19.999999999999986,-1.692047377326566
1068,44.459,46.54039584369968,23.24011648450313,68.08846495087624,0.0,21.666666666666657,-1.692047377326566
1069,44.459,69.46758575063659,36.77036800647406,104.54590637978409,0.0,23.33333333333332,-1.6920473773265658
1070,45.426,86.41187251591802,36.88521865962097,121.60504379821242,0.0,24.999999999999993,-1.6920473773265658
1071,46.271,84.57178657663745,21.391470224725808,104.2712094240367,0.0,26.666666666666657,-1.692047377326566
1072,47.937,139.52083227164368,1.7690501555983371,139.59783504991546,0.0,28.333333333333336,-1.692047377326566
1073,48.737,208.5018203494889,0.0,206.80977297216234,0.0,30.0,-1.692047377326566
1074,46.495,303.23851167195363,0.0,300.0,1.546464294627065,31.666666666666664,-1.6920473773265663
1075,38.318,344.3977886639315,0.0,300.0,42.705741286604955,33.33333333333333,-1.6920473773265665
1076,37.177,348.2338601840321,0.0,300.0,46.54181280670553,34.99999999999999,-1.692047377326566
1077,37.077,349.344830113857,0.0,300.0,47.652782736530405,36.66666666666666,-1.6920473773265663
1078,37.077,349.72445640184355,0.0,300.0,48.03240902451699,38.33333333333333,-1.6920473773265663
1079,37.077,347.9262047724631,0.0,300.0,46.23415739513654,40.0,-1.6920473773265663
1080,35.059,339.89748903678566,0.0,300.0,38.20544165945909,41.666666666666664,-1.6920473773265665
1081,35.059,336.1085110408654,0.0,300.0,34.41646366353881,43.33333333333333,-1.6920473773265665
1082,35.059,334.89900474404476,0.0,300.0,33.20695736671819,45.0,-1.6920473773265665
1083,35.059,332.08982185349447,0.0,300.0,30.397774476167903,46.66666666666667,-1.692047377326567
1084,35.059,323.7790424004308,0.0,300.0,22.08699502310423,48.333333333333336,-1.6920473773265665
1085,35.059,297.88679480556,0.0,296.1947474282334,0.0,50.0,-1.6920473773265665
1086,36.499,258.3354175514218,0.0,256.64337017409525,0.0,51.66666666666667,-1.6920473773265665
1087,39.216,234.21646586752453,0.0,232.52441849019797,0.0,53.33333333333333,-1.692047377326567
1088,39.216,208.30409115913432,2.5921997963162755,209.20424357812402,0.0,54.99999999999999,-1.692047377326567
1089,38.136,170.35444226096158,36.51187661134609,205.1742714949811,0.0,56.66666666666666,-1.692047377326566
1090,35.486,118.84394665885623,73.17229265630999,190.32419193783966,0.0,58.33333333333332,-1.692047377326566
1091,33.879,117.31441523401136,92.41454213034397,208.03690998702876,0.0,59.999999999999986,-1.692047377326567
1092,33.879,101.41802852306277,100.0,199.72598114573623,0.0,61.66666666666665,-1.692047377326566
1093,33.879,93.22386713673473,100.0,191.53181975940817,0.0,63.33333333333333,-1.6920473773265652
1094,35.491,86.58837528183936,88.62442689670014,173.52075480121295,0.0,65.0,-1.6920473773265652
1095,37.511,85.75318051696826,65.4693093819045,149.5304425215462,0.0,66.66666666666667,-1.6920473773265652
1096,38.676,68.29540366326749,5.702203401217214,72.30555968715815,0.0,68.33333333333333,-1.6920473773265634
1097,39.812,55.51443740051378,0.0,53.82239002318721,0.0,70.0,-1.6920473773265634
1098,44.998,48.153971106968704,0.0,46.461923729642145,0.0,71.66666666666667,-1.6920473773265599
1099,44.521,44.92897197180003,0.0,43.23692459447347,0.0,73.33333333333333,-1.6920473773265599
1100,43.735,38.07660070550279,0.0,24.18867357307908,0.0,75.0,-13.887927132423712
1101,43.156,30.96342993553099,0.0,17.075502803107277,0.0,88.67960822543736,-13.887927132423712
1102,42.659,23.420977288312756,0.0,9.533050155889043,0.0,102.35921645087471,-13.887927132423712
1103,41.901,15.070468676552778,0.0,1.1825415441290659,0.0,116.03882467631206,-13.887927132423712
1104,47.743,8.737413465525725,0.0,0.0,0.0,129.71843290174942,-8.73741346552572
1105,47.743,0.0,0.0,0.0,0.0,138.32478516529227,0.0
1106,47.743,0.0,0.0,0.0,0.0,138.32478516529227,0.0
1107,48.194,0.0,0.0,0.0,0.0,138.32478516529227,0.0
1108,49.343,4.651223566609088,0.0,4.651223566609088,0.0,138.32478516529227,0.0
1109,50.616,11.853009984474859,0.0,0.0,0.0,138.32478516529227,-11.853009984474859
1110,70.166,18.200103846973153,0.0,67.45010384697315,0.0,150.0,49.25
1111,93.682,28.06842149429998,0.0,77.31842149429998,0.0,100.0,49.25
1112,60.917,44.86042803129452,0.33174809767319796,79.66717612896775,0.0,50.0,34.47500000000004
1113,49.017,65.32485741612679,2.287646680860987,61.26732643201316,0.0,14.999999999999972,-6.34517766497462
1114,44.931,83.24138928390131,0.7869592140120371,77.68317083293874,0.0,21.24999999999997,-6.34517766497462
1115,44.911,108.19328737557952,2.5512878051044083,104.39939751570931,0.0,27.49999999999997,-6.345177664974619
1116,44.911,114.57713984169956,2.687995218825069,110.91995739555001,0.0,33.74999999999997,-6.345177664974619
1117,46.426,123.80143198679974,2.491108998757326,119.94736332058245,0.0,39.99999999999997,-6.345177664974619
1118,47.338,144.40315229131176,2.110174438949367,140.1681490652865,0.0,46.24999999999997,-6.345177664974621
1119,48.112,149.3073462265896,1.0712031594635802,144.03337172107857,0.0,52.49999999999997,-6.345177664974617
1120,48.737,157.52381305358486,0.0,151.17863538861025,0.0,58.74999999999997,-6.345177664974617
1121,50.886,170.6119161867498,0.0,219.8619161867498,0.0,64.99999999999997,49.25
1122,50.593,160.33718804398612,0.0,160.33718804398612,0.0,14.999999999999972,0.0
1123,47.925,172.0008199131006,0.0,169.79380159484856,0.0,14.999999999999972,-2.207018318252042
1124,46.745,172.156483509047,0.0,169.94946519079497,0.0,17.173913043478233,-2.207018318252042
1125,46.095,149.2543569280303,0.0,147.04733860977825,0.0,19.347826086956488,-2.207018318252042
1126,46.095,130.6154812780848,0.0,128.40846295983275,0.0,21.521739130434753,-2.207018318252042
1127,46.095,140.01755392828633,0.0,137.8105356100343,0.0,23.69565217391301,-2.207018318252042
1128,41.005,157.5917615503754,0.0,155.38474323212336,0.0,25.86956521739127,-2.207018318252042
1129,41.005,165.0440671514838,0.0,162.83704883323176,0.0,28.043478260869527,-2.207018318252042
1130,41.005,160.67723111124445,0.0,158.4702127929924,0.0,30.217391304347792,-2.207018318252042
1131,41.005,155.99162518752252,0.0,153.78460686927048,0.0,32.39130434782606,-2.2070183182520418
1132,41.005,158.5270912635066,0.0,156.32007294525457,0.0,34.56521739130432,-2.2070183182520418
1133,41.676,157.19488084966883,0.0,154.9878625314168,0.0,36.73913043478258,-2.207018318252041
1134,42.626,150.90087843229531,0.0,148.69386011404328,0.0,38.913043478260846,-2.2070183182520413
1135,48.3,147.63462025924966,0.0,145.42760194099762,0.0,41.0869565217391,-2.2070183182520418
1136,46.498,129.89016115525467,2.416138395719318,130.09928123272195,0.0,43.26086956521736,-2.2070183182520413
1137,42.626,121.26670822384727,30.26053041231414,149.3202203179094,0.0,45.43478260869562,-2.2070183182520413
1138,42.626,102.64302932912055,54.425481204571035,154.86149221543954,0.0,47.60869565217388,-2.2070183182520413
1139,41.968,107.71023259166391,69.86437194059226,175.36758621400412,0.0,49.782608695652144,-2.2070183182520413
1140,41.335,109.64557033789437,81.24389561241978,188.68244763206212,0.0,51.95652173913041,-2.2070183182520413
1141,41.126,86.24811573920299,88.51384243197218,172.55493985292313,0.0,54.13043478260867,-2.2070183182520413
1142,41.109,65.45415608386462,69.4841971010982,132.73133486671077,0.0,56.304347826086925,-2.2070183182520413
1143,44.461,77.07444139059652,58.58674986428526,133.45417293662973,0.0,58.47826086956519,-2.207018318252043
1144,45.492,80.94996245605712,31.622129631086125,110.36507376889121,0.0,60.65217391304345,-2.2070183182520395
1145,59.185,72.27987639723642,0.0,70.07285807898438,0.0,62.82608695652171,-2.2070183182520395
1146,59.634,59.853142639639394,0.0,109.1031426396394,0.0,64.99999999999997,49.25
1147,59.185,52.00701372852854,0.0,52.00701372852854,0.0,14.999999999999972,0.0
1148,46.161,43.345231152674444,0.0,43.345231152674444,0.0,14.999999999999972,0.0
1149,45.082,41.45942304205074,0.0,41.45942304205074,0.0,14.999999999999972,0.0
1150,44.837,46.84190907539342,0.0,46.84190907539342,0.0,14.999999999999972,0.0
1151,44.44,63.382363326146205,0.0,63.382363326146205,0.0,14.999999999999972,0.0
1152,34.973,71.52978889339835,0.0,71.52978889339835,0.0,14.999999999999972,0.0
1153,34.457,87.44906102277312,0.0,87.44906102277312,0.0,14.999999999999972,0.0
1154,34.316,112.72832073977678,0.0,112.72832073977678,0.0,14.999999999999972,0.0
1155,34.316,135.29935350935676,0.0,135.29935350935676,0.0,14.999999999999972,0.0
1156,34.004,146.29731532401203,0.0,146.29731532401203,0.0,14.999999999999972,0.0
1157,34.316,171.4857856110061,0.0,171.4857856110061,0.0,14.999999999999972,0.0
1158,35.034,179.322778975324,0.0,179.322778975324,0.0,14.999999999999972,0.0
1159,40.22,189.777478920698,0.0,189.777478920698,0.0,14.999999999999972,0.0
1160,34.557,199.7632163177763,0.0,199.7632163177763,0.0,14.999999999999972,0.0
1161,33.848,193.49849936981826,0.006075822833986082,193.50457519265225,0.0,14.999999999999972,0.0
1162,33.24,178.98050027519295,1.1614988979264147,180.14199917311936,0.0,14.999999999999972,0.0
1163,32.387,194.57252046379074,1.5780174474409492,196.15053791123168,0.0,14.999999999999972,0.0
1164,32.387,236.3748663704207,2.2939862607170616,238.66885263113775,0.0,14.999999999999972,0.0
1165,32.387,266.79070086179183,1.9773096566493873,268.7680105184412,0.0,14.999999999999972,0.0
1166,32.387,276.871042621083,1.7265606792120827,278.5976033002951,0.0,14.999999999999972,0.0
1167,32.923,292.82978620937735,0.6054445627446328,293.435230772122,0.0,14.999999999999972,0.0
1168,33.795,307.1419262640852,0.0,300.0,7.141926264085214,14.999999999999972,0.0
1169,34.44,286.55221903603734,0.0,286.55221903603734,0.0,14.999999999999972,0.0
1170,36.257,214.00029754956756,0.0,214.00029754956756,0.0,14.999999999999972,0.0
1171,33.969,151.1398370796504,0.0,151.1398370796504,0.0,14.999999999999972,0.0
1172,33.795,132.66755133808795,0.0,132.66755133808795,0.0,14.999999999999972,0.0
1173,33.795,111.54040967956688,0.0,111.54040967956688,0.0,14.999999999999972,0.0
1174,33.909,115.83400073951174,0.0,115.83400073951174,0.0,14.999999999999972,0.0
1175,33.908,122.67047528845569,0.0,122.67047528845569,0.0,14.999999999999972,0.0
1176,39.334,122.74853147477276,0.0,122.74853147477276,0.0,14.999999999999972,0.0
1177,36.662,155.29883500192614,0.0,155.29883500192614,0.0,14.999999999999972,0.0
1178,36.662,147.15022024560864,0.0,147.15022024560864,0.0,14.999999999999972,0.0
1179,36.662,115.60254703012917,0.0,115.60254703012917,0.0,14.999999999999972,0.0
1180,36.662,71.3116057391762,0.0,71.3116057391762,0.0,14.999999999999972,0.0
1181,36.662,66.45956318948998,0.0,66.45956318948998,0.0,14.999999999999972,0.0
1182,36.662,98.68460403516379,0.0,98.68460403516379,0.0,14.999999999999972,0.0
1183,37.328,144.17496410557888,0.0,137.94515330724016,0.0,14.999999999999972,-6.229810798338722
1184,34.377,207.12764660660437,3.071785079650495,203.96962088791614,0.0,21.136363636363612,-6.229810798338722
1185,33.304,276.4580714255229,28.291292356803105,298.5195529839873,0.0,27.272727272727238,-6.229810798338722
1186,33.211,309.9053407337449,75.83323108852572,300.0,79.5087610239319,33.40909090909088,-6.229810798338722
1187,32.001,320.18245940829866,88.91087305173009,300.0,102.86352166169004,39.545454545454504,-6.229810798338723
1188,31.726,312.0176782326132,100.0,300.0,105.78786743427449,45.68181818181816,-6.229810798338724
1189,31.726,317.9676655357745,100.0,300.0,111.73785473743575,51.818181818181785,-6.229810798338723
1190,31.726,318.4622255614625,94.73952767085734,300.0,106.97194243398113,57.954545454545425,-6.229810798338722
1191,33.227,315.5929733990222,69.68688491015467,300.0,79.05004751083814,64.09090909090907,-6.229810798338723
1192,35.977,302.79370756020995,29.790865954243305,300.0,26.354762716114546,70.22727272727269,-6.229810798338723
1193,36.662,290.23569292543124,0.0,284.0058821270925,0.0,76.36363636363632,-6.229810798338724
1194,40.519,279.93326949683404,0.0,273.7034586984953,0.0,82.49999999999996,-6.229810798338722
1195,38.04,267.2749552451635,0.0,261.04514444682474,0.0,88.63636363636358,-6.229810798338722
1196,37.049,245.8811962778614,0.0,239.65138547952267,0.0,94.77272727272722,-6.229810798338722
1197,36.662,220.32101289887441,0.0,214.0912021005357,0.0,100.90909090909085,-6.229810798338722
1198,36.662,203.0500820966341,0.0,196.82027129829538,0.0,107.0454545454545,-6.229810798338722
1199,39.697,168.30960456253163,0.0,162.0797937641929,0.0,113.18181818181814,-6.229810798338722
1200,36.646,123.50529978683615,0.0,117.27548898849741,0.0,119.31818181818178,-6.229810798338725
1201,37.645,93.7770534896762,0.0,87.54724269133749,0.0,125.45454545454541,-6.229810798338725
1202,38.903,77.21031404403621,0.0,70.98050324569749,0.0,131.59090909090907,-6.229810798338725
1203,40.288,59.94895798501057,0.0,53.719147186671854,0.0,137.72727272727272,-6.229810798338718
1204,48.797,56.436239297242494,0.0,50.206428498903776,0.0,143.86363636363637,-6.229810798338718
1205,49.031,64.88280493357233,0.0,109.20780493357235,0.0,150.0,44.32500000000002
1206,43.117,69.73391187173922,0.0,114.05891187173924,0.0,104.99999999999999,44.32500000000001
1207,58.382,89.30679802256259,0.0,133.6317980225626,0.0,59.99999999999998,44.32500000000002
1208,47.95,107.83597957126193,3.282386766542939,80.66151354592668,0.0,14.999999999999972,-30.456852791878184
1209,36.98,129.8115806578122,25.800247779347963,125.15497564528195,0.0,44.999999999999986,-30.456852791878184
1210,35.572,126.18231285546261,40.718971262638846,175.3441412609586,0.0,75.0,8.442857142857147
1211,33.783,197.89337657878792,47.453719446586604,253.78995316823168,0.0,66.42857142857142,8.442857142857147
1212,33.783,236.85091715177677,46.678236192935266,291.97201048756915,0.0,57.85714285714285,8.442857142857147
1213,33.783,229.22122666064456,34.43131260060548,272.09539640410713,0.0,49.28571428571427,8.442857142857147
1214,34.59,242.68358945742224,29.24230838687185,280.3687549871512,0.0,40.714285714285694,8.442857142857147
1215,35.52,317.75952866896574,17.606292536789013,300.0,43.80867834861189,32.142857142857125,8.442857142857148
1216,44.216,334.5026708978964,14.731465601439545,300.0,57.67699364219308,23.571428571428548,8.442857142857148
1217,47.411,346.04474261383814,0.0,300.0,23.20210301992951,14.999999999999972,-22.84263959390863
1218,38.86,348.0577872098263,0.0,300.0,25.215147615917672,37.49999999999997,-22.84263959390863
1219,37.973,348.1574771266587,0.0,300.0,25.314837532750072,59.99999999999997,-22.842639593908633
1220,37.206,348.0658900203818,0.0,300.0,25.223250426473168,82.49999999999999,-22.842639593908633
1221,36.646,348.605985961304,0.0,300.0,25.763346367395357,104.99999999999999,-22.84263959390863
1222,36.646,340.62583286135117,0.0,300.0,17.78319326744254,127.5,-22.84263959390863
1223,36.646,341.4906517741565,0.0,300.0,41.490651774156504,150.0,0.0
1224,34.191,324.4602627009051,0.0,300.0,24.460262700905105,150.0,0.0
1225,34.191,277.0042594456811,0.0,277.0042594456811,0.0,150.0,0.0
1226,34.191,228.86292937469517,0.0,228.86292937469517,0.0,150.0,0.0
1227,34.191,182.3003266786581,0.0,182.3003266786581,0.0,150.0,0.0
1228,34.191,147.83858048414066,0.0,147.83858048414066,0.0,150.0,0.0
1229,34.191,134.47616951073869,0.0,134.47616951073869,0.0,150.0,0.0
1230,35.958,135.61815653114837,0.0,135.61815653114837,0.0,150.0,0.0
1231,45.413,136.43526225181208,0.0,136.43526225181208,0.0,150.0,0.0
1232,36.348,136.11539291805963,3.0038010483923645,139.119193966452,0.0,150.0,0.0
1233,34.263,136.50883289181562,24.210003971180978,160.7188368629966,0.0,150.0,0.0
1234,33.161,172.9565416381051,39.39742136549801,212.35396300360313,0.0,150.0,0.0
1235,32.263,152.6949643436286,40.33461459036774,193.02957893399636,0.0,150.0,0.0
1236,32.263,104.79326841643721,65.74553999206559,170.5388084085028,0.0,150.0,0.0
1237,32.733,86.1427385377821,53.411777364034485,139.5545159018166,0.0,150.0,0.0
1238,35.052,67.6963693651414,70.22994590524914,137.92631527039055,0.0,150.0,0.0
1239,35.75,49.32022408824418,63.07596619866898,112.39619028691317,0.0,150.0,0.0
1240,40.493,39.04040732114857,29.840349794962506,68.88075711611108,0.0,150.0,0.0
1241,42.776,47.11698209783185,0.0,81.5919820978319,0.0,150.0,34.47500000000005
1242,49.349,51.444881348791114,0.0,100.69488134879111,0.0,114.99999999999997,49.25
1243,49.349,66.03561311993477,0.0,115.28561311993477,0.0,64.99999999999997,49.25
1244,42.03,82.1296674415308,0.0,82.1296674415308,0.0,14.999999999999972,0.0
1245,39.565,99.72940673766271,0.0,99.72940673766271,0.0,14.999999999999972,0.0
1246,37.211,108.12947228993562,0.0,108.12947228993562,0.0,14.999999999999972,0.0
1247,36.77,135.01725587110414,0.0,135.01725587110414,0.0,14.999999999999972,0.0
1248,34.595,161.9996703930774,0.0,161.9996703930774,0.0,14.999999999999972,0.0
1249,34.595,160.8359385498799,0.0,160.8359385498799,0.0,14.999999999999972,0.0
1250,34.595,189.92117404114583,0.0,189.92117404114583,0.0,14.999999999999972,0.0
1251,34.595,204.05882749171997,0.0,204.05882749171997,0.0,14.999999999999972,0.0
1252,34.595,230.52403249278663,0.0,230.52403249278663,0.0,14.999999999999972,0.0
1253,34.595,262.0136782250735,0.0,262.0136782250735,0.0,14.999999999999972,0.0
1254,36.116,283.281303882234,0.0,283.281303882234,0.0,14.999999999999972,0.0
1255,45.625,297.14391390507757,0.0,297.14391390507757,0.0,14.999999999999972,0.0
1256,37.16,294.4660085866417,0.0,285.3289527490782,0.0,14.999999999999972,-9.137055837563459
1257,34.205,288.4899807501564,0.9167914149957667,280.2697163275887,0.0,23.999999999999975,-9.137055837563459
1258,33.236,279.19679100911475,1.8414657051232166,271.90120087667447,0.0,32.99999999999994,-9.137055837563459
1259,32.457,317.68935629423476,4.892039465189484,300.0,13.444339921860795,41.99999999999994,-9.137055837563459
1260,31.285,333.4503419630779,1.6468264261733174,300.0,25.96011255168778,50.99999999999994,-9.137055837563459
1261,31.408,341.32177405612185,2.1559976813906396,300.0,34.34071589994905,59.999999999999915,-9.137055837563459
1262,32.524,343.25766059878384,2.5361326430655327,300.0,36.6567374042859,68.99999999999991,-9.137055837563459
1263,34.451,345.5140850332662,1.4318587149472066,300.0,37.80888791064998,77.99999999999991,-9.137055837563459
1264,36.063,347.71860486634296,0.0,300.0,38.5815490287795,86.99999999999994,-9.137055837563457
1265,37.217,348.49467962813003,0.0,300.0,39.35762379056657,95.99999999999996,-9.137055837563459
1266,36.211,348.6215237562996,0.0,300.0,39.484467918736144,104.99999999999996,-9.137055837563462
1267,35.943,348.88034345438075,0.0,300.0,39.74328761681729,113.99999999999996,-9.137055837563459
1268,35.139,347.8849008794763,0.0,300.0,38.74784504191282,122.99999999999997,-9.137055837563459
1269,34.759,344.34067651544757,0.0,300.0,35.20362067788412,132.0,-9.137055837563452
1270,34.254,317.7932987569691,0.0,300.0,8.656242919405628,141.0,-9.137055837563452
1271,34.254,295.8441674976164,0.0,295.8441674976164,0.0,150.0,0.0
1272,34.162,278.94323364754,0.0,278.94323364754,0.0,150.0,0.0
1273,34.162,226.7565457302991,0.0,226.7565457302991,0.0,150.0,0.0
1274,34.162,206.0846088148707,0.0,206.0846088148707,0.0,150.0,0.0
1275,34.162,200.01897163014834,0.0,200.01897163014834,0.0,150.0,0.0
1276,34.162,225.20425533960923,0.0,225.20425533960923,0.0,150.0,0.0
1277,34.162,298.5125517446513,0.0,298.5125517446513,0.0,150.0,0.0
1278,35.447,277.8924142707097,0.0,277.8924142707097,0.0,150.0,0.0
1279,43.222,236.66324372723864,0.0,236.66324372723864,0.0,150.00000000000003,0.0
1280,41.526,213.2178651137775,4.472729184569638,230.98809429834714,0.0,150.00000000000006,13.297500000000005
1281,36.895,190.0660512081042,36.62877597929241,239.99232718739663,0.0,136.50000000000003,13.297500000000005
1282,37.16,141.5218787758172,71.021476090373,225.84085486619023,0.0,123.0,13.297500000000005
1283,35.944,154.9741062818555,81.70903504608404,249.98064132793957,0.0,109.5,13.297500000000003
1284,34.921,166.55619216341114,81.44189104253184,261.295583205943,0.0,96.0,13.297500000000003
1285,34.921,136.43029954890562,80.65150877058514,230.37930831949078,0.0,82.49999999999999,13.297500000000003
1286,35.353,108.47670159604837,67.40115753535672,189.17535913140512,0.0,68.99999999999997,13.2975
1287,35.353,98.61536628899088,48.82999979171748,160.74286608070838,0.0,55.499999999999964,13.2975
1288,35.801,126.19909056611087,22.957370917016302,162.4539614831272,0.0,41.99999999999997,13.297500000000001
1289,49.307,148.1249317005212,0.0,161.4224317005212,0.0,28.49999999999997,13.297500000000001
1290,41.059,193.26524174755818,0.0,193.26524174755818,0.0,14.999999999999972,0.0
1291,39.067,231.36466303721733,0.0,231.36466303721733,0.0,14.999999999999972,0.0
1292,37.072,267.10495129945735,0.0,267.10495129945735,0.0,14.999999999999972,0.0
1293,35.599,277.09823611646624,0.0,277.09823611646624,0.0,14.999999999999972,0.0
1294,34.638,307.30951441472376,0.0,300.0,7.309514414723765,14.999999999999975,0.0
1295,34.162,314.94738102623415,0.0,300.0,14.947381026234154,14.999999999999975,0.0
1296,34.901,281.44672048975303,0.0,281.44672048975303,0.0,14.999999999999973,0.0
1297,34.901,256.3402416802781,0.0,256.3402416802781,0.0,14.999999999999973,0.0
1298,34.901,248.67414673504663,0.0,248.67414673504663,0.0,14.999999999999973,0.0
1299,34.901,254.35382907713262,0.0,254.35382907713262,0.0,14.999999999999973,0.0
1300,34.901,246.94147763508218,0.0,246.94147763508218,0.0,14.999999999999972,0.0
1301,35.259,225.55100248904895,0.0,225.55100248904895,0.0,14.999999999999972,0.0
1302,35.96,213.46210278481587,0.0,213.46210278481587,0.0,14.999999999999972,0.0
1303,45.388,193.3391640678047,0.0,193.3391640678047,0.0,14.999999999999972,0.0
1304,41.48,183.51766972411477,3.9159875483477826,187.43365727246254,0.0,14.999999999999972,0.0
1305,35.582,167.56555219049392,16.31215028988755,183.87770248038146,0.0,14.999999999999972,0.0
1306,35.174,134.47084175928765,12.727727424246723,147.19856918353437,0.0,14.999999999999972,0.0
1307,33.829,152.4538075249687,12.469611464708265,164.92341898967697,0.0,14.999999999999972,0.0
1308,33.346,188.66251259350173,17.70007339585732,206.36258598935905,0.0,14.999999999999972,0.0
1309,33.346,228.92821486720666,23.84788572294642,252.77610059015308,0.0,14.999999999999972,0.0
1310,33.346,249.9923333777028,33.255046228648006,283.2473796063508,0.0,14.999999999999972,0.0
1311,34.58,301.06680915047673,63.298083748046274,300.0,64.36489289852301,14.999999999999972,0.0
1312,35.338,335.4574567276516,37.213184618459486,300.0,72.6706413461111,14.999999999999972,0.0
1313,36.337,340.88934589627826,0.16282147609176525,300.0,32.35020943183341,14.999999999999972,-8.701957940536623
1314,36.752,346.89189918612726,0.0,300.0,38.18994124559064,23.571428571428548,-8.701957940536623
1315,36.013,348.761488623361,0.0,300.0,40.05953068282438,32.142857142857125,-8.701957940536623
1316,35.138,348.2689249507735,0.0,300.0,39.56696701023689,40.7142857142857,-8.701957940536623
1317,34.901,347.788939337162,0.0,300.0,39.08698139662537,49.28571428571428,-8.701957940536623
1318,34.901,345.32924879677836,0.0,300.0,36.627290856241736,57.85714285714285,-8.701957940536623
1319,34.901,346.1292086379166,0.0,300.0,37.427250697379954,66.42857142857142,-8.701957940536623
1320,32.401,347.2167498868427,0.0,300.0,42.986631443526285,75.0,-4.230118443316421
1321,32.401,346.30851128848786,0.0,300.0,42.07839284517144,79.16666666666667,-4.230118443316421
1322,32.401,347.56145740610873,0.0,300.0,43.331338962792316,83.33333333333334,-4.230118443316414
1323,32.401,348.5402812688301,0.0,300.0,44.31016282551367,87.5,-4.230118443316414
1324,32.401,348.1701873272794,0.0,300.0,43.94006888396298,91.66666666666667,-4.230118443316414
1325,32.401,346.7934909926626,0.0,300.0,42.5633725493462,95.83333333333334,-4.230118443316416
1326,33.012,346.2021694896099,0.0,300.0,41.97205104629349,100.00000000000001,-4.230118443316414
1327,33.663,342.2332327177843,0.0,300.0,38.003114274467876,104.16666666666669,-4.230118443316414
1328,35.039,331.99707417880217,6.201136260027582,300.0,33.96809199551332,108.33333333333334,-4.230118443316412
1329,34.556,321.8331163157224,23.534365447828087,300.0,41.13736332023406,112.5,-4.230118443316412
1330,33.614,283.33882532292705,39.11107733829638,300.0,18.21978421790699,116.66666666666667,-4.230118443316413
1331,31.827,276.43239091840087,59.56854296476386,300.0,31.770815439848334,120.83333333333334,-4.230118443316412
1332,31.757,301.89696020350124,59.34491430093767,300.0,57.01175606112248,125.0,-4.230118443316411
1333,31.757,280.5133374373081,78.60058869517391,300.0,54.88380768916558,129.16666666666666,-4.23011844331641
1334,31.757,265.3045067113355,48.706476316969564,300.0,9.78086458498861,133.33333333333331,-4.23011844331641
1335,33.092,211.0430663682366,56.834524461850464,263.64747238677063,0.0,137.49999999999997,-4.230118443316411
1336,34.664,239.98347336796422,34.365900082945174,270.119255007593,0.0,141.66666666666666,-4.230118443316411
1337,36.959,203.3822738315719,0.2136582753617988,199.3658136636173,0.0,145.83333333333331,-4.230118443316411
1338,39.379,169.80660642508062,0.0,169.80660642508062,0.0,150.0,0.0
1339,38.917,145.03207496752432,0.0,145.03207496752432,0.0,150.0,0.0
1340,37.681,116.6346164268571,0.0,116.6346164268571,0.0,150.0,0.0
1341,37.13,93.48344680568175,0.0,93.48344680568175,0.0,150.0,0.0
1342,40.156,75.26859074439798,0.0,75.26859074439798,0.0,150.0,0.0
1343,45.372,67.98431794940088,0.0,67.98431794940088,0.0,150.0,0.0
1344,47.025,55.162055276977185,0.0,55.162055276977185,0.0,150.0,0.0
1345,47.025,46.679482036834585,0.0,46.679482036834585,0.0,150.0,0.0
1346,47.025,36.18537523997726,0.0,36.18537523997726,0.0,150.0,0.0
1347,47.025,24.051829731538746,0.0,24.051829731538746,0.0,150.0,0.0
1348,47.025,15.209465542959423,0.0,15.209465542959423,0.0,150.0,0.0
1349,47.025,11.26550591724001,0.0,11.26550591724001,0.0,150.0,0.0
1350,47.45,7.477326716597257,0.0,7.477326716597257,0.0,150.0,0.0
1351,48.522,4.7787086079833045,0.0,4.7787086079833045,0.0,150.0,0.0
1352,48.522,1.0842284265014197,14.79180915345187,15.876037579953291,0.0,150.0,0.0
1353,39.232,0.0,51.565708878206685,51.565708878206685,0.0,150.0,0.0
1354,39.232,0.0,81.65877417204511,81.65877417204511,0.0,150.0,0.0
1355,39.232,0.0,100.0,100.0,0.0,150.0,0.0
1356,39.232,0.0,100.0,100.0,0.0,150.0,0.0
1357,39.232,0.0,100.0,100.0,0.0,150.0,0.0
1358,39.232,0.0,93.34871001069914,93.34871001069914,0.0,150.0,0.0
1359,39.409,0.0,70.71711447888836,70.71711447888836,0.0,150.0,0.0
1360,50.214,0.6692695656932794,39.08946623078667,39.75873579647995,0.0,150.0,0.0
1361,61.442,2.9170693195260795,0.6522750612752876,3.569344380801367,0.0,150.0,0.0
1362,69.035,2.8215268885262668,0.0,2.8215268885262668,0.0,150.0,0.0
1363,68.644,2.0765267571292387,0.0,51.32652675712924,0.0,150.0,49.25
1364,67.092,2.9908656259817543,0.0,52.240865625981755,0.0,100.0,49.25
1365,67.092,6.07441321656086,0.0,40.54941321656089,0.0,50.0,34.47500000000004
1366,67.092,6.317638602093044,0.0,0.6774806776711619,0.0,14.999999999999972,-5.6401579244218825
1367,54.437,6.812494919092991,0.0,1.1723369946711086,0.0,20.55555555555552,-5.6401579244218825
1368,62.501,13.151094579298487,0.0,7.510936654876605,0.0,26.111111111111086,-5.6401579244218825
1369,62.501,25.553054963615324,0.0,19.912897039193442,0.0,31.666666666666643,-5.6401579244218825
1370,60.099,31.34750387255248,0.0,25.707345948130598,0.0,37.2222222222222,-5.640157924421882
1371,60.099,35.13263826028552,0.0,29.492480335863636,0.0,42.77777777777776,-5.640157924421882
1372,60.099,39.01139668009271,0.0,33.37123875567083,0.0,48.333333333333314,-5.640157924421882
1373,60.099,47.634116783227796,0.0,41.99395885880591,0.0,53.888888888888864,-5.640157924421882
1374,65.716,60.47710518775904,0.0,54.83694726333715,0.0,59.444444444444414,-5.640157924421882
1375,77.11,80.3596655310791,0.0,129.6096655310791,0.0,64.99999999999997,49.25
1376,62.56,92.55368948448525,0.0,86.91353156006336,0.0,14.999999999999972,-5.6401579244218825
1377,46.776,94.3198735805574,0.9781031822927961,89.65781883842831,0.0,20.55555555555552,-5.6401579244218825
1378,45.413,67.37353349533824,2.9649814272822486,64.6983569981986,0.0,26.111111111111086,-5.6401579244218825
1379,44.547,62.38445927268641,4.908427968531729,61.652729316796254,0.0,31.666666666666643,-5.6401579244218825
1380,43.874,56.327618751178946,3.2419081449825997,53.92936897173966,0.0,37.2222222222222,-5.640157924421882
1381,43.874,49.079637143623295,6.493201519858048,49.932680739059464,0.0,42.77777777777776,-5.640157924421882
1382,44.647,64.41647770528445,7.142079427070841,65.9183992079334,0.0,48.333333333333314,-5.640157924421882
1383,46.186,74.80223245195091,3.4401902605273498,72.60226478805637,0.0,53.888888888888864,-5.640157924421882
1384,60.099,74.42973127177483,1.0327287399650278,69.82230208731796,0.0,59.444444444444414,-5.640157924421882
1385,65.939,63.42690893740886,0.0,112.67690893740885,0.0,64.99999999999997,49.25
1386,68.071,68.99790251103812,0.0,65.39116994357886,0.0,14.999999999999972,-3.6067325674592587
1387,53.938,68.16140363764569,0.0,64.55467107018643,0.0,18.552631578947345,-3.6067325674592587
1388,47.55,65.27446976426455,0.0,61.66773719680529,0.0,22.105263157894697,-3.606732567459259
1389,47.162,52.15162987908928,0.0,48.54489731163002,0.0,25.657894736842053,-3.6067325674592596
1390,47.162,55.65874649474749,0.0,52.05201392728823,0.0,29.210526315789437,-3.6067325674592596
1391,47.162,86.75385730829376,0.0,83.1471247408345,0.0,32.76315789473681,-3.606732567459259
1392,39.773,78.25054589945135,0.0,74.64381333199209,0.0,36.31578947368419,-3.606732567459259
1393,37.88,105.98254774077627,0.0,102.37581517331701,0.0,39.86842105263156,-3.6067325674592587
1394,37.392,110.71938499027397,0.0,107.1126524228147,0.0,43.42105263157893,-3.6067325674592587
1395,37.392,128.22003662944203,0.0,124.61330406198277,0.0,46.9736842105263,-3.606732567459259
1396,37.392,153.26438828096914,0.0,149.65765571350988,0.0,50.526315789473685,-3.606732567459259
1397,37.392,153.78290285135063,0.0,150.17617028389137,0.0,54.078947368421055,-3.606732567459259
1398,36.28,139.63396905784194,0.0,136.02723649038268,0.0,57.63157894736841,-3.60673256745926
1399,45.497,135.54983682782117,0.0,131.9431042603619,0.0,61.18421052631578,-3.60673256745926
1400,40.32,144.27358520614766,4.164086224386443,144.83093886307483,0.0,64.73684210526315,-3.606732567459259
1401,38.155,155.1706861243028,8.201440108466285,159.7653936653098,0.0,68.2894736842105,-3.6067325674592596
1402,38.651,164.3571757901693,13.510357346900944,174.26080056961098,0.0,71.84210526315789,-3.6067325674592596
1403,36.596,172.23755681308018,19.93805306251645,188.56887730813736,0.0,75.39473684210526,-3.6067325674592596
1404,36.005,156.7432326582392,23.598816632408358,176.7353167231883,0.0,78.94736842105263,-3.60673256745926
1405,36.005,151.69472538079236,18.81399693036546,166.90198974369855,0.0,82.49999999999999,-3.606732567459261
1406,36.005,145.5429489770258,22.321871448803506,164.25808785837003,0.0,86.05263157894734,-3.606732567459262
1407,36.913,162.7316070661141,37.63889078331364,196.7637652819685,0.0,89.60526315789473,-3.6067325674592627
1408,37.392,177.60450951870445,24.910031346382254,198.90780829762744,0.0,93.15789473684208,-3.606732567459262
1409,37.88,168.3367368345388,0.20564884321004287,164.9356531102896,0.0,96.71052631578945,-3.606732567459261
1410,37.88,166.39424848128476,0.0,162.7875159138255,0.0,100.26315789473682,-3.606732567459262
1411,37.88,145.11293330935635,0.0,141.5062007418971,0.0,103.81578947368419,-3.606732567459261
1412,37.88,127.81433549549718,0.0,124.20760292803791,0.0,107.36842105263156,-3.606732567459261
1413,38.154,119.31043008896134,0.0,115.70369752150208,0.0,110.92105263157893,-3.606732567459259
1414,38.411,119.62096054753624,0.0,116.01422798007698,0.0,114.4736842105263,-3.606732567459259
1415,42.203,105.17960347885128,0.0,101.57287091139202,0.0,118.02631578947366,-3.606732567459261
1416,49.541,76.40791352654986,0.0,72.8011809590906,0.0,121.57894736842101,-3.606732567459261
1417,49.541,61.3116739588214,0.0,57.70494139136214,0.0,125.13157894736838,-3.606732567459261
1418,49.541,52.527886075641774,0.0,48.92115350818251,0.0,128.68421052631575,-3.606732567459261
1419,49.541,57.415029925430325,0.0,53.80829735797106,0.0,132.23684210526312,-3.6067325674592645
1420,49.541,58.904729202551465,0.0,55.297996635092204,0.0,135.7894736842105,-3.606732567459261
1421,49.541,48.94476063431802,0.0,45.33802806685877,0.0,139.3421052631579,-3.606732567459254
1422,48.323,34.10742275544752,0.0,30.500690187988276,0.0,142.89473684210526,-3.6067325674592468
1423,100.505,25.052067744006326,0.0,21.44533517654708,0.0,146.44736842105263,-3.6067325674592468
1424,64.378,22.84588722580988,3.354282892120012,38.512670117929886,0.0,150.0,12.312499999999996
1425,57.478,15.847009695920594,15.433297126829443,43.592806822750035,0.0,137.5,12.312499999999996
1426,57.851,10.713054843808779,24.457108386689356,47.48266323049813,0.0,125.00000000000001,12.3125
1427,57.478,16.429583099564,44.758419866102756,73.50050296566675,0.0,112.50000000000001,12.3125
1428,55.249,17.93246063168045,83.60489374736626,113.84985437904672,0.0,100.00000000000001,12.312500000000007
1429,55.249,21.371567759572415,77.19856678979791,110.88263454937032,0.0,87.5,12.312500000000007
1430,55.249,27.30520422245563,83.12808339866355,85.0525769612207,0.0,75.0,-25.380710659898476
1431,60.364,27.000637350945855,59.15630479007311,60.77623148112048,0.0,100.0,-25.380710659898476
1432,67.768,36.56876731356411,34.13506362014369,45.323120273809316,0.0,125.0,-25.380710659898476
1433,82.813,47.36969108931791,0.4658835716307372,47.835574660948645,0.0,150.0,0.0
1434,86.911,48.85082889165018,0.0,98.10082889165018,0.0,150.0,49.25
1435,84.414,49.212859288733306,0.0,98.46285928873331,0.0,100.0,49.25
1436,80.196,51.45952330652733,0.0,85.93452330652737,0.0,50.0,34.47500000000004
1437,78.35,52.812038412074244,0.0,48.65883121318176,0.0,14.999999999999972,-4.15320719889248
1438,60.935,58.92646573200266,0.0,54.77325853311018,0.0,19.090909090909065,-4.15320719889248
1439,60.935,62.98427163518734,0.0,58.83106443629486,0.0,23.18181818181816,-4.1532071988924795
1440,52.586,71.4572281230432,0.0,67.30402092415072,0.0,27.27272727272728,-4.1532071988924795
1441,39.569,73.24169092631391,0.0,69.08848372742143,0.0,31.36363636363636,-4.15320719889248
1442,39.569,63.21240140617534,0.0,59.05919420728286,0.0,35.45454545454545,-4.15320719889248
1443,39.569,56.995660838162934,0.0,52.84245363927045,0.0,39.54545454545455,-4.15320719889248
1444,39.569,60.84708019144025,0.0,56.69387299254777,0.0,43.636363636363626,-4.153207198892481
1445,39.569,62.863546885174664,0.0,58.71033968628218,0.0,47.727272727272705,-4.153207198892481
1446,40.199,70.49330357660357,0.0,66.34009637771109,0.0,51.8181818181818,-4.15320719889248
1447,47.608,73.86051626673944,0.0,69.70730906784695,0.0,55.90909090909088,-4.153207198892481
1448,47.833,72.87228113083353,9.1643822700814,77.88345620202244,0.0,59.999999999999986,-4.153207198892481
1449,46.733,58.34814699755371,28.08182038722469,82.2767601858859,0.0,64.09090909090908,-4.153207198892481
1450,44.061,57.42081773381298,57.366742552230775,110.63435308715127,0.0,68.18181818181816,-4.153207198892482
1451,39.569,54.908214235685996,78.24624818361114,129.00125522040466,0.0,72.27272727272724,-4.153207198892483
1452,38.483,55.36154818377438,99.6666246305545,150.8749656154364,0.0,76.36363636363632,-4.153207198892484
1453,38.483,61.898959337029844,95.50704458745291,153.25279672559026,0.0,80.45454545454542,-4.153207198892484
1454,38.538,66.85377832928937,90.82018609461687,153.52075722501374,0.0,84.54545454545452,-4.153207198892483
1455,43.713,62.88854057698583,69.62699813610375,128.3623315141971,0.0,88.6363636363636,-4.153207198892483
1456,43.896,74.57599602995413,39.09276986399245,109.5155586950541,0.0,92.72727272727269,-4.153207198892484
1457,41.984,84.45652782116584,1.3830732307925617,81.68639385306591,0.0,96.81818181818177,-4.153207198892484
1458,41.405,84.85334673989578,0.0,80.7001395410033,0.0,100.90909090909088,-4.153207198892483
1459,41.405,81.15890855732907,0.0,77.0057013584366,0.0,104.99999999999997,-4.153207198892481
1460,41.405,89.88362369493167,0.0,85.73041649603918,0.0,109.09090909090905,-4.153207198892483
1461,40.404,86.25481552669939,0.0,82.1016083278069,0.0,113.18181818181813,-4.153207198892483
1462,40.404,72.0186843414317,0.0,67.8654771425392,0.0,117.27272727272722,-4.153207198892483
1463,39.617,67.44409121707682,0.0,63.29088401818433,0.0,121.36363636363632,-4.153207198892485
1464,53.979,68.11123339879744,0.0,63.95802619990495,0.0,125.45454545454541,-4.153207198892485
1465,53.979,54.533963506905444,0.0,50.380756308012955,0.0,129.5454545454545,-4.153207198892488
1466,53.979,48.335396909856456,0.0,44.182189710963975,0.0,133.6363636363636,-4.153207198892481
1467,53.979,53.210440980732095,0.0,49.057233781839614,0.0,137.72727272727272,-4.153207198892481
1468,57.972,41.62719410122447,0.0,37.473986902331994,0.0,141.8181818181818,-4.153207198892474
1469,74.827,24.36670960837951,0.0,20.213502409487035,0.0,145.9090909090909,-4.153207198892474
1470,75.533,14.768793953433965,0.0,64.01879395343397,0.0,150.0,49.25
1471,103.427,6.120622806303227,0.23096219330888693,55.601584999612115,0.0,100.0,49.25
1472,73.384,0.0,20.85335570392051,24.30085570392051,0.0,50.0,3.4475000000000025
1473,44.32,0.0,56.7296019448155,60.177101944815504,0.0,46.5,3.447500000000003
1474,43.039,0.0,83.28822913588621,86.73572913588622,0.0,42.99999999999999,3.447500000000003
1475,42.498,3.489591169501701,100.0,106.93709116950171,0.0,39.49999999999999,3.447500000000003
1476,42.498,8.571074279675535,100.0,112.01857427967555,0.0,35.99999999999999,3.447500000000003
1477,41.577,8.710008961999918,100.0,112.15750896199992,0.0,32.499999999999986,3.4475000000000025
1478,41.577,6.450897236167373,92.45194156628595,102.35033880245334,0.0,28.99999999999998,3.4475000000000025
1479,45.368,4.529115880420764,68.96506733120972,76.94168321163049,0.0,25.49999999999998,3.4475000000000025
1480,58.712,6.512524820677225,38.20973434655237,48.1697591672296,0.0,21.999999999999975,3.4475000000000016
1481,77.295,11.445227217868286,1.6543101017767299,16.547037319645018,0.0,18.49999999999997,3.4475000000000016
1482,77.91,15.793738008786988,0.0,15.793738008786988,0.0,14.999999999999972,0.0
1483,60.163,23.974174566545983,0.0,23.974174566545983,0.0,14.999999999999972,0.0
1484,57.972,34.63791766724738,0.0,34.63791766724738,0.0,14.999999999999972,0.0
1485,57.972,49.226202659469386,0.0,49.226202659469386,0.0,14.999999999999972,0.0
1486,57.972,64.32967524793962,0.0,64.32967524793962,0.0,14.999999999999972,0.0
1487,57.972,69.05180660166559,0.0,67.90249140197207,0.0,14.999999999999972,-1.1493151996935167
1488,38.854,79.64981854999021,0.0,78.5005033502967,0.0,16.132075471698087,-1.1493151996935165
1489,38.853,80.21937674767285,0.0,79.07006154797934,0.0,17.264150943396203,-1.1493151996935165
1490,38.853,83.36409520756084,0.0,82.21478000786732,0.0,18.39622641509432,-1.1493151996935165
1491,38.853,88.9683658089411,0.0,87.81905060924758,0.0,19.528301886792434,-1.1493151996935165
1492,38.853,82.28039397285153,0.0,81.13107877315801,0.0,20.660377358490543,-1.1493151996935165
1493,38.853,72.44304487841565,0.0,71.29372967872213,0.0,21.792452830188658,-1.1493151996935165
1494,38.853,72.29803222873812,0.0,71.1487170290446,0.0,22.924528301886767,-1.1493151996935165
1495,38.32,78.43244936063628,0.2651475686053636,77.54828172954812,0.0,24.056603773584882,-1.1493151996935165
1496,37.276,77.98700037262417,17.53317872028156,94.3708638932122,0.0,25.188679245282998,-1.1493151996935165
1497,35.378,68.03858186444822,47.829459082968604,114.71872574772331,0.0,26.320754716981106,-1.1493151996935165
1498,34.394,80.72065169233812,63.56189679346507,143.1332332861097,0.0,27.452830188679222,-1.1493151996935165
1499,32.768,91.57872485504119,75.05107975932012,165.4804894146678,0.0,28.584905660377338,-1.1493151996935165
1500,32.698,106.24763984456054,65.17449749912407,170.27282214399108,0.0,29.716981132075446,-1.1493151996935165
1501,32.698,121.17431840336212,52.57261582295703,172.59761902662564,0.0,30.849056603773562,-1.1493151996935165
1502,33.843,137.9974159964776,40.42974574474312,177.2778465415272,0.0,31.981132075471677,-1.1493151996935165
1503,34.458,140.34395438239733,25.794823038307307,164.9894622210111,0.0,33.113207547169786,-1.1493151996935167
1504,35.806,154.16412842986597,20.053534656032895,173.06834788620534,0.0,34.245283018867894,-1.149315199693517
1505,38.353,160.59382127724598,0.5863283939859093,160.03083447153838,0.0,35.377358490565996,-1.1493151996935171
1506,47.773,171.15335407324596,0.0,170.00403887355245,0.0,36.50943396226412,-1.1493151996935171
1507,42.162,162.94958376978005,0.0,161.80026857008653,0.0,37.641509433962234,-1.149315199693517
1508,38.009,157.0669259589489,0.0,155.91761075925538,0.0,38.77358490566035,-1.1493151996935171
1509,38.009,155.04479633994657,0.0,153.89548114025305,0.0,39.90566037735846,-1.149315199693517
1510,38.009,131.9908822398578,0.0,130.84156704016428,0.0,41.03773584905658,-1.149315199693517
1511,38.009,130.67504705403064,0.0,129.52573185433712,0.0,42.1698113207547,-1.1493151996935171
1512,39.812,138.66486578960786,0.0,137.51555058991434,0.0,43.30188679245282,-1.1493151996935171
1513,39.812,135.61438758985838,0.0,134.46507239016486,0.0,44.43396226415093,-1.1493151996935171
1514,39.812,147.41479976576753,0.0,146.265484566074,0.0,45.56603773584904,-1.1493151996935176
1515,39.812,134.4351120858561,0.0,133.2857968861626,0.0,46.69811320754715,-1.1493151996935178
1516,39.812,118.40374775879359,0.0,117.25443255910007,0.0,47.83018867924526,-1.1493151996935174
1517,39.812,101.1561832624239,0.0,100.00686806273038,0.0,48.96226415094337,-1.1493151996935178
1518,39.812,87.53968105295488,0.0,86.39036585326136,0.0,50.094339622641485,-1.1493151996935178
1519,40.363,82.60806530978243,0.0,81.45875011008891,0.0,51.2264150943396,-1.1493151996935178
1520,40.111,84.12295541397195,2.1315830907541495,85.10522330503258,0.0,52.358490566037716,-1.1493151996935183
1521,37.661,77.21825363585548,4.343796580152022,80.41273501631397,0.0,53.490566037735825,-1.1493151996935183
1522,37.076,60.33149763434311,5.129862156429755,64.31204459107934,0.0,54.62264150943394,-1.1493151996935187
1523,37.076,54.30442995464434,5.118503700814651,58.27361845576547,0.0,55.75471698113206,-1.1493151996935187
1524,37.076,48.91526157299,7.064385493959578,54.83033186725606,0.0,56.88679245283018,-1.1493151996935183
1525,37.076,45.72193767297948,6.2391880093435805,50.81181048262954,0.0,58.01886792452829,-1.1493151996935183
1526,39.655,48.04315246477133,4.040978184957295,50.93481545003511,0.0,59.1509433962264,-1.1493151996935183
1527,40.696,66.50704866884297,1.6889210894643354,67.04665455861378,0.0,60.28301886792451,-1.1493151996935183
1528,41.047,73.46244008309202,0.9574006073239092,73.2705254907224,0.0,61.41509433962263,-1.1493151996935191
1529,41.173,83.31803014537346,0.0,82.16871494567994,0.0,62.547169811320735,-1.1493151996935183
1530,55.988,95.66132136825364,0.0,94.51200616856012,0.0,63.679245283018844,-1.1493151996935183
1531,42.691,98.80214374073842,0.0,97.6528285410449,0.0,64.81132075471696,-1.1493151996935183
1532,40.475,93.93055038854293,0.0,92.78123518884941,0.0,65.94339622641508,-1.1493151996935183
1533,40.13,94.84492959489289,0.0,93.69561439519937,0.0,67.07547169811319,-1.1493151996935183
1534,40.13,79.5025829355518,0.0,78.35326773585828,0.0,68.2075471698113,-1.1493151996935183
1535,40.13,77.481319984412,0.0,76.33200478471848,0.0,69.33962264150942,-1.1493151996935183
1536,40.015,74.59923873833526,0.0,73.44992353864174,0.0,70.47169811320754,-1.1493151996935183
1537,40.015,73.83563370725166,0.0,72.68631850755814,0.0,71.60377358490565,-1.1493151996935183
1538,40.015,78.21163815556056,0.0,77.06232295586705,0.0,72.73584905660377,-1.1493151996935183
1539,40.015,82.97463784851416,0.0,81.82532264882065,0.0,73.86792452830188,-1.1493151996935183
1540,40.015,86.33876084032507,0.0,80.90003712748967,0.0,75.0,-5.43872371283539
1541,40.015,89.0102909190233,0.0,83.57156720618792,0.0,80.35714285714285,-5.43872371283539
1542,45.366,92.56639006768634,0.0,87.12766635485096,0.0,85.71428571428571,-5.438723712835383
1543,51.802,93.9273394214292,0.0,88.48861570859381,0.0,91.07142857142856,-5.438723712835383
1544,40.813,91.0158517786569,5.677069514840458,91.25419758066197,0.0,96.4285714285714,-5.43872371283538
1545,36.486,87.6739955355625,16.508656525004735,98.74392834773185,0.0,101.78571428571425,-5.438723712835381
1546,35.405,79.5632251326549,17.57919899798118,91.7037004178007,0.0,107.14285714285711,-5.438723712835383
1547,34.969,68.1249594377437,29.618577642080542,92.30481336698885,0.0,112.49999999999999,-5.438723712835385
1548,34.969,64.75844260951423,22.51978250836801,81.83950140504686,0.0,117.85714285714285,-5.438723712835385
1549,35.697,72.60911732641038,24.147658265069353,91.31805187864435,0.0,123.2142857142857,-5.438723712835385
1550,36.455,72.35377854095363,14.722479322040183,81.63753415015843,0.0,128.57142857142856,-5.438723712835386
1551,37.797,60.5360106487234,12.96212923150953,68.05941616739754,0.0,133.92857142857142,-5.438723712835385
1552,43.653,55.137335075951995,11.174427190601834,60.873038553718445,0.0,139.28571428571428,-5.438723712835386
1553,47.925,57.39381151897982,0.6848092624836004,52.63989706862803,0.0,144.64285714285714,-5.438723712835386
1554,52.015,62.04969612001113,0.0,62.04969612001113,0.0,150.0,0.0
1555,47.87,63.12590445804893,0.0,63.12590445804893,0.0,150.0,0.0
1556,45.1,68.23690511604187,0.0,68.23690511604187,0.0,150.0,0.0
1557,43.68,74.42446113301335,0.0,74.42446113301335,0.0,150.0,0.0
1558,43.078,67.30900924117225,0.0,67.30900924117225,0.0,150.0,0.0
1559,42.301,70.75238246174555,0.0,70.75238246174555,0.0,150.0,0.0
1560,42.29,74.30376889667241,0.0,74.30376889667241,0.0,150.0,0.0
1561,42.29,71.90591744769863,0.0,71.90591744769863,0.0,150.0,0.0
1562,42.29,67.07600053079916,0.0,67.07600053079916,0.0,150.0,0.0
1563,42.29,60.57663361892307,0.0,60.57663361892307,0.0,150.0,0.0
1564,42.29,60.30706835846807,0.0,60.30706835846807,0.0,150.0,0.0
1565,45.869,61.129394544018496,0.0,61.129394544018496,0.0,150.0,0.0
1566,50.99,63.56190681363,0.0,63.56190681363,0.0,150.0,0.0
1567,52.333,65.21268090669464,0.5291509255480151,74.11433183224266,0.0,150.0,8.372500000000004
1568,47.925,55.501303042008246,7.510464317353806,71.38426735936206,0.0,141.5,8.372500000000002
1569,40.871,49.81905404900183,23.56441128429377,81.75596533329559,0.0,133.0,8.372500000000006
1570,38.667,39.25358039251188,21.879093959130348,69.50517435164222,0.0,124.50000000000001,8.372500000000004
1571,37.648,40.3632877902689,21.956072320629318,70.69186011089822,0.0,116.0,8.372500000000006
1572,37.227,41.972699612479744,26.936979825380163,77.28217943785991,0.0,107.5,8.372500000000008
1573,37.266,44.65515016988143,39.11922959587182,92.14687976575325,0.0,99.0,8.37250000000001
1574,40.982,45.401023361915,48.94542377142744,102.71894713334247,0.0,90.5,8.372500000000013
1575,48.151,45.68605579333097,46.342489314630456,100.40104510796145,0.0,82.0,8.372500000000016
1576,49.921,42.564982289811475,30.27922497347994,81.21670726329144,0.0,73.49999999999999,8.372500000000016
1577,53.773,52.655727146020865,2.419396933454218,104.32512407947507,0.0,64.99999999999997,49.25
1578,51.49,72.90561191802851,0.0,72.90561191802851,0.0,14.999999999999972,0.0
1579,49.703,83.18271517747152,0.0,80.2666335271853,0.0,14.999999999999972,-2.9160816502862095
1580,42.58,90.28043634961281,0.0,87.3643546993266,0.0,17.87234042553189,-2.9160816502862095
1581,42.29,93.34560310735719,0.0,90.42952145707099,0.0,20.744680851063805,-2.916081650286209
1582,42.29,87.14313311474369,0.0,84.22705146445747,0.0,23.61702127659572,-2.916081650286209
1583,42.29,94.35711002897226,0.0,91.44102837868604,0.0,26.489361702127624,-2.916081650286209
1584,38.078,98.74047339340157,0.0,95.82439174311537,0.0,29.36170212765954,-2.916081650286209
1585,38.078,100.19114109211853,0.0,97.27505944183233,0.0,32.23404255319146,-2.916081650286209
1586,38.078,108.16048726713684,0.0,105.24440561685063,0.0,35.106382978723374,-2.916081650286209
1587,38.078,112.56752435453319,0.0,109.65144270424699,0.0,37.97872340425529,-2.916081650286209
1588,38.078,129.09929171411395,0.0,126.18321006382774,0.0,40.85106382978721,-2.916081650286209
1589,38.078,146.64952248936305,0.0,143.73344083907685,0.0,43.72340425531911,-2.9160816502862095
1590,46.426,146.71646115143798,0.0,143.80037950115178,0.0,46.59574468085101,-2.91608165028621
1591,42.797,152.39011999067588,0.1449258387360641,149.61896417912575,0.0,49.468085106382915,-2.91608165028621
1592,38.856,165.01186671005416,3.95061616162276,166.0464012213907,0.0,52.34042553191486,-2.91608165028621
1593,36.098,154.86771018958646,7.077650702117625,159.0292792414179,0.0,55.21276595744678,-2.9160816502862095
1594,35.04,216.3191687708716,8.50020190692594,221.90328902751136,0.0,58.08510638297871,-2.9160816502862095
1595,32.989,242.42331246245087,6.725381512560409,246.23261232472507,0.0,60.95744680851061,-2.916081650286209
1596,32.018,203.3308276556944,5.477649698400263,205.89239570380846,0.0,63.82978723404254,-2.916081650286209
1597,32.202,218.18399041802672,3.3038881345455247,218.57179690228605,0.0,66.70212765957446,-2.9160816502862095
1598,33.771,241.16565645597714,2.273043151532194,240.52261795722313,0.0,69.57446808510639,-2.9160816502862095
1599,34.991,263.7209671367662,1.0075771237989484,261.81246261027894,0.0,72.4468085106383,-2.9160816502862095
1600,38.614,266.68240359204253,0.0,263.7663219417563,0.0,75.31914893617021,-2.9160816502862104
1601,39.327,251.98930281190033,0.0,249.07322116161413,0.0,78.19148936170212,-2.9160816502862104
1602,54.124,226.99398992583562,0.0,224.07790827554942,0.0,81.06382978723404,-2.9160816502862095
1603,40.829,200.26329131429964,0.0,197.34720966401343,0.0,83.93617021276594,-2.91608165028621
1604,40.314,149.9691887082005,0.0,147.0531070579143,0.0,86.80851063829788,-2.91608165028621
1605,39.392,84.30047979122567,0.0,81.38439814093945,0.0,89.68085106382979,-2.91608165028621
1606,39.327,25.176622184928725,0.0,22.260540534642516,0.0,92.55319148936171,-2.91608165028621
1607,38.741,9.618901190247144,0.0,6.702819539960933,0.0,95.42553191489361,-2.916081650286211
1608,44.746,43.1714835991803,0.0,40.25540194889409,0.0,98.29787234042553,-2.916081650286211
1609,44.746,96.81593269176886,0.0,93.89985104148265,0.0,101.17021276595747,-2.916081650286211
1610,44.746,105.76715214624937,0.0,102.85107049596317,0.0,104.04255319148939,-2.916081650286209
1611,44.746,99.2535225271895,0.0,96.3374408769033,0.0,106.9148936170213,-2.916081650286208
1612,44.746,78.80304614942091,0.0,75.8869644991347,0.0,109.78723404255322,-2.916081650286209
1613,44.746,63.54302007682718,0.0,60.626938426540974,0.0,112.65957446808513,-2.916081650286209
1614,44.048,63.71555144145618,0.0,60.79946979116997,0.0,115.53191489361703,-2.916081650286211
1615,56.069,61.58720343774909,2.1286069095278553,60.799728696990734,0.0,118.40425531914893,-2.916081650286209
1616,38.692,58.54304712370298,26.45418618722607,82.08115166064285,0.0,121.27659574468083,-2.916081650286211
1617,36.372,53.16320663047588,58.67560963173104,108.9227346119207,0.0,124.14893617021274,-2.916081650286211
1618,35.982,55.31883626731661,77.57972943821437,129.98248405524478,0.0,127.02127659574465,-2.916081650286209
1619,35.21,52.21488082669131,86.8892621832657,136.1880613596708,0.0,129.89361702127658,-2.916081650286209
1620,35.045,55.082087924931706,100.0,152.1660062746455,0.0,132.7659574468085,-2.916081650286209
1621,35.445,57.812145600776,86.94808767786475,141.84415162835455,0.0,135.63829787234042,-2.9160816502862126
1622,36.116,50.00573449045344,85.01192796297484,132.10158080314207,0.0,138.51063829787233,-2.916081650286209
1623,39.003,45.25995791580342,72.36619147189329,114.7100677374105,0.0,141.38297872340425,-2.916081650286209
1624,45.417,38.640321803920905,42.67622971359995,78.40046986723465,0.0,144.25531914893617,-2.916081650286202
1625,65.075,37.183319315826694,4.327588813507051,38.59482647904754,0.0,147.12765957446808,-2.916081650286202
1626,65.075,36.61546961560684,0.0,85.86546961560684,0.0,150.0,49.25
1627,65.075,35.34713156206902,0.0,84.59713156206902,0.0,100.0,49.25
1628,64.584,33.31021126341884,0.0,67.78521126341889,0.0,50.0,34.47500000000004
1629,63.471,36.39857229776058,0.0,36.39857229776058,0.0,14.999999999999972,0.0
1630,48.751,46.92972242308443,0.0,43.884037143896606,0.0,14.999999999999972,-3.0456852791878206
1631,45.169,60.738614712752224,0.0,57.6929294335644,0.0,17.999999999999975,-3.04568527918782
1632,39.629,71.8781449230986,0.0,68.83245964391078,0.0,20.99999999999997,-3.0456852791878206
1633,39.233,76.89153520184206,0.0,73.84584992265424,0.0,23.99999999999998,-3.045685279187821
1634,39.233,86.49256018299086,0.0,83.44687490380304,0.0,26.99999999999997,-3.045685279187821
1635,39.072,102.06001906938435,0.0,99.01433379019653,0.0,29.999999999999964,-3.045685279187821
1636,38.528,112.98112913801657,0.0,109.93544385882875,0.0,32.99999999999997,-3.045685279187821
1637,39.077,118.20249334107856,0.0,115.15680806189074,0.0,35.999999999999964,-3.045685279187821
1638,40.848,125.84958739179041,0.0,122.80390211260259,0.0,38.99999999999997,-3.045685279187821
1639,43.68,129.1772104432026,0.03357644113096139,126.16510160514575,0.0,41.99999999999997,-3.04568527918782
1640,39.175,139.01709575042256,3.0590123398375515,139.0304228110723,0.0,44.99999999999997,-3.04568527918782
1641,35.827,144.6771339800894,10.753934019660132,152.38538272056172,0.0,47.99999999999997,-3.04568527918782
1642,34.706,137.52098483240755,15.258793696102268,149.734093249322,0.0,50.99999999999997,-3.0456852791878193
1643,32.982,138.0270155056913,20.882734945628005,155.86406517213152,0.0,53.999999999999986,-3.0456852791878184
1644,31.912,150.5049103674575,18.5210446182033,165.980269706473,0.0,56.999999999999986,-3.0456852791878184
1645,31.901,167.90730271447566,24.450535126121707,189.31215256140956,0.0,59.99999999999999,-3.0456852791878184
1646,32.254,197.4503764032952,39.28779731109214,233.69248843519952,0.0,62.99999999999999,-3.0456852791878166
1647,34.688,172.9652276210256,45.39748234889378,215.31702469073159,0.0,66.0,-3.045685279187815
1648,38.161,169.35001139644558,18.499306398425215,184.80363251568298,0.0,69.0,-3.045685279187815
1649,42.54,157.28309485365824,1.5665747893878041,155.80398436385823,0.0,72.0,-3.045685279187815
1650,48.523,148.27510101459612,0.0,146.68880659835247,0.0,75.0,-1.5862944162436605
1651,41.949,146.6841201711803,0.0,145.09782575493665,0.0,76.5625,-1.5862944162436605
1652,38.223,140.67854846931596,0.0,139.0922540530723,0.0,78.125,-1.586294416243657
1653,38.223,127.16351600178726,0.0,125.5772215855436,0.0,79.6875,-1.586294416243657
1654,38.223,88.38007440529813,0.0,86.79377998905449,0.0,81.25,-1.5862944162436534
1655,38.223,68.97324779039147,0.0,67.38695337414781,0.0,82.8125,-1.5862944162436552
1656,34.63,53.152455269934265,0.0,51.56616085369061,0.0,84.375,-1.5862944162436552
1657,35.412,36.83326040118956,0.0,35.24696598494591,0.0,85.9375,-1.5862944162436552
1658,35.412,26.183030835524903,0.0,24.59673641928125,0.0,87.5,-1.5862944162436534
1659,35.412,20.733437086205655,0.0,19.147142669962,0.0,89.06249999999999,-1.5862944162436534
1660,35.659,18.650679209230585,0.0,17.06438479298693,0.0,90.625,-1.5862944162436543
1661,37.462,18.070993467840587,0.0,16.484699051596934,0.0,92.1875,-1.5862944162436534
1662,37.462,18.093346072520756,0.0,16.507051656277103,0.0,93.75,-1.5862944162436534
1663,37.557,22.27347675355138,0.0,20.687182337307725,0.0,95.3125,-1.5862944162436543
1664,34.648,33.338370969524895,1.2822757936979552,33.0343523469792,0.0,96.87500000000001,-1.5862944162436552
1665,33.662,34.99259282765173,5.275408834673299,38.68170724608137,0.0,98.43750000000001,-1.5862944162436552
1666,32.885,32.82233774300674,37.44815637405786,68.68419970082094,0.0,100.00000000000003,-1.5862944162436552
1667,31.989,45.23819450407862,51.175159666091815,94.82705975392678,0.0,101.56250000000003,-1.5862944162436552
1668,31.002,93.92178494140187,49.94889948460104,142.28439000975928,0.0,103.12500000000003,-1.586294416243656
1669,31.002,115.33062485489975,40.078380293752645,153.82271073240875,0.0,104.68750000000003,-1.5862944162436556
1670,31.71,139.82140821923025,45.09147838261626,183.32659218560286,0.0,106.25000000000003,-1.5862944162436556
1671,33.407,153.9258703400672,40.10791197632971,192.44748790015328,0.0,107.81250000000003,-1.586294416243656
1672,34.63,177.61357533191565,29.76683772123278,205.79411863690478,0.0,109.37500000000003,-1.5862944162436556
1673,34.63,232.0539257521006,2.4848660834916094,232.95249741934856,0.0,110.93750000000003,-1.5862944162436565
1674,37.498,267.74737256766144,0.0,266.16107815141777,0.0,112.50000000000003,-1.5862944162436556
1675,40.556,287.823554949353,0.0,286.23726053310935,0.0,114.06250000000003,-1.5862944162436556
1676,34.63,285.5899588980747,0.0,284.00366448183104,0.0,115.62500000000003,-1.586294416243657
1677,34.63,286.01424708659664,0.0,284.42795267035297,0.0,117.18750000000003,-1.5862944162436565
1678,34.63,271.73299485061096,0.0,270.1467004343673,0.0,118.75000000000003,-1.586294416243657
1679,34.63,246.39721801171436,0.0,244.8109235954707,0.0,120.31250000000003,-1.586294416243657
1680,37.564,228.66957090959892,0.0,227.08327649335527,0.0,121.87500000000003,-1.5862944162436574
1681,37.564,219.79541282276284,0.0,218.2091184065192,0.0,123.43750000000003,-1.586294416243657
1682,37.564,223.31102711589276,0.0,221.7247326996491,0.0,125.00000000000003,-1.586294416243657
1683,37.564,225.57175505308018,0.0,223.98546063683654,0.0,126.56250000000001,-1.5862944162436565
1684,37.564,195.03405157331193,0.0,193.44775715706828,0.0,128.125,-1.586294416243656
1685,37.564,162.28588644452455,0.0,160.6995920282809,0.0,129.6875,-1.586294416243656
1686,37.564,155.9658351232126,0.0,154.37954070696895,0.0,131.25,-1.5862944162436565
1687,37.564,166.50619856665423,0.33958422419694795,165.25948837460754,0.0,132.8125,-1.5862944162436565
1688,34.103,196.81500356212607,2.2038954963378923,197.4326046422203,0.0,134.375,-1.5862944162436563
1689,34.147,147.17474165111187,10.105169923414158,155.6936171582824,0.0,135.9375,-1.5862944162436565
1690,34.669,163.21399270197318,29.966173924694278,191.59387221042383,0.0,137.5,-1.5862944162436563
1691,33.577,153.4725250020051,29.43733540563182,181.32356599139328,0.0,139.0625,-1.5862944162436563
1692,33.185,146.37726069220994,17.67443653937994,162.46540281534624,0.0,140.625,-1.5862944162436565
1693,33.094,169.55507595695596,18.35408606632452,186.32286760703684,0.0,142.1875,-1.5862944162436565
1694,33.094,140.51065541083335,33.45886683485719,172.3832278294469,0.0,143.75,-1.5862944162436563
1695,34.48,131.57919955572717,35.24989735166002,165.24280249114355,0.0,145.3125,-1.586294416243656
1696,37.669,138.51878364031063,18.77847965937685,155.71096888344383,0.0,146.875,-1.5862944162436563
1697,42.73,179.37945164701551,1.0639781404792155,178.85713537125108,0.0,148.4375,-1.5862944162436563
1698,47.973,177.47184933161142,0.0,177.47184933161142,0.0,150.0,0.0
1699,40.688,176.09200480401952,0.0,176.09200480401952,0.0,150.0,0.0
1700,38.412,179.1834643499156,0.0,179.1834643499156,0.0,150.0,0.0
1701,38.412,178.0670357680174,0.0,178.0670357680174,0.0,150.0,0.0
1702,38.666,173.54681621525228,0.0,173.54681621525228,0.0,150.0,0.0
1703,38.412,176.00024667273914,0.0,176.00024667273914,0.0,150.0,0.0
1704,36.646,161.3584739856286,0.0,161.3584739856286,0.0,150.0,0.0
1705,36.646,158.33622870993443,0.0,158.33622870993443,0.0,150.0,0.0
1706,36.646,139.91738004650213,0.0,139.91738004650213,0.0,150.0,0.0
1707,36.646,125.18465936015144,0.0,125.18465936015144,0.0,150.0,0.0
1708,36.646,118.37000783467428,0.0,118.37000783467428,0.0,150.0,0.0
1709,36.646,117.82244579803553,0.0,117.82244579803553,0.0,150.00000000000006,0.0
1710,36.646,119.52017042237512,0.0,119.52017042237512,0.0,150.00000000000006,0.0
1711,45.045,119.20709048067282,1.3011984164179191,120.50828889709074,0.0,150.00000000000003,0.0
1712,40.227,139.34665860394242,7.3273222687155775,146.673980872658,0.0,150.0,0.0
1713,35.86,159.22714057704593,25.15821552182263,184.38535609886856,0.0,150.0,0.0
1714,35.964,182.94738610229916,35.81435052306713,218.7617366253663,0.0,150.0,0.0
1715,34.906,197.74827940417953,54.114556074257756,251.8628354784373,0.0,150.0,0.0
1716,34.545,194.67560218124848,53.62212889692217,248.29773107817064,0.0,150.0,0.0
1717,34.749,185.42387007551062,49.76304800615986,235.18691808167048,0.0,150.00000000000003,0.0
1718,35.143,192.43655047713574,34.983740292198405,227.42029076933414,0.0,150.00000000000003,0.0
1719,35.86,187.13381831265625,31.296771855535287,218.43059016819154,0.0,150.00000000000003,0.0
1720,39.661,158.65663620626896,16.9017571861871,175.55839339245605,0.0,150.00000000000003,0.0
1721,37.674,178.52100983066157,2.4188236851779945,180.93983351583955,0.0,150.0,0.0
1722,41.188,152.10099707017775,0.0,152.10099707017775,0.0,150.0,0.0
1723,46.143,123.05016452588481,0.0,123.05016452588481,0.0,150.0,0.0
1724,47.075,100.41741278037537,0.0,100.41741278037537,0.0,150.0,0.0
1725,43.671,92.38350980792424,0.0,92.38350980792424,0.0,150.0,0.0
1726,40.559,80.30193161348579,0.0,80.30193161348579,0.0,150.0,0.0
1727,39.805,81.91378039308708,0.0,81.91378039308708,0.0,150.0,0.0
1728,40.946,79.87926736093917,0.0,79.87926736093917,0.0,150.0,0.0
1729,39.499,82.77349045590259,0.0,82.77349045590259,0.0,150.0,0.0
1730,39.499,98.31505252224582,0.0,98.31505252224582,0.0,150.0,0.0
1731,39.499,111.27260352374904,0.0,111.27260352374904,0.0,150.0,0.0
1732,39.499,114.78211528833084,0.0,114.78211528833084,0.0,150.0,0.0
1733,39.499,122.03336565321123,0.0,122.03336565321123,0.0,150.0,0.0
1734,37.433,126.52776651341902,0.0,126.52776651341902,0.0,150.0,0.0
1735,44.426,125.02090954170833,3.081011003582482,128.10192054529082,0.0,150.0,0.0
1736,47.352,102.4680723450279,21.610643815890317,124.07871616091822,0.0,150.0,0.0
1737,37.661,120.34431839171623,36.73282289636048,157.07714128807672,0.0,150.0,0.0
1738,36.073,120.78300760761869,51.58930699980188,172.37231460742055,0.0,150.0,0.0
1739,36.073,138.14526849306912,54.0977367480228,192.2430052410919,0.0,150.0,0.0
1740,34.9,143.68249499238013,48.84018641610488,192.522681408485,0.0,150.0,0.0
1741,34.9,151.54894325964338,41.48142461584659,193.03036787548996,0.0,150.0,0.0
1742,35.369,154.33836950975234,53.29356825562967,207.63193776538202,0.0,150.00000000000003,0.0
1743,37.097,140.00467274018015,32.69842849022713,172.7031012304073,0.0,150.00000000000006,0.0
1744,39.499,113.57771099403608,31.4473178995572,145.0250288935933,0.0,150.00000000000006,0.0
1745,39.564,139.50221946188915,5.0547913857248155,144.55701084761398,0.0,150.00000000000006,0.0
1746,40.533,135.14867021876802,0.0,135.14867021876802,0.0,150.00000000000006,0.0
1747,42.818,132.96047337953254,0.0,132.96047337953254,0.0,150.00000000000006,0.0
1748,47.547,132.38842111527734,0.0,132.38842111527734,0.0,150.00000000000006,0.0
1749,40.376,121.1894123197512,0.0,121.1894123197512,0.0,150.00000000000003,0.0
1750,42.968,134.8411992173621,0.0,134.8411992173621,0.0,150.0,0.0
1751,44.041,130.92825404956773,0.0,130.92825404956773,0.0,150.0,0.0
1752,69.337,125.62692279954501,0.0,125.62692279954501,0.0,150.0,0.0
1753,69.337,122.41171518754483,0.0,122.41171518754483,0.0,150.0,0.0
1754,69.337,123.34733186869776,0.0,123.34733186869776,0.0,150.0,0.0
1755,69.337,119.07922585403306,0.0,119.07922585403306,0.0,150.0,0.0
1756,70.073,115.264476451963,0.0,115.264476451963,0.0,150.0,0.0
1757,70.073,110.2094843183516,0.0,110.2094843183516,0.0,150.0,0.0
1758,85.176,92.74893541937328,0.0,141.99893541937328,0.0,150.0,49.25
1759,73.327,66.90418785827919,1.4282541611295634,92.95744201940875,0.0,100.0,24.625000000000004
1760,50.977,60.92088756230603,8.330489276132527,60.79113995180575,0.0,75.0,-8.460236886632813
1761,39.018,54.79638722191606,11.742540259923025,58.07869059520628,0.0,83.33333333333331,-8.460236886632813
1762,39.018,51.63812031928307,20.52856049034994,63.706443923000194,0.0,91.66666666666664,-8.460236886632813
1763,39.018,38.53567662178491,30.48967759375623,60.56511732890833,0.0,99.99999999999997,-8.460236886632817
1764,39.018,28.21211990090169,30.75363822804474,50.50552124231362,0.0,108.3333333333333,-8.460236886632817
1765,39.611,21.445193864011962,28.439104259739338,41.42406123711848,0.0,116.66666666666663,-8.460236886632819
1766,39.611,17.073840664387838,21.001244063164894,29.614847840919914,0.0,124.99999999999997,-8.46023688663282
1767,41.162,14.370528241505678,10.961626793679171,16.871918148552027,0.0,133.33333333333331,-8.460236886632822
1768,70.835,14.241456034064308,7.848807154351374,13.630026301782861,0.0,141.66666666666666,-8.460236886632822
1769,78.785,11.933604056611639,1.2674774617873263,13.201081518398965,0.0,150.0,0.0
1770,99.974,12.828485556861612,0.0,62.07848555686161,0.0,150.0,49.25
1771,96.705,15.680702259392865,0.0,64.93070225939286,0.0,100.0,49.25
1772,81.64,19.186914266806586,0.0,53.66191426680662,0.0,50.0,34.47500000000004
1773,75.468,21.953673779552343,0.0,21.953673779552343,0.0,14.999999999999972,0.0
1774,71.424,18.61281479897254,0.0,18.61281479897254,0.0,14.999999999999972,0.0
1775,70.689,17.700319648946333,0.0,17.700319648946333,0.0,14.999999999999972,0.0
1776,59.412,18.34626407764174,0.0,18.34626407764174,0.0,14.999999999999972,0.0
1777,58.244,20.3244251198528,0.0,20.3244251198528,0.0,14.999999999999972,0.0
1778,58.244,22.513027757308336,0.0,22.513027757308336,0.0,14.999999999999972,0.0
1779,58.244,24.95122981713693,0.0,24.95122981713693,0.0,14.999999999999972,0.0
1780,45.13,30.32315601532253,0.0,30.32315601532253,0.0,14.999999999999972,0.0
1781,42.868,34.0062825314903,0.0,34.0062825314903,0.0,14.999999999999972,0.0
1782,59.715,37.948486978069184,0.0,37.948486978069184,0.0,14.999999999999972,0.0
1783,58.96,36.07360628012759,1.7460917050535072,36.80446955878516,0.0,14.999999999999972,-1.0152284263959395
1784,44.914,46.03490318097519,7.5636218744347214,52.58329662901397,0.0,15.999999999999972,-1.0152284263959395
1785,38.962,43.18008633203715,19.438105756435196,61.602963662076405,0.0,16.99999999999997,-1.0152284263959395
1786,39.018,59.48037515605556,19.707319098986435,78.17246582864605,0.0,17.999999999999964,-1.0152284263959395
1787,37.21,55.59098569312021,24.72578253096938,79.30153979769365,0.0,18.99999999999997,-1.0152284263959392
1788,35.408,53.45590172827214,25.002488847301503,77.44316214917771,0.0,19.99999999999997,-1.0152284263959392
1789,35.408,48.56069504548063,32.405757114414726,79.95122373349942,0.0,20.99999999999998,-1.0152284263959395
1790,36.616,42.48179754733523,27.34014326630905,68.80671238724835,0.0,21.999999999999986,-1.0152284263959392
1791,39.612,39.49198501644891,22.60520521213811,61.08196180219108,0.0,22.999999999999993,-1.0152284263959392
1792,55.972,39.794004936229946,21.182767054744893,59.9615435645789,0.0,23.999999999999993,-1.0152284263959392
1793,58.964,33.37920598491638,4.432855259638571,36.79683281815902,0.0,24.999999999999993,-1.0152284263959392
1794,47.692,36.05469397258507,0.0,35.039465546189135,0.0,25.999999999999993,-1.0152284263959395
1795,43.427,40.89408901795174,0.0,39.87886059155581,0.0,26.99999999999998,-1.0152284263959395
1796,42.37,44.86159338870617,0.0,43.846364962310226,0.0,27.99999999999998,-1.0152284263959397
1797,42.37,43.311080333608516,0.0,42.29585190721257,0.0,28.99999999999997,-1.0152284263959397
1798,42.37,31.540571576697026,0.0,30.525343150301087,0.0,29.99999999999997,-1.0152284263959395
1799,42.37,33.65262175991566,0.0,32.637393333519725,0.0,30.99999999999998,-1.0152284263959395
1800,40.436,41.226816678489776,0.0,40.21158825209383,0.0,31.99999999999998,-1.0152284263959395
1801,40.436,41.66824383915145,0.0,40.65301541275551,0.0,32.99999999999998,-1.0152284263959395
1802,40.436,38.26025791184983,0.0,37.245029485453884,0.0,33.99999999999998,-1.0152284263959395
1803,40.436,37.61885342481288,0.0,36.60362499841695,0.0,34.99999999999998,-1.0152284263959395
1804,40.436,40.65768959498638,0.0,39.642461168590444,0.0,35.99999999999998,-1.0152284263959395
1805,40.436,41.093136130985705,0.0,40.07790770458976,0.0,36.99999999999998,-1.0152284263959395
1806,45.92,39.933590669585314,0.0,38.91836224318937,0.0,37.99999999999998,-1.0152284263959397
1807,41.036,33.04923882755855,5.751397899882763,37.785408301045365,0.0,38.99999999999997,-1.01522842639594
1808,36.184,24.052103687635427,34.35983413125261,57.39670939249209,0.0,39.999999999999964,-1.0152284263959401
1809,35.667,20.951588797464936,66.09850714938786,86.03486752045686,0.0,40.99999999999997,-1.0152284263959401
1810,34.787,27.320525875316825,84.2034736954505,110.5087711443714,0.0,41.99999999999997,-1.01522842639594
1811,33.637,44.547860419095116,74.51933492075284,118.05196691345202,0.0,42.99999999999998,-1.01522842639594
1812,31.883,54.97990085944721,72.15064459141864,126.11531702446992,0.0,43.99999999999998,-1.0152284263959397
1813,31.883,51.765242742657584,37.38802457581307,88.13803889207472,0.0,44.999999999999986,-1.0152284263959397
1814,33.036,40.92954995169895,34.74655904979923,74.66088057510225,0.0,45.999999999999986,-1.01522842639594
1815,35.993,33.41455273078855,16.490307601049047,48.889631905441654,0.0,46.99999999999999,-1.01522842639594
1816,43.172,36.26463619974685,10.504259137160133,45.75366691051104,0.0,47.99999999999999,-1.01522842639594
1817,46.902,40.6136767697764,3.234053760527377,42.83250210390783,0.0,48.999999999999986,-1.0152284263959404
1818,64.369,37.09674333863521,0.0,36.081514912239264,0.0,49.999999999999986,-1.0152284263959408
1819,58.363,46.17866549793141,0.0,45.16343707153547,0.0,50.99999999999998,-1.0152284263959404
1820,46.447,54.2296523383081,0.0,53.21442391191216,0.0,51.99999999999998,-1.0152284263959408
1821,44.717,62.38072110761034,0.0,61.3654926812144,0.0,52.999999999999986,-1.0152284263959404
1822,44.608,57.505868241552285,0.0,56.49063981515634,0.0,53.99999999999999,-1.0152284263959404
1823,44.608,69.73016399346086,0.0,68.71493556706493,0.0,54.99999999999999,-1.0152284263959404
1824,47.212,63.67595711021702,0.0,62.66072868382108,0.0,55.99999999999999,-1.0152284263959408
1825,43.841,62.90273097403189,0.0,61.88750254763595,0.0,56.999999999999986,-1.0152284263959412
1826,43.841,71.41059199396837,0.0,70.39536356757243,0.0,58.0,-1.0152284263959412
1827,43.841,76.14272936881775,0.0,75.12750094242182,0.0,59.0,-1.0152284263959404
1828,43.841,78.96805062364325,0.0,77.95282219724731,0.0,60.0,-1.0152284263959404
1829,43.841,82.05413969991015,0.0,81.03891127351422,0.0,61.0,-1.0152284263959404
1830,43.841,86.14981571963729,0.0,85.13458729324135,0.0,62.0,-1.0152284263959404
1831,40.488,99.81628463195673,0.8593304411097463,99.66038664667055,0.0,63.0,-1.0152284263959404
1832,34.366,111.57677609026453,3.8214265273243577,114.38297419119296,0.0,64.0,-1.0152284263959395
1833,33.637,94.4036980328039,8.562531303366857,101.95100090977482,0.0,65.0,-1.0152284263959395
1834,32.572,70.99196722296001,13.37487656182191,83.35161535838598,0.0,66.0,-1.0152284263959395
1835,31.895,77.2780387671184,22.352602147550712,98.61541248827318,0.0,67.0,-1.0152284263959377
1836,31.895,60.958628048240215,27.830134587231793,87.77353420907608,0.0,68.00000000000001,-1.015228426395936
1837,31.895,58.34469652202165,34.33631311667592,91.66578121230162,0.0,69.00000000000001,-1.015228426395936
1838,33.481,45.20089145969955,23.735661615239056,67.92132464854267,0.0,70.00000000000001,-1.0152284263959377
1839,36.842,48.81074542646155,14.625969727511082,62.4214867275767,0.0,71.0,-1.015228426395936
1840,43.841,48.1877688073653,4.57106948021381,51.743609861183174,0.0,72.00000000000001,-1.0152284263959324
1841,47.722,40.53311108527201,0.8586572110427558,40.37653986991884,0.0,73.00000000000001,-1.0152284263959288
1842,63.278,38.90179400364206,0.0,37.88656557724613,0.0,74.00000000000001,-1.0152284263959288
1843,63.759,35.824927616731294,0.0,35.824927616731294,0.0,75.0,0.0
1844,55.14,27.039942670330035,0.0,27.039942670330035,0.0,75.0,0.0
1845,49.773,27.711832720665708,0.0,27.711832720665708,0.0,75.0,0.0
1846,47.703,14.026894868880255,0.0,14.026894868880255,0.0,75.0,0.0
1847,47.73,12.275182742058707,0.0,12.275182742058707,0.0,75.0,0.0
1848,47.377,9.360957962769636,0.0,9.360957962769636,0.0,75.0,0.0
1849,47.377,9.344524098194995,0.0,9.344524098194995,0.0,75.0,0.0
1850,47.377,6.646964976779119,0.0,6.646964976779119,0.0,75.0,0.0
1851,47.377,6.554954415919678,0.0,6.554954415919678,0.0,75.0,0.0
1852,46.05,7.061561705487356,0.0,7.061561705487356,0.0,75.0,0.0
1853,45.585,3.453849157950759,0.0,3.453849157950759,0.0,75.0,0.0
1854,45.585,0.0,0.0,0.0,0.0,75.0,0.0
1855,44.688,0.0,0.13902589511766086,0.13902589511766086,0.0,75.0,0.0
1856,35.528,0.0,1.1165616877493885,1.1165616877493885,0.0,75.0,0.0
1857,35.176,0.0,1.0993385793994455,1.0993385793994455,0.0,75.0,0.0
1858,34.608,7.505917971990868,0.9950406361033537,8.500958608094223,0.0,75.0,0.0
1859,33.597,16.972615626520522,2.2992075730256323,19.271823199546155,0.0,75.0,0.0
1860,33.502,26.278701684230125,4.619843744216121,30.898545428446248,0.0,75.0,0.0
1861,33.492,36.66971189307278,1.7467313807079912,38.41644327378077,0.0,75.0,0.0
1862,33.492,42.949671437653365,2.6510172058185693,45.60068864347193,0.0,75.0,0.0
1863,35.386,39.13495340471348,4.786258444958485,43.92121184967196,0.0,75.0,0.0
1864,39.16,38.01636754106679,5.136272210314227,43.15263975138102,0.0,75.0,0.0
1865,44.179,23.254730417224103,1.3791312120622627,24.633861629286365,0.0,75.0,0.0
1866,53.11,22.37814395142006,0.0,22.37814395142006,0.0,75.0,0.0
1867,39.16,56.94892318184129,0.0,56.94892318184129,0.0,75.0,0.0
1868,37.955,145.6880953277077,0.0,145.6880953277077,0.0,75.0,0.0
1869,37.955,203.57158156576978,0.0,203.57158156576978,0.0,75.0,0.0
1870,37.955,166.5687006602528,0.0,165.43225092921256,0.0,75.0,-1.1364497310402442
1871,37.955,152.85062119275116,0.0,151.71417146171092,0.0,76.11940298507463,-1.1364497310402442
1872,36.531,184.59356379534316,0.0,183.4571140643029,0.0,77.23880597014927,-1.136449731040237
1873,36.531,194.0057436299418,0.0,192.86929389890156,0.0,78.3582089552239,-1.136449731040237
1874,36.531,228.61321201045655,0.0,227.4767622794163,0.0,79.47761194029853,-1.136449731040237
1875,36.531,274.2793064261442,0.0,273.142856695104,0.0,80.59701492537317,-1.136449731040237
1876,36.531,293.93786619456506,0.0,292.80141646352484,0.0,81.7164179104478,-1.136449731040237
1877,36.531,263.53870893620325,0.0,262.40225920516303,0.0,82.83582089552243,-1.136449731040237
1878,36.531,216.05123045404406,0.0,214.91478072300382,0.0,83.95522388059706,-1.1364497310402353
1879,44.984,187.55034946572616,6.76140764266175,193.17530737734765,0.0,85.07462686567169,-1.1364497310402353
1880,41.099,204.77419689952163,36.086073110707716,239.72382027918908,0.0,86.19402985074632,-1.1364497310402344
1881,34.819,188.93427057912572,71.77341564703357,259.5712364951191,0.0,87.31343283582095,-1.1364497310402335
1882,33.967,132.54100258953974,90.93589604975963,222.34044890825913,0.0,88.43283582089558,-1.1364497310402335
1883,32.532,116.81231675760463,100.0,215.6758670265644,0.0,89.5522388059702,-1.1364497310402335
1884,32.532,144.16796825850244,100.0,243.0315185274622,0.0,90.67164179104483,-1.1364497310402335
1885,32.532,104.40739491356092,100.0,203.27094518252068,0.0,91.79104477611946,-1.1364497310402335
1886,33.61,99.0956770355489,98.67987331154356,196.63910061605222,0.0,92.91044776119409,-1.1364497310402326
1887,34.532,105.67371827965499,74.97544546014507,179.51271400875981,0.0,94.02985074626872,-1.1364497310402326
1888,44.284,95.65816103377708,44.093006256162774,138.6147175588996,0.0,95.14925373134335,-1.1364497310402335
1889,46.356,65.1277694020352,11.80199684771639,75.79331651871136,0.0,96.26865671641798,-1.136449731040233
1890,52.726,55.061177301639944,0.0,53.924727570599714,0.0,97.38805970149261,-1.136449731040233
1891,42.508,66.40914516468835,0.0,65.27269543364812,0.0,98.50746268656722,-1.1364497310402326
1892,41.475,80.34143864175783,0.0,79.2049889107176,0.0,99.62686567164184,-1.1364497310402322
1893,39.615,96.83073629460503,0.0,95.6942865635648,0.0,100.74626865671647,-1.136449731040233
1894,39.563,119.09648496399541,0.0,117.96003523295518,0.0,101.8656716417911,-1.1364497310402322
1895,37.855,131.35227486466283,0.0,130.2158251336226,0.0,102.98507462686572,-1.1364497310402322
1896,37.956,155.1257049367002,0.0,153.98925520565996,0.0,104.10447761194034,-1.1364497310402326
1897,37.956,183.46078478195463,0.0,182.32433505091439,0.0,105.22388059701497,-1.1364497310402326
1898,37.956,197.32728642647265,0.0,196.1908366954324,0.0,106.3432835820896,-1.1364497310402326
1899,37.956,191.2872889369514,0.0,190.15083920591115,0.0,107.46268656716423,-1.136449731040233
1900,37.956,195.67833947843593,0.0,194.5418897473957,0.0,108.58208955223886,-1.136449731040233
1901,37.956,185.79323017769616,0.0,184.65678044665592,0.0,109.70149253731347,-1.1364497310402326
1902,37.533,169.04736909468494,0.0,167.9109193636447,0.0,110.8208955223881,-1.1364497310402326
1903,41.518,156.8027081560479,1.0330420934267093,156.69930051843437,0.0,111.94029850746271,-1.1364497310402322
1904,34.944,147.24533770753314,5.500112730474072,151.60900070696695,0.0,113.05970149253733,-1.1364497310402322
1905,33.736,121.06208221895007,17.669568572480678,137.5952010603905,0.0,114.17910447761196,-1.1364497310402322
1906,32.931,149.06882945175582,18.082716522472705,166.01509624318828,0.0,115.29850746268659,-1.1364497310402322
1907,31.925,148.60819893586486,26.296320259847832,173.76806946467244,0.0,116.41791044776122,-1.1364497310402326
1908,31.743,139.27461337689718,46.73518828337025,184.8733519292272,0.0,117.53731343283584,-1.1364497310402324
1909,31.743,131.11870223364173,35.525681116179136,165.5079336187806,0.0,118.65671641791047,-1.1364497310402326
1910,32.489,103.33539161534453,19.931664205176915,122.13060608948122,0.0,119.7761194029851,-1.1364497310402324
1911,34.683,91.04666199198923,22.708468343960366,112.61868060490936,0.0,120.89552238805973,-1.1364497310402324
1912,39.444,93.95080252051436,14.386248109052586,107.20060089852672,0.0,122.01492537313436,-1.1364497310402326
1913,40.444,100.41273555864392,4.92970629177657,104.20599211938026,0.0,123.13432835820899,-1.1364497310402326
1914,47.882,87.12147497158537,0.0,85.98502524054514,0.0,124.25373134328362,-1.1364497310402324
1915,48.846,75.94096612638677,0.0,74.80451639534654,0.0,125.37313432835823,-1.1364497310402322
1916,40.444,71.14685796150384,0.0,70.01040823046361,0.0,126.49253731343288,-1.1364497310402324
1917,39.41,79.11710718126619,0.0,77.98065745022596,0.0,127.6119402985075,-1.1364497310402326
1918,41.23,73.0113636297071,0.0,71.87491389866688,0.0,128.73134328358213,-1.1364497310402328
1919,39.936,69.6674619211689,0.0,68.53101219012866,0.0,129.8507462686568,-1.1364497310402333
1920,38.985,68.45116781823948,0.0,67.31471808719925,0.0,130.97014925373142,-1.1364497310402333
1921,38.985,73.90643050349779,0.0,72.76998077245756,0.0,132.08955223880605,-1.1364497310402328
1922,38.985,73.48000199388188,0.0,72.34355226284165,0.0,133.20895522388068,-1.136449731040233
1923,38.985,70.77466654540876,0.0,69.63821681436853,0.0,134.3283582089553,-1.1364497310402328
1924,38.985,68.46185014539479,0.0,67.32540041435456,0.0,135.4477611940299,-1.1364497310402326
1925,38.985,70.6060994553732,0.0,69.46964972433297,0.0,136.56716417910454,-1.1364497310402328
1926,37.78,76.20654947246601,0.0,75.07009974142578,0.0,137.68656716417917,-1.1364497310402326
1927,45.986,68.85918407241857,9.621286515379945,77.34402085675829,0.0,138.8059701492538,-1.1364497310402328
1928,44.475,49.35113422498509,30.3734435139481,78.58812800789296,0.0,139.92537313432842,-1.1364497310402326
1929,37.441,48.285748162985485,55.65611365153994,102.8054120834852,0.0,141.04477611940302,-1.1364497310402322
1930,34.937,52.8390071248128,77.73578021717354,129.4383376109461,0.0,142.16417910447763,-1.1364497310402317
1931,33.438,54.207428957526965,96.71771916268956,149.7886983891763,0.0,143.28358208955223,-1.136449731040232
1932,33.34,57.03631208349959,99.21416474144604,155.11402709390538,0.0,144.40298507462688,-1.1364497310402322
1933,33.816,57.21219658391017,100.0,156.0757468528699,0.0,145.5223880597015,-1.136449731040232
1934,35.263,42.46122977255867,90.07567995863076,131.4004600001492,0.0,146.64179104477614,-1.1364497310402317
1935,38.187,30.430510525417795,63.74978274562141,93.04384353999897,0.0,147.76119402985077,-1.136449731040232
1936,53.463,27.153329312857778,40.96110003839211,66.97797962020967,0.0,148.88059701492537,-1.136449731040232
1937,57.048,34.05895618458207,11.632153245110429,94.9411094296925,0.0,150.0,49.25
1938,58.053,37.227845237501214,0.0,86.47784523750121,0.0,100.0,49.25
1939,56.269,34.109602444193875,0.0,68.5846024441939,0.0,50.0,34.47500000000004
1940,54.815,30.792223720846405,0.0,30.792223720846405,0.0,14.999999999999972,0.0
1941,53.879,28.626135778490326,0.0,28.626135778490326,0.0,14.999999999999972,0.0
1942,53.879,28.53347529008849,0.0,28.53347529008849,0.0,14.999999999999972,0.0
1943,53.441,29.496069585935835,0.0,22.643277707763243,0.0,14.999999999999972,-6.852791878172593
1944,45.453,28.226888131703525,0.0,21.374096253530933,0.0,21.749999999999975,-6.852791878172593
1945,45.453,24.91305915172171,0.0,18.060267273549115,0.0,28.49999999999998,-6.852791878172594
1946,45.453,22.111680397631844,0.0,15.25888851945925,0.0,35.249999999999986,-6.852791878172594
1947,45.453,23.811190320115646,0.0,16.958398441943054,0.0,41.999999999999986,-6.852791878172593
1948,45.453,27.2936794815813,0.0,20.440887603408708,0.0,48.749999999999986,-6.852791878172592
1949,45.453,32.12686854600474,0.0,25.274076667832144,0.0,55.5,-6.852791878172593
1950,60.727,32.78538908974596,0.0,25.93259721157337,0.0,62.24999999999997,-6.852791878172593
1951,45.579,28.45182567599874,10.024371849646842,31.623405647472985,0.0,68.99999999999997,-6.852791878172594
1952,40.52,19.382265613139335,35.0763105531188,47.605784288085545,0.0,75.74999999999997,-6.852791878172592
1953,36.317,14.368191439544196,62.53596465944641,70.051364220818,0.0,82.49999999999996,-6.852791878172592
1954,35.842,10.74342318815108,85.64965171975338,89.54028302973187,0.0,89.24999999999996,-6.852791878172592
1955,34.324,11.817708473061732,99.58614024101313,104.55105683590226,0.0,95.99999999999996,-6.852791878172592
1956,33.329,15.141978692125551,100.0,108.28918681395295,0.0,102.74999999999997,-6.8527918781725905
1957,33.329,20.380314240894922,100.0,113.52752236272232,0.0,109.49999999999999,-6.852791878172589
1958,34.285,25.866380870422855,93.46404198663957,112.47763097888983,0.0,116.25,-6.852791878172589
1959,36.151,27.36768190337276,72.53313667341963,93.04802669861981,0.0,123.0,-6.852791878172585
1960,45.453,24.352288727413168,42.54739840046163,60.04689524970221,0.0,129.75,-6.852791878172589
1961,48.463,25.588717202946007,11.786245666055754,30.52217099082918,0.0,136.5,-6.852791878172582
1962,65.666,23.862923892438673,0.0,17.01013201426609,0.0,143.25,-6.852791878172582
1963,62.085,19.97360772813247,0.0,27.58497136449611,0.0,150.0,7.611363636363638
1964,45.602,17.361282826320508,0.0,24.97264646268415,0.0,142.27272727272728,7.611363636363641
1965,45.453,18.236599899122908,0.0,25.84796353548655,0.0,134.54545454545456,7.611363636363642
1966,45.453,21.108823625370835,0.0,28.720187261734477,0.0,126.81818181818183,7.611363636363642
1967,45.453,25.09766706797746,0.0,32.7090307043411,0.0,119.0909090909091,7.61136363636364
1968,51.153,28.908806910127346,0.0,36.52017054649099,0.0,111.36363636363636,7.611363636363642
1969,51.153,31.74510071014869,0.0,39.35646434651233,0.0,103.63636363636363,7.61136363636364
1970,51.153,29.197863605858817,0.0,36.80922724222246,0.0,95.90909090909089,7.611363636363642
1971,51.153,29.097243076071763,0.0,36.70860671243541,0.0,88.18181818181817,7.611363636363645
1972,51.153,27.0226165633587,0.0,34.633980199722345,0.0,80.45454545454544,7.611363636363642
1973,52.287,26.726668390454105,0.0,34.33803202681776,0.0,72.7272727272727,7.611363636363649
1974,77.529,23.943521617005082,0.0,73.19352161700508,0.0,64.99999999999997,49.25
1975,52.294,17.56114913528968,12.357344927798225,17.735752946336632,0.0,14.999999999999972,-12.182741116751274
1976,41.465,8.31979470702065,34.55146793363659,30.688521523905962,0.0,26.999999999999975,-12.182741116751274
1977,37.952,3.6174223784650996,55.384684714268786,46.81936597598261,0.0,38.999999999999986,-12.182741116751274
1978,36.341,0.0,72.93544570319959,60.75270458644832,0.0,50.999999999999986,-12.182741116751274
1979,34.191,0.0,85.50613417461913,73.32339305786786,0.0,62.999999999999986,-12.182741116751274
1980,34.141,0.0,94.98341175940116,79.75498536346208,0.0,75.0,-15.228426395939088
1981,34.191,0.0,100.0,84.7715736040609,0.0,90.0,-15.228426395939088
1982,35.541,0.0,92.33030754006897,77.10188114412989,0.0,105.0,-15.228426395939088
1983,41.575,0.0,67.20181114240317,51.973384746464085,0.0,120.0,-15.228426395939088
1984,52.759,0.0,38.06580474835827,22.83737835241918,0.0,135.0,-15.228426395939088
1985,59.516,2.6164407481926304,10.66236183249488,13.278802580687511,0.0,150.0,0.0
1986,74.099,4.311034330676252,0.009586468107251354,53.5706207987835,0.0,150.0,49.25
1987,74.099,1.7217479525584716,0.0,50.971747952558474,0.0,100.0,49.25
1988,59.516,0.0,0.0,34.47500000000004,0.0,50.0,34.47500000000004
1989,59.009,0.0,0.0,0.0,0.0,14.999999999999964,0.0
1990,53.566,0.0,0.0,0.0,0.0,14.999999999999972,0.0
1991,52.6,0.0,0.0,0.0,0.0,14.999999999999972,0.0
1992,46.456,0.0,0.0,0.0,0.0,14.999999999999972,0.0
1993,46.456,0.0,0.0,0.0,0.0,14.999999999999972,0.0
1994,46.456,0.0,0.0,0.0,0.0,14.999999999999972,0.0
1995,46.83,0.0,0.0,0.0,0.0,14.999999999999972,0.0
1996,47.382,0.0,0.0,0.0,0.0,14.999999999999972,0.0
1997,48.713,0.0,0.0,0.0,0.0,14.999999999999972,0.0
1998,53.013,0.0,0.0,0.0,0.0,14.999999999999972,0.0
1999,46.063,1.4528641247341028,6.091735073257019,7.544599197991122,0.0,14.999999999999972,0.0
2000,36.617,2.0536351971402826,21.948287127733337,24.001922324873618,0.0,14.999999999999972,0.0
2001,33.905,5.435740938935281,44.56604349862212,50.001784437557404,0.0,14.999999999999972,0.0
2002,32.815,9.725790836648418,81.85284511065609,91.5786359473045,0.0,14.999999999999972,0.0
2003,31.965,12.919848877559497,98.00702038037458,110.92686925793409,0.0,14.999999999999972,0.0
2004,31.965,15.173038864051659,100.0,115.17303886405166,0.0,14.999999999999972,0.0
2005,31.965,18.246066493120207,100.0,118.24606649312021,0.0,14.999999999999972,0.0
2006,32.065,23.236590403931558,98.31395869189417,121.55054909582573,0.0,14.999999999999972,0.0
2007,33.117,29.342440980668986,76.11840329500308,105.46084427567206,0.0,14.999999999999972,0.0
2008,41.5,29.86859473901218,45.43731308815265,75.30590782716483,0.0,14.999999999999972,0.0
2009,47.934,30.331077664457666,13.006633687296373,43.33771135175404,0.0,14.999999999999972,0.0
2010,60.59,33.9127329548765,0.38332398968713144,34.29605694456364,0.0,14.999999999999972,0.0
2011,53.381,37.037676440744825,0.0,37.037676440744825,0.0,14.999999999999972,0.0
2012,46.021,38.21526798454495,0.0,38.21526798454495,0.0,14.999999999999972,0.0
2013,46.021,43.21444446069987,0.0,43.21444446069987,0.0,14.999999999999972,0.0
2014,46.021,44.71462291653286,0.0,44.71462291653286,0.0,14.999999999999964,0.0
2015,46.021,43.59705142093626,0.0,43.59705142093626,0.0,14.999999999999966,0.0
2016,39.825,44.823663359224305,0.0,44.823663359224305,0.0,14.999999999999966,0.0
2017,39.825,49.848256130913505,0.0,49.848256130913505,0.0,14.999999999999966,0.0
2018,39.825,66.59002295827226,0.0,66.59002295827226,0.0,14.999999999999966,0.0
2019,39.825,76.44534641228915,0.0,76.44534641228915,0.0,14.999999999999966,0.0
2020,39.825,77.70402381902599,0.0,77.70402381902599,0.0,14.999999999999966,0.0
2021,43.867,72.06201974816848,0.0,72.06201974816848,0.0,14.999999999999966,0.0
2022,40.791,66.18586877287592,0.188931263864166,66.37480003674008,0.0,14.999999999999968,0.0
2023,37.643,53.96033613591321,14.459928110740064,68.42026424665328,0.0,14.99999999999997,0.0
2024,29.343,32.11507298202247,42.74424459924945,74.85931758127191,0.0,14.999999999999972,0.0
2025,30.563,17.711281670218618,70.24855769589018,87.95983936610881,0.0,14.999999999999972,0.0
2026,32.523,16.473330547508887,89.15793930430532,105.63126985181421,0.0,14.999999999999972,0.0
2027,31.144,10.168425946541097,100.0,110.16842594654109,0.0,14.999999999999972,0.0
2028,30.857,3.435092726792412,100.0,103.43509272679242,0.0,14.999999999999972,0.0
2029,30.857,0.03924895820953194,100.0,100.03924895820953,0.0,14.999999999999972,0.0
2030,31.436,0.0,95.12495726041824,95.12495726041824,0.0,14.999999999999972,0.0
2031,32.555,2.051492912779015,74.5885768649179,76.64006977769691,0.0,14.999999999999972,0.0
2032,35.462,10.35522335850023,43.087603692030264,53.4428270505305,0.0,14.999999999999972,0.0
2033,40.201,18.51472737060589,12.250436464251328,30.76516383485722,0.0,14.999999999999972,0.0
2034,57.056,25.371508694025472,0.43057426753219585,25.80208296155767,0.0,14.999999999999972,0.0
2035,41.971,26.811934297435347,0.0,26.811934297435347,0.0,14.999999999999972,0.0
2036,41.65,22.740861067130766,0.0,22.740861067130766,0.0,14.999999999999972,0.0
2037,40.292,19.53736166331452,0.0,19.53736166331452,0.0,14.999999999999972,0.0
2038,40.292,15.948604611157037,0.0,15.948604611157037,0.0,14.999999999999972,0.0
2039,40.292,12.312355383473601,0.0,12.312355383473601,0.0,14.999999999999972,0.0
2040,43.004,16.05475346477477,0.0,16.05475346477477,0.0,14.999999999999972,0.0
2041,43.004,19.62486495319668,0.0,19.62486495319668,0.0,14.999999999999972,0.0
2042,43.004,17.76272741966447,0.0,17.76272741966447,0.0,14.999999999999972,0.0
2043,43.004,18.71877949872412,0.0,18.71877949872412,0.0,14.999999999999972,0.0
2044,43.422,23.058505964361753,0.0,23.058505964361753,0.0,14.999999999999972,0.0
2045,43.47,23.39655962137889,0.0,23.39655962137889,0.0,14.999999999999972,0.0
2046,68.035,21.684771485215308,0.0,21.684771485215308,0.0,14.999999999999972,0.0
2047,44.947,14.92421486607504,8.19827607818462,21.705893139986255,0.0,14.999999999999972,-1.4165978042734044
2048,38.363,10.637665630142543,21.903647473995942,31.124715299865077,0.0,16.395348837209276,-1.4165978042734042
2049,34.876,8.010653978756547,36.99739531999956,43.591451494482705,0.0,17.790697674418574,-1.4165978042734042
2050,33.894,7.766025133220862,55.61415183499609,61.96357916394356,0.0,19.18604651162788,-1.4165978042734042
2051,32.142,6.965731318505453,81.20491241483269,86.75404592906473,0.0,20.581395348837184,-1.4165978042734042
2052,31.749,8.360545819244269,83.4624537816808,90.40640179665165,0.0,21.97674418604648,-1.4165978042734042
2053,31.749,14.666284022083502,86.2139909822333,99.46367720004339,0.0,23.372093023255786,-1.4165978042734042
2054,32.36,21.79067293113598,84.4690616734164,104.84313680027898,0.0,24.76744186046509,-1.4165978042734042
2055,34.098,23.164123486265588,70.11473552634469,91.86226120833686,0.0,26.16279069767439,-1.4165978042734044
2056,42.671,23.811812924527146,42.63783917577055,65.03305429602429,0.0,27.5581395348837,-1.4165978042734042
2057,51.471,37.95978289583089,11.328308817849777,47.87149390940727,0.0,28.953488372093005,-1.4165978042734042
2058,44.15,59.785411546364145,0.6433350466000087,59.01214878869075,0.0,30.34883720930231,-1.4165978042734042
2059,38.772,78.86359545286973,0.0,77.44699764859632,0.0,31.744186046511615,-1.416597804273404
2060,38.772,93.51313142354066,0.0,92.09653361926725,0.0,33.13953488372092,-1.416597804273404
2061,38.772,104.87726808769834,0.0,103.46067028342493,0.0,34.534883720930225,-1.4165978042734042
2062,38.772,138.56262486123123,0.0,137.14602705695782,0.0,35.93023255813954,-1.4165978042734042
2063,38.772,134.28313798421786,0.0,132.86654017994445,0.0,37.325581395348834,-1.4165978042734042
2064,39.172,131.95511142439756,0.0,130.53851362012415,0.0,38.72093023255813,-1.4165978042734046
2065,39.172,120.9281455463732,0.0,119.5115477420998,0.0,40.11627906976744,-1.4165978042734046
2066,39.172,111.59641492516847,0.0,110.17981712089507,0.0,41.511627906976734,-1.4165978042734044
2067,39.172,99.63832534330506,0.0,98.22172753903165,0.0,42.90697674418603,-1.4165978042734046
2068,39.172,93.93010514274465,0.0,92.51350733847124,0.0,44.302325581395344,-1.4165978042734046
2069,39.172,84.3461848650891,0.0,82.92958706081569,0.0,45.69767441860465,-1.4165978042734046
2070,39.205,81.05946220247293,0.3854891352844668,80.028353533484,0.0,47.09302325581395,-1.416597804273405
2071,40.597,77.97860642721366,11.82536263297251,88.38737125591277,0.0,48.488372093023244,-1.416597804273405
2072,35.993,55.668302174047504,32.27501060988692,86.52671497966102,0.0,49.88372093023254,-1.4165978042734055
2073,31.883,48.51040026993911,62.18600167893188,109.27980414459759,0.0,51.279069767441854,-1.416597804273406
2074,33.65,32.3476033520438,79.71402954076676,110.64503508853716,0.0,52.67441860465115,-1.4165978042734055
2075,32.228,28.93141392488203,91.1479349555554,118.66275107616403,0.0,54.06976744186045,-1.4165978042734055
2076,30.76,32.76665547922481,99.87060862273167,131.22066629768307,0.0,55.465116279069754,-1.4165978042734064
2077,30.76,39.50788521149291,95.78004251319179,133.87132992041128,0.0,56.860465116279045,-1.4165978042734064
2078,30.76,49.43867221711271,90.49950697674059,138.5215813895799,0.0,58.25581395348835,-1.4165978042734064
2079,33.012,62.437712512217715,72.04198230739405,133.06309701533837,0.0,59.651162790697654,-1.4165978042734055
2080,36.976,79.87965426350144,41.4485513359024,119.91160779513044,0.0,61.04651162790695,-1.4165978042734064
2081,41.717,118.82821404551268,11.714231123882202,129.12584736512147,0.0,62.44186046511625,-1.4165978042734064
2082,48.444,147.46666598325965,0.855708467902951,146.9057766468892,0.0,63.837209302325554,-1.4165978042734064
2083,42.075,161.69434002616237,0.0,160.27774222188896,0.0,65.23255813953486,-1.4165978042734064
2084,42.38,152.41383965662948,0.0,150.99724185235607,0.0,66.62790697674417,-1.4165978042734046
2085,41.717,128.5101170736459,0.0,127.09351926937248,0.0,68.02325581395348,-1.4165978042734046
2086,41.354,131.26263717164275,0.0,129.84603936736934,0.0,69.41860465116278,-1.4165978042734046
2087,39.627,112.5125785098883,0.0,111.09598070561489,0.0,70.81395348837209,-1.416597804273401
2088,36.739,96.0751577150917,0.0,94.65855991081831,0.0,72.2093023255814,-1.416597804273394
2089,36.739,80.92002016676302,0.0,79.50342236248963,0.0,73.6046511627907,-1.416597804273394
2090,36.739,75.01099073210891,0.0,86.83099073210892,0.0,75.0,11.820000000000007
2091,36.739,81.49599831109775,0.0,93.31599831109776,0.0,63.0,11.820000000000007
2092,36.739,84.82625711617047,0.0,96.64625711617047,0.0,50.99999999999999,11.820000000000011
2093,36.739,81.04314858573109,0.0,92.8631485857311,0.0,38.99999999999999,11.820000000000013
2094,42.957,79.19253993385273,0.967426316435442,91.97996625028819,0.0,26.999999999999986,11.820000000000014
2095,39.549,76.61928235623454,16.259352299250093,92.87863465548463,0.0,14.999999999999972,0.0
2096,35.993,71.72800428767445,43.547255920133274,115.27526020780772,0.0,14.999999999999972,0.0
2097,30.151,93.98476034763681,69.732295504187,163.7170558518238,0.0,14.999999999999972,0.0
2098,28.052,111.51526788095768,93.01648570992785,204.53175359088553,0.0,14.999999999999972,0.0
2099,24.575,157.35699883231888,97.51721997507096,254.87421880738984,0.0,14.999999999999972,0.0
2100,21.373,213.67888577203883,100.0,300.0,13.678885772038825,14.999999999999972,0.0
2101,21.373,244.46818145818278,100.0,300.0,44.46818145818281,14.999999999999972,0.0
2102,21.373,299.7244366375611,59.154705790293335,300.0,58.87914242785445,14.999999999999972,0.0
2103,26.888,318.6637963156654,27.12941594865447,300.0,45.79321226431989,14.999999999999972,0.0
2104,33.132,306.02518097144025,6.586299938756092,300.0,12.611480910196349,14.999999999999972,0.0
2105,33.132,289.58190265109306,5.444055454022849,295.02595810511593,0.0,14.999999999999972,0.0
2106,33.132,328.8407310118686,0.10175669430805825,300.0,28.942487706176678,14.999999999999972,0.0
2107,33.132,330.99769127775284,0.0,300.0,30.997691277752836,14.999999999999972,0.0
2108,33.132,320.74917040426357,0.0,300.0,20.749170404263566,14.999999999999972,0.0
2109,33.132,304.9656056875717,0.0,300.0,4.965605687571724,14.999999999999972,0.0
2110,33.132,273.60780636232886,0.0,273.60780636232886,0.0,14.999999999999972,0.0
2111,33.132,267.0735924728111,0.0,267.0735924728111,0.0,14.999999999999972,0.0
2112,31.777,269.512058571629,0.0,269.512058571629,0.0,14.999999999999972,0.0
2113,31.777,275.5812593308117,0.0,275.5812593308117,0.0,14.999999999999972,0.0
2114,31.777,283.4635913203351,0.0,283.4635913203351,0.0,14.999999999999972,0.0
2115,31.777,290.26641221850116,0.0,290.26641221850116,0.0,14.999999999999972,0.0
2116,31.777,295.96812826888663,0.0,295.96812826888663,0.0,14.999999999999972,0.0
2117,31.777,308.79841861391924,0.0,300.0,8.798418613919239,14.999999999999972,0.0
2118,35.96,316.3009234004094,0.3968950099521193,300.0,16.697818410361492,14.999999999999972,0.0
2119,33.838,332.24441950769796,10.413988567774856,300.0,31.237088278518517,14.999999999999972,-11.421319796954318
2120,29.877,340.54816105762524,30.809921488082146,300.0,59.93676274875304,26.249999999999975,-11.421319796954318
2121,19.205,333.6978018728416,54.83164158673583,300.0,77.10812366262309,37.49999999999996,-11.421319796954318
2122,15.971,343.4837460488142,86.58850751530909,300.0,118.65093376716902,48.74999999999994,-11.421319796954318
2123,14.76,349.1105027863439,96.21674423319183,300.0,133.9059272225814,59.99999999999994,-11.421319796954318
2124,14.76,348.2220353590422,93.07998529446566,300.0,129.88070085655352,71.24999999999996,-11.421319796954318
2125,15.437,347.92145169406245,88.25992429093762,300.0,124.76005618804572,82.49999999999997,-11.421319796954318
2126,17.221,343.0099364793919,70.7161252692915,300.0,102.30474195172906,93.74999999999997,-11.421319796954322
2127,24.798,339.68402255564405,57.54960158872353,300.0,85.81230434741326,104.99999999999997,-11.421319796954318
2128,32.723,325.5377221750378,38.953456976243594,300.0,53.0698593543271,116.24999999999999,-11.421319796954315
2129,33.492,307.4643177343606,10.585926773531092,300.0,6.628924710937341,127.5,-11.421319796954307
2130,38.783,312.06453857031534,1.2913351153784882,300.0,1.9345538887395293,138.75,-11.421319796954307
2131,35.243,289.2141058965325,0.0,300.0,0.0,150.0,10.785894103467513
2132,37.364,260.0664706416654,0.0,271.1745711777138,0.0,139.04985370206344,11.10810053604841
2133,34.73,228.6248990003917,0.0,239.7329995364401,0.0,127.77259427460314,11.108100536048411
2134,33.727,226.20285931518154,0.0,237.31095985122994,0.0,116.49533484714281,11.10810053604841
2135,32.99,203.2674779034537,0.0,214.3755784395021,0.0,105.21807541968248,11.10810053604841
2136,32.081,176.20301081450802,0.0,187.31111135055642,0.0,93.94081599222217,11.108100536048408
2137,32.081,177.70156979121137,0.0,188.80967032725977,0.0,82.66355656476185,11.108100536048408
2138,32.081,229.31230045981965,0.0,240.42040099586805,0.0,71.38629713730154,11.10810053604841
2139,32.081,278.0616720655003,0.0,289.16977260154874,0.0,60.109037709841225,11.108100536048411
2140,32.081,283.51409347138593,0.0,294.62219400743436,0.0,48.83177828238092,11.108100536048411
2141,32.395,303.36825100924625,0.0,300.0,14.476351545294664,37.5545188549206,11.108100536048413
2142,35.694,316.4982081255206,1.056565236178351,300.0,28.66287389774736,26.277259427460287,11.108100536048413
2143,44.31,315.14652598980615,17.813987317034368,300.0,21.53919350988622,14.999999999999972,-11.421319796954318
2144,33.82,327.55670842476644,43.71746932454617,300.0,59.852857952358306,26.249999999999975,-11.421319796954318
2145,32.192,322.5869934852658,74.37593895226901,300.0,85.54161264058047,37.49999999999996,-11.421319796954318
2146,32.192,287.7017557750977,98.10221806539984,300.0,74.3826540435432,48.74999999999994,-11.421319796954318
2147,29.966,314.67518695628473,100.0,300.0,103.25386715933041,59.99999999999994,-11.421319796954318
2148,29.966,336.95508875207656,100.0,300.0,125.53376895512224,71.24999999999996,-11.421319796954318
2149,29.966,340.60046953107457,100.0,300.0,129.17914973412024,82.49999999999997,-11.421319796954318
2150,29.966,340.9633053144974,94.91396745633473,300.0,124.4559529738778,93.74999999999997,-11.421319796954322
2151,30.418,345.7922658876041,74.47327908796622,300.0,108.844225178616,104.99999999999997,-11.421319796954318
2152,32.081,346.1799012367757,30.810075042890343,300.0,65.56865648271173,116.24999999999999,-11.421319796954315
2153,33.676,334.57471853980445,5.221045995359511,300.0,28.374444738209675,127.5,-11.421319796954307
2154,37.611,315.04642777727724,0.0,300.0,3.6251079803229374,138.75,-11.421319796954307
2155,38.224,314.1590776584009,0.0,300.0,14.159077658400918,150.0,0.0
2156,35.031,313.60616528730975,0.0,300.0,13.60616528730975,150.0,0.0
2157,33.211,321.4894066513798,0.0,300.0,21.489406651379795,150.0,0.0
2158,32.259,337.43935571235437,0.0,300.0,37.43935571235437,150.0,0.0
2159,32.081,340.8328592745773,0.0,300.0,40.83285927457729,150.0,0.0
2160,31.099,340.34551563632266,0.0,300.0,40.34551563632266,150.0,0.0
2161,30.735,344.6448723419637,0.0,300.0,44.64487234196372,150.0,0.0
2162,30.735,346.9876345846307,0.0,300.0,46.98763458463071,150.0,0.0
2163,30.735,345.6098688812424,0.0,300.0,45.60986888124239,150.0,0.0
2164,30.735,338.4554003914652,0.0,300.0,38.45540039146522,150.0,0.0
2165,30.735,298.1809275569494,0.0,298.1809275569494,0.0,150.0,0.0
2166,30.735,166.87498973120896,1.5412009454746922,168.41619067668364,0.0,150.0,0.0
2167,30.085,85.78330624765688,10.255703642213472,96.03900988987036,0.0,150.0,0.0
2168,21.884,102.50578637713909,44.244348494353005,146.7501348714921,0.0,150.00000000000003,0.0
2169,20.047,140.6174563463281,71.98044606756919,212.59790241389732,0.0,150.00000000000006,0.0
2170,15.145,149.43352259597862,92.08430036346734,241.51782295944594,0.0,150.00000000000006,0.0
2171,14.48,143.62970579791505,100.0,243.62970579791505,0.0,150.00000000000006,0.0
2172,14.48,129.1608312163404,100.0,229.1608312163404,0.0,150.00000000000006,0.0
2173,14.48,134.1629451586414,100.0,234.1629451586414,0.0,150.00000000000003,0.0
2174,15.145,104.38646489309664,100.0,204.38646489309664,0.0,150.00000000000003,0.0
2175,21.884,73.91520931260638,80.1943743313754,154.10958364398178,0.0,150.0,0.0
2176,25.897,61.2685548224179,47.37719468983629,108.64574951225418,0.0,150.0,0.0
2177,33.912,45.01587738622808,13.579727173175204,58.595604559403284,0.0,150.0,0.0
2178,35.355,36.08749743410963,2.313337744667883,38.40083517877751,0.0,150.0,0.0
2179,37.164,32.27367146904249,0.0,32.27367146904249,0.0,150.00000000000003,0.0
2180,42.078,31.021458256568227,0.0,31.021458256568227,0.0,150.0,0.0
2181,44.361,39.176390325207215,0.0,88.42639032520722,0.0,150.0,49.25
2182,39.682,41.964687487585564,0.0,41.964687487585564,0.0,100.0,0.0
2183,44.698,55.762618865311005,0.0,105.012618865311,0.0,100.0,49.25
2184,39.501,65.87864134665378,0.0,65.87864134665378,0.0,50.0,0.0
2185,39.501,74.66937370129413,0.0,74.66937370129413,0.0,50.0,0.0
2186,39.501,76.0166010999675,0.0,76.0166010999675,0.0,50.0,0.0
2187,39.501,88.26994887880598,0.0,73.04152248286692,0.0,50.0,-15.228426395939053
2188,39.501,103.35918027617187,0.0,103.35918027617187,0.0,64.99999999999997,0.0
2189,50.308,108.528593486028,0.0,157.778593486028,0.0,64.99999999999997,49.25
2190,38.662,110.6537520712794,1.9816145758571349,106.5439960887609,0.0,14.999999999999972,-6.091370558375636
2191,35.089,124.36899491773201,15.326270677057735,133.60389503641412,0.0,20.99999999999997,-6.091370558375637
2192,29.749,197.36666235874705,31.71524926115639,222.9905410615278,0.0,26.999999999999964,-6.091370558375637
2193,23.321,228.03759266190278,46.83455691584112,268.7807790193683,0.0,32.99999999999998,-6.091370558375636
2194,20.419,219.0701727398042,49.88277567535348,262.86157785678205,0.0,38.999999999999986,-6.091370558375636
2195,14.393,262.90539953565593,42.580847748472735,299.3948767257531,0.0,44.999999999999986,-6.091370558375637
2196,14.249,276.7358605422411,38.56663497863932,300.0,9.21112496250479,50.999999999999986,-6.091370558375637
2197,14.249,304.06079207049703,24.11411333273652,300.0,22.0835348448579,56.99999999999999,-6.091370558375637
2198,14.684,311.30212508289014,13.18071968328164,300.0,18.391474207796175,62.99999999999999,-6.091370558375633
2199,20.419,290.14192452647586,6.0650722923570815,290.1156262604573,0.0,68.99999999999999,-6.091370558375633
2200,28.501,306.7647445646166,3.4132024611997194,300.0,7.249403488135712,75.0,-2.9285435376805964
2201,31.574,294.4924506544593,4.9314006804390464,296.4953077972177,0.0,77.88461538461539,-2.9285435376805964
2202,31.574,278.568749006232,0.7014214702156185,276.34162693876704,0.0,80.76923076923077,-2.928543537680593
2203,31.574,300.8082540995967,0.0,297.8797105619161,0.0,83.65384615384615,-2.928543537680593
2204,31.574,321.60398910185944,0.0,300.0,18.675445564178847,86.53846153846153,-2.928543537680593
2205,31.574,328.2246550746998,0.0,300.0,25.2961115370192,89.42307692307693,-2.9285435376805946
2206,31.574,300.37526344529886,0.0,297.4467199076183,0.0,92.30769230769232,-2.9285435376805946
2207,31.574,262.446647271024,0.0,259.5181037333434,0.0,95.19230769230771,-2.9285435376805946
2208,39.669,215.27023004036613,0.0,212.34168650268555,0.0,98.0769230769231,-2.9285435376805946
2209,39.669,181.41516057167016,0.0,178.48661703398957,0.0,100.96153846153848,-2.9285435376805946
2210,39.669,180.41491602197001,0.0,177.48637248428943,0.0,103.84615384615387,-2.9285435376805955
2211,39.669,178.2242664898349,0.0,175.2957229521543,0.0,106.73076923076925,-2.9285435376805946
2212,39.669,182.54286425349466,0.0,179.61432071581407,0.0,109.61538461538464,-2.9285435376805937
2213,39.669,180.86575784297,0.0,177.93721430528942,0.0,112.50000000000003,-2.9285435376805946
2214,48.412,177.64545053584257,2.5726863802394884,177.28959337840146,0.0,115.38461538461542,-2.9285435376805946
2215,45.211,175.5616581546805,17.36671779004207,189.99983240704196,0.0,118.26923076923079,-2.9285435376805946
2216,36.528,180.0133806584915,41.93473579098477,219.0195729117957,0.0,121.15384615384619,-2.9285435376805946
2217,34.161,172.448968235131,66.0727599205553,235.5931846180057,0.0,124.03846153846158,-2.9285435376805946
2218,36.447,154.62786034136175,77.27255445206647,228.97187125574766,0.0,126.92307692307696,-2.9285435376805955
2219,35.835,146.96039732907371,100.0,244.03185379139313,0.0,129.80769230769235,-2.928543537680596
2220,35.835,136.00968131718847,97.54281008612709,230.623947865635,0.0,132.69230769230774,-2.928543537680595
2221,35.835,127.38404451036652,91.77613718897653,216.2316381616625,0.0,135.5769230769231,-2.9285435376805937
2222,36.345,110.82430247506935,74.27216966986326,182.167928607252,0.0,138.46153846153845,-2.9285435376805933
2223,37.827,104.02259013669253,55.656237756376406,156.75028435538835,0.0,141.34615384615384,-2.928543537680594
2224,47.703,93.55304928696829,35.43313514839494,126.05764089768262,0.0,144.23076923076923,-2.9285435376805933
2225,56.699,81.63712543018028,9.940406637467754,88.64898852996744,0.0,147.1153846153846,-2.9285435376805933
2226,62.287,63.048514641228095,2.053334141395885,114.35184878262397,0.0,150.0,49.25
2227,57.69,52.24964556907022,0.0,101.49964556907022,0.0,100.0,49.25
2228,57.69,43.203524536520305,0.0,77.67852453652034,0.0,50.0,34.47500000000004
2229,56.699,36.42877352971682,0.0,36.42877352971682,0.0,14.999999999999972,0.0
2230,55.512,27.40730519197021,0.0,24.29239979280085,0.0,14.999999999999972,-3.1149053991693605
2231,53.701,22.577475852416907,0.0,19.462570453247547,0.0,18.06818181818179,-3.1149053991693605
2232,48.347,18.314208560809274,0.0,15.199303161639914,0.0,21.136363636363612,-3.1149053991693596
2233,48.347,13.482645532885824,0.0,10.367740133716463,0.0,24.204545454545425,-3.11490539916936
2234,48.347,10.7921897594221,0.0,7.677284360252741,0.0,27.272727272727224,-3.11490539916936
2235,48.172,10.254830161180314,0.0,7.139924762010954,0.0,30.34090909090905,-3.11490539916936
2236,48.804,7.4600903670728504,0.0,4.34518496790349,0.0,33.409090909090864,-3.11490539916936
2237,49.223,4.265451957426366,0.0,1.1505465582570058,0.0,36.47727272727268,-3.1149053991693605
2238,48.891,1.489176801259978,1.8813612150760834,0.2556326171667007,0.0,39.54545454545449,-3.1149053991693605
2239,46.786,0.0,11.169015747278726,8.054110348109365,0.0,42.6136363636363,-3.114905399169361
2240,38.949,0.0,30.73882221885778,27.623916819688418,0.0,45.68181818181813,-3.114905399169361
2241,36.016,0.0,57.08069477158693,53.96578937241757,0.0,48.74999999999996,-3.1149053991693605
2242,34.688,0.0,75.68317458656789,72.56826918739853,0.0,51.818181818181785,-3.114905399169361
2243,33.484,0.0,89.13803570598462,86.02313030681526,0.0,54.88636363636358,-3.114905399169361
2244,33.484,2.200547515807302,91.00435258646982,90.08999470310776,0.0,57.95454545454541,-3.114905399169361
2245,34.453,3.4696707182052346,67.68220361562,68.03696893465587,0.0,61.022727272727224,-3.1149053991693614
2246,34.896,3.008747989564879,43.1147880833934,43.00863067378892,0.0,64.09090909090907,-3.1149053991693614
2247,35.994,5.766728050138085,24.90922295836145,27.561045609330172,0.0,67.15909090909088,-3.1149053991693614
2248,44.969,13.562158408000045,16.65873008293952,27.105983091770202,0.0,70.22727272727269,-3.114905399169362
2249,48.173,19.651978839325565,4.732830984192741,21.269904424348944,0.0,73.29545454545452,-3.114905399169362
2250,49.988,18.2155350985538,0.7137080729594186,15.81433777234386,0.0,76.36363636363633,-3.1149053991693614
2251,43.59,19.42979201914858,0.0,16.314886619979216,0.0,79.43181818181813,-3.1149053991693623
2252,41.695,24.392104826435702,0.0,21.27719942726634,0.0,82.49999999999997,-3.114905399169362
2253,41.695,31.48406261516345,0.0,28.369157215994086,0.0,85.5681818181818,-3.114905399169362
2254,41.695,48.008828854215565,0.0,44.893923455046206,0.0,88.63636363636361,-3.1149053991693627
2255,41.695,50.258693289265004,0.0,47.14378789009564,0.0,91.70454545454541,-3.1149053991693636
2256,41.702,51.42260652525992,0.0,48.307701126090556,0.0,94.77272727272722,-3.1149053991693645
2257,41.702,50.66923534485474,0.0,47.554329945685375,0.0,97.84090909090907,-3.1149053991693645
2258,41.702,47.015485265543916,0.0,43.90057986637455,0.0,100.90909090909088,-3.1149053991693636
2259,41.702,43.811270107776814,0.0,40.69636470860745,0.0,103.97727272727269,-3.1149053991693636
2260,41.702,48.0289012809597,0.0,44.913995881790335,0.0,107.0454545454545,-3.1149053991693645
2261,41.702,56.16028360519914,0.0,53.045378206029774,0.0,110.11363636363632,-3.1149053991693645
2262,44.546,52.90592024135711,4.1565014109248,53.947516253112546,0.0,113.18181818181813,-3.1149053991693663
2263,45.412,36.94864076302238,22.932061347599024,56.76579671145204,0.0,116.24999999999994,-3.1149053991693645
2264,41.651,36.00796754521255,55.2393016411343,88.13236378717748,0.0,119.31818181818176,-3.1149053991693645
2265,37.305,43.05669717383968,84.81316337485259,124.75495514952291,0.0,122.38636363636357,-3.1149053991693663
2266,35.157,51.2753667039605,93.88763052246097,142.04809182725208,0.0,125.45454545454538,-3.1149053991693663
2267,34.897,52.075789424949456,100.0,148.96088402578008,0.0,128.52272727272722,-3.1149053991693663
2268,34.897,48.64666308772241,100.0,145.53175768855303,0.0,131.59090909090904,-3.1149053991693663
2269,37.033,43.50683710061544,100.0,140.39193170144605,0.0,134.65909090909088,-3.1149053991693663
2270,39.532,36.97566777978122,100.0,133.86076238061185,0.0,137.7272727272727,-3.1149053991693663
2271,43.606,27.685283798425086,80.19646215390415,104.76684055315988,0.0,140.79545454545453,-3.114905399169359
2272,48.001,18.924301982677303,47.70485921300185,63.514255796509815,0.0,143.86363636363637,-3.114905399169345
2273,58.601,11.751490772183013,14.025168500090626,22.661753873104296,0.0,146.9318181818182,-3.114905399169345
2274,60.191,10.08020816419398,3.9396294351036296,63.26983759929761,0.0,150.0,49.25
2275,55.503,10.74052634536131,0.0,59.99052634536131,0.0,100.0,49.25
2276,56.873,10.721297719698061,0.0,10.721297719698061,0.0,50.0,0.0
2277,49.92,10.845747747702317,0.0,10.845747747702317,0.0,50.0,0.0
2278,49.214,7.7751430163836535,0.0,7.7751430163836535,0.0,50.0,0.0
2279,49.214,6.60990322716637,0.0,6.60990322716637,0.0,50.0,0.0
2280,53.251,2.522586962496217,0.0,2.522586962496217,0.0,50.0,0.0
2281,53.251,0.0,0.0,0.0,0.0,50.0,0.0
2282,53.251,0.08652509072808258,0.0,0.08652509072808258,0.0,50.0,0.0
2283,53.251,1.6266647980779387,0.0,1.6266647980779387,0.0,50.0,0.0
2284,53.251,1.788749504546232,0.0,1.788749504546232,0.0,50.0,0.0
2285,53.251,1.217094204883744,0.0,1.217094204883744,0.0,50.0,0.0
2286,67.907,1.8741479305083837,4.771717744378614,6.6458656748869975,0.0,50.0,0.0
2287,53.215,3.6421739547452314,24.550231162756727,18.040120853542568,0.0,50.0,-10.152284263959391
2288,52.789,7.2759064167683185,50.22012763068956,47.343749783498495,0.0,59.999999999999986,-10.152284263959391
2289,46.324,15.280539408028886,69.84107968573132,74.96933482980081,0.0,69.99999999999997,-10.152284263959391
2290,43.861,15.363067259972842,81.80836686903773,87.01914986505118,0.0,79.99999999999999,-10.152284263959391
2291,43.682,20.888001503064224,81.8850248502769,92.62074208938174,0.0,89.99999999999999,-10.152284263959391
2292,43.682,29.237590451768803,79.68034056589417,98.76564675370358,0.0,100.0,-10.152284263959391
2293,44.894,36.454425792703816,71.5094816870764,97.81162321582083,0.0,110.0,-10.152284263959388
2294,46.649,38.13816465023688,53.91374481583245,81.89962520210995,0.0,120.00000000000001,-10.152284263959388
2295,53.251,39.55122134310607,44.5508609243733,73.94979800351999,0.0,130.0,-10.152284263959388
2296,54.097,38.8413420426702,32.672043872351416,61.36110165106223,0.0,140.0,-10.152284263959388
2297,64.671,34.292158823989034,7.291480132659325,41.58363895664836,0.0,150.0,0.0
2298,74.877,36.63412152693587,2.785598635544241,88.6697201624801,0.0,150.0,49.25
2299,59.483,42.35596947789839,0.0,91.60596947789838,0.0,100.0,49.25
2300,59.279,50.384217344374804,0.0,84.85921734437484,0.0,50.0,34.47500000000004
2301,55.995,57.704706652773126,0.0,50.936517143466865,0.0,14.999999999999972,-6.768189509306261
2302,54.097,58.83814124305181,0.0,52.06995173374555,0.0,21.66666666666664,-6.768189509306262
2303,53.251,66.24256303549193,0.0,59.474373526185666,0.0,28.333333333333314,-6.768189509306262
2304,49.022,78.55566417273819,0.0,71.78747466343192,0.0,34.999999999999986,-6.768189509306262
2305,40.259,97.14093486781255,0.0,90.37274535850628,0.0,41.66666666666666,-6.7681895093062625
2306,39.414,124.25904718019919,0.0,117.49085767089292,0.0,48.33333333333332,-6.7681895093062625
2307,39.414,173.90565068094892,0.0,167.13746117164266,0.0,54.99999999999999,-6.768189509306261
2308,39.414,209.31075190182116,0.0,202.5425623925149,0.0,61.666666666666664,-6.768189509306257
2309,39.414,191.29450890699712,0.0,184.52631939769086,0.0,68.33333333333333,-6.768189509306257
2310,37.917,113.23537088344825,0.0,106.31335888529412,0.0,75.0,-6.922011998154133
2311,38.983,75.6140016285251,1.409127368982142,70.10111699935311,0.0,81.81818181818181,-6.922011998154133
2312,46.324,65.14401292729235,5.372817240898817,63.59481817003703,0.0,88.63636363636364,-6.922011998154133
2313,37.125,51.87351991613411,15.256845129979746,60.20835304795972,0.0,95.45454545454547,-6.922011998154133
2314,35.022,42.373035099756244,21.22954469681184,56.680567798413946,0.0,102.27272727272728,-6.922011998154133
2315,33.732,53.82554654345583,24.847354837998434,71.75088938330013,0.0,109.09090909090912,-6.922011998154135
2316,33.732,62.30771423874014,26.597791217923394,81.9834934585094,0.0,115.90909090909093,-6.922011998154133
2317,33.909,54.75150232817022,30.460888996775804,78.29037932679189,0.0,122.72727272727275,-6.922011998154131
2318,35.49,53.23299226360423,33.2670337180554,79.5780139835055,0.0,129.54545454545456,-6.9220119981541295
2319,37.476,54.94464226382182,38.192868048888684,86.21549831455637,0.0,136.36363636363637,-6.9220119981541295
2320,50.202,57.05085151174974,23.980815681258143,74.10965519485374,0.0,143.1818181818182,-6.9220119981541295
2321,50.976,66.4400468313794,7.9583144227706155,123.64836125415002,0.0,150.0,49.25
2322,51.614,64.0196216277631,3.981247066940131,65.97041184191134,0.0,100.0,-2.03045685279188
2323,41.652,51.5563539457809,0.0,49.52589709298902,0.0,102.0,-2.03045685279188
2324,39.97,38.44152726381941,0.0,36.41107041102753,0.0,104.0,-2.03045685279188
2325,40.547,32.35076521458596,0.0,30.320308361794083,0.0,106.0,-2.03045685279188
2326,40.196,38.01977573200864,0.0,35.98931887921676,0.0,108.0,-2.03045685279188
2327,39.567,51.48057521418385,0.0,49.45011836139197,0.0,110.0,-2.0304568527918807
2328,40.117,62.430674383281584,0.0,60.400217530489705,0.0,111.99999999999999,-2.0304568527918816
2329,40.117,69.824563327316,0.0,67.79410647452411,0.0,113.99999999999997,-2.0304568527918825
2330,40.117,76.49705698619383,0.0,74.46660013340194,0.0,116.0,-2.0304568527918825
2331,40.117,73.87438907422754,0.0,71.84393222143565,0.0,118.0,-2.0304568527918807
2332,40.117,72.72922093865701,0.0,70.69876408586512,0.0,120.0,-2.0304568527918807
2333,40.117,77.34270859556204,0.0,75.31225174277016,0.0,122.0,-2.0304568527918807
2334,40.117,75.467586448773,5.647512428449549,79.08464202443066,0.0,124.0,-2.0304568527918807
2335,40.117,67.98808957487408,25.817634647299627,91.77526736938182,0.0,126.0,-2.0304568527918807
2336,33.966,83.20451809123558,54.07870376087157,135.25276499931527,0.0,128.0,-2.030456852791879
2337,32.716,68.83090890580621,84.62870523323865,151.42915728625297,0.0,130.0,-2.030456852791879
2338,32.796,73.2333326999796,98.34208571311969,169.5449615603074,0.0,132.0,-2.030456852791879
2339,32.032,64.24378103960856,100.0,162.2133241868167,0.0,134.0,-2.0304568527918754
2340,32.032,52.95688804560314,100.0,150.92643119281126,0.0,136.00000000000003,-2.030456852791872
2341,32.032,53.76724079296553,62.77625480545388,114.51303874562754,0.0,138.00000000000003,-2.030456852791872
2342,32.796,59.782874626089075,73.1351416710093,130.8875594443065,0.0,140.00000000000003,-2.0304568527918754
2343,34.941,68.09956101759128,67.25768301888927,133.32678718368868,0.0,142.0,-2.030456852791872
2344,38.859,54.694723166469984,37.08893064481559,89.7531969584937,0.0,144.00000000000003,-2.0304568527918647
2345,40.48,35.967638327147014,9.572598456968686,43.50977993132384,0.0,146.00000000000003,-2.0304568527918576
2346,45.705,27.28752576936077,4.049896045277421,29.306964961846333,0.0,148.00000000000003,-2.0304568527918576
2347,45.705,22.920111202481714,0.0,22.920111202481714,0.0,150.0,0.0
2348,46.728,18.31283225706857,0.0,67.56283225706858,0.0,150.0,49.25
2349,48.362,14.40400567118793,0.0,63.65400567118793,0.0,100.0,49.25
2350,45.898,9.33246095686943,0.0,43.80746095686946,0.0,50.0,34.47500000000004
2351,47.394,7.257490085342952,0.0,7.257490085342952,0.0,14.999999999999972,0.0
2352,38.956,3.941690407920301,0.0,3.941690407920301,0.0,14.999999999999972,0.0
2353,38.956,0.6714179355140507,0.0,0.6714179355140507,0.0,14.999999999999972,0.0
2354,38.956,0.0,0.0,0.0,0.0,14.999999999999972,0.0
2355,38.956,0.0,0.0,0.0,0.0,14.999999999999972,0.0
2356,39.285,0.0,0.0,0.0,0.0,14.999999999999972,0.0
2357,46.473,0.0,0.0,0.0,0.0,14.999999999999972,0.0
2358,39.974,0.0,6.111596306691709,6.111596306691709,0.0,14.999999999999972,0.0
2359,39.767,0.6384135517746562,25.881351588027357,26.519765139802015,0.0,14.999999999999972,0.0
2360,35.304,3.7211033706948946,55.03096998374837,58.75207335444327,0.0,14.999999999999972,0.0
2361,33.28,8.51304151890455,74.0492839346477,82.56232545355226,0.0,14.999999999999972,0.0
2362,32.848,22.038981881176007,80.13028731069454,102.16926919187054,0.0,14.999999999999972,0.0
2363,32.768,32.70938123512106,77.3744063647281,110.08378759984916,0.0,14.999999999999972,0.0
2364,32.732,45.052470112348026,75.33882972415611,120.39129983650415,0.0,14.999999999999972,0.0
2365,32.734,52.4941416856121,47.18045715854002,99.67459884415211,0.0,14.999999999999972,0.0
2366,33.168,61.15620156071165,42.89904152281739,104.05524308352904,0.0,14.999999999999972,0.0
2367,33.995,65.96258482856838,45.88640343529195,111.84898826386033,0.0,14.999999999999972,0.0
2368,37.061,62.651525390926224,23.628328353328648,86.27985374425486,0.0,14.999999999999972,0.0
2369,38.79,65.5958371931279,6.406033077455072,72.00187027058298,0.0,14.999999999999972,0.0
2370,52.392,68.91596439299717,1.287805053460491,70.20376944645766,0.0,14.999999999999972,0.0
2371,38.924,73.67281476887558,0.0,72.42967792022749,0.0,14.999999999999972,-1.2431368486480894
2372,37.864,86.77423299461488,0.0,85.53109614596679,0.0,16.22448979591834,-1.2431368486480894
2373,37.4,108.37063676427924,0.0,107.12749991563115,0.0,17.448979591836704,-1.2431368486480896
2374,37.233,128.37460965595443,0.0,127.13147280730634,0.0,18.673469387755063,-1.2431368486480896
2375,37.233,164.8055712747497,0.0,163.56243442610162,0.0,19.89795918367343,-1.2431368486480896
2376,33.315,176.86231293237395,0.0,175.61917608372588,0.0,21.122448979591802,-1.2431368486480894
2377,33.315,194.21900860756116,0.0,192.9758717589131,0.0,22.346938775510175,-1.2431368486480894
2378,33.315,196.86985290772597,0.0,195.6267160590779,0.0,23.57142857142854,-1.2431368486480894
2379,33.315,163.09641786999543,0.0,161.85328102134736,0.0,24.795918367346914,-1.2431368486480894
2380,33.315,114.92904738663363,0.0,113.68591053798554,0.0,26.02040816326528,-1.2431368486480894
2381,33.315,79.72077821075818,0.0,78.47764136211009,0.0,27.244897959183646,-1.2431368486480894
2382,32.169,60.85353869045617,0.0,59.61040184180808,0.0,28.469387755102012,-1.2431368486480894
2383,31.986,50.18697272645384,4.54788027130851,53.491716149114254,0.0,29.69387755102038,-1.2431368486480896
2384,32.668,69.21517789871139,13.355884271713824,81.32792532177712,0.0,30.918367346938737,-1.2431368486480898
2385,32.528,92.18567442157921,32.07913745245566,123.02167502538678,0.0,32.1428571428571,-1.2431368486480898
2386,32.301,64.71414338295095,34.35610131865076,97.82710785295362,0.0,33.36734693877548,-1.2431368486480898
2387,29.445,96.39650559818196,32.04385472751887,127.19722347705273,0.0,34.59183673469385,-1.2431368486480896
2388,29.445,89.81536357872855,42.9603837333023,131.53261046338278,0.0,35.81632653061222,-1.2431368486480896
2389,29.445,97.75790440572413,36.835432387823076,133.35019994489915,0.0,37.04081632653059,-1.2431368486480896
2390,31.893,85.17773657449506,26.004307239630535,109.9389069654775,0.0,38.26530612244896,-1.2431368486480894
2391,32.944,114.30054862196498,29.130347974512677,142.18775974782957,0.0,39.489795918367335,-1.2431368486480896
2392,33.63,110.58001880363906,11.679022689166228,121.0159046441572,0.0,40.71428571428571,-1.2431368486480896
2393,35.045,78.18677886751408,3.8265102201379353,80.77015223900392,0.0,41.938775510204074,-1.2431368486480896
2394,42.393,63.04685555819934,0.18338069261924125,61.987099402170486,0.0,43.16326530612244,-1.2431368486480898
2395,35.123,73.17603834241663,0.0,71.93290149376854,0.0,44.38775510204081,-1.2431368486480898
2396,37.544,100.44856469628226,0.0,99.20542784763417,0.0,45.61224489795918,-1.2431368486480894
2397,35.073,126.89950020458187,0.0,125.65636335593378,0.0,46.836734693877546,-1.2431368486480894
2398,33.906,155.32343568194085,0.0,154.08029883329277,0.0,48.061224489795926,-1.2431368486480894
2399,33.63,152.31265719090598,0.0,151.0695203422579,0.0,49.28571428571429,-1.2431368486480894
2400,35.778,153.22469585074774,0.0,151.98155900209966,0.0,50.51020408163266,-1.2431368486480898
2401,35.778,182.8331647763281,0.0,181.59002792768,0.0,51.73469387755102,-1.2431368486480903
2402,35.778,208.12925612199288,0.0,206.8861192733448,0.0,52.95918367346938,-1.2431368486480903
2403,35.778,237.42141261371117,0.0,236.1782757650631,0.0,54.183673469387756,-1.2431368486480907
2404,35.778,245.26921111192283,0.0,244.02607426327475,0.0,55.40816326530612,-1.2431368486480903
2405,35.778,243.14819878708107,0.0,241.905061938433,0.0,56.63265306122449,-1.2431368486480898
2406,33.61,244.88657340911206,0.0,243.64343656046398,0.0,57.85714285714286,-1.2431368486480903
2407,33.998,257.9688161541982,0.0,256.7256793055501,0.0,59.08163265306122,-1.2431368486480903
2408,32.75,291.46259781532086,1.4282584047492906,291.64771937142206,0.0,60.306122448979586,-1.2431368486480903
2409,32.694,296.8812665626844,3.6679545885859,299.30608430262225,0.0,61.53061224489795,-1.2431368486480894
2410,32.141,309.15857755408024,3.640303309445756,300.0,11.555744014877906,62.75510204081632,-1.2431368486480894
2411,31.629,230.3458656181366,19.590131472146734,248.69286024163526,0.0,63.979591836734684,-1.2431368486480894
2412,31.629,238.64599231201322,44.542159805470746,281.9450152688359,0.0,65.20408163265306,-1.2431368486480885
2413,32.401,216.1964178015915,98.30479126517845,300.0,13.258072218121857,66.42857142857143,-1.2431368486480885
2414,34.026,184.1634410893385,89.45957510064916,272.3798793413396,0.0,67.65306122448979,-1.2431368486480885
2415,35.625,155.0733832558286,70.85196074153582,224.68220714871632,0.0,68.87755102040816,-1.2431368486480903
2416,39.685,117.45896671739766,37.11345299840018,153.32928286714974,0.0,70.10204081632652,-1.2431368486480885
2417,42.11,76.80628129225232,9.851488741653567,85.4146331852578,0.0,71.3265306122449,-1.2431368486480885
2418,42.11,65.43762970985162,4.825087731752396,69.01958059295592,0.0,72.55102040816327,-1.243136848648085
2419,50.244,50.80026073458263,0.0,49.557123885934544,0.0,73.77551020408163,-1.243136848648085
2420,51.64,46.732011639962366,0.0,43.27100564088529,0.0,75.0,-3.4610059990770736
2421,51.64,36.291768941984955,0.0,32.83076294290788,0.0,78.4090909090909,-3.4610059990770736
2422,50.17,35.47221545706654,0.0,32.01120945798947,0.0,81.81818181818183,-3.4610059990770665
2423,48.331,26.718277595341885,0.0,23.257271596264818,0.0,85.22727272727273,-3.4610059990770665
2424,57.327,20.414071173425146,0.0,16.95306517434808,0.0,88.63636363636364,-3.4610059990770665
2425,57.327,20.634044405810528,0.0,17.17303840673346,0.0,92.04545454545456,-3.4610059990770683
2426,57.327,17.79590595248102,0.0,14.334899953403955,0.0,95.45454545454547,-3.4610059990770665
2427,57.327,14.586014400733307,0.0,11.12500840165624,0.0,98.86363636363637,-3.4610059990770665
2428,57.327,8.524372409093335,0.0,5.063366410016268,0.0,102.2727272727273,-3.4610059990770665
2429,57.327,10.75107337814796,0.0,7.290067379070894,0.0,105.6818181818182,-3.4610059990770665
2430,56.48,11.592389343384054,1.6883958917700768,9.819779236077064,0.0,109.09090909090912,-3.4610059990770674
2431,55.499,10.721651417918615,14.12591036282434,21.38655578166589,0.0,112.50000000000003,-3.4610059990770665
2432,47.95,16.184593119841928,37.09576907487639,49.81935619564125,0.0,115.90909090909093,-3.4610059990770656
2433,41.654,25.950514812243703,57.31406106031267,79.80356987347932,0.0,119.31818181818184,-3.4610059990770665
2434,39.12,21.459303117042786,74.52872845502483,92.52702557299057,0.0,122.72727272727275,-3.4610059990770665
2435,36.055,26.099547527287797,85.34333141115951,107.98187293937025,0.0,126.13636363636365,-3.4610059990770656
2436,35.744,28.70869726911048,87.29371308261155,112.54140435264497,0.0,129.54545454545456,-3.4610059990770647
2437,35.744,29.454794902164796,93.2592036142822,119.25299251736993,0.0,132.95454545454547,-3.4610059990770647
2438,38.481,25.80947621538929,68.262300425329,90.61077064164124,0.0,136.36363636363637,-3.4610059990770656
2439,46.595,19.203141964635492,72.60339090028187,88.3455268658403,0.0,139.77272727272728,-3.461005999077065
2440,58.693,20.149445240261272,40.406225249073536,57.09466449025774,0.0,143.1818181818182,-3.461005999077066
2441,76.313,16.517715483279385,7.707310832758557,20.764020316960874,0.0,146.5909090909091,-3.461005999077066
2442,82.755,14.684663702090086,4.257384281233349,68.19204798332343,0.0,150.0,49.25
2443,82.229,12.991923666069772,0.0,47.46692366606981,0.0,100.0,34.47500000000004
2444,82.229,10.868885672483957,0.0,60.118885672483955,0.0,64.99999999999997,49.25
2445,78.924,11.125988918305335,0.0,11.125988918305335,0.0,14.999999999999972,0.0
2446,59.808,14.490992508128025,0.0,14.490992508128025,0.0,14.999999999999972,0.0
2447,59.248,19.547962966965226,0.0,19.547962966965226,0.0,14.999999999999972,0.0
2448,66.076,19.76924114236461,0.0,19.76924114236461,0.0,14.999999999999972,0.0
2449,66.076,16.680824332595904,0.0,16.680824332595904,0.0,14.999999999999972,0.0
2450,66.076,14.350896266125575,0.0,14.350896266125575,0.0,14.999999999999972,0.0
2451,66.076,13.605616893184802,0.0,13.605616893184802,0.0,14.999999999999972,0.0
2452,66.076,13.39529478241332,0.0,13.39529478241332,0.0,14.999999999999972,0.0
2453,73.877,10.784247827271244,0.0,10.784247827271244,0.0,14.999999999999972,0.0
2454,65.804,7.102615867049522,3.8392525274122793,0.0,0.0,14.999999999999972,-10.9418683944618
2455,57.95,8.839394377402934,12.672685703371158,8.900683163875092,0.0,25.777740368544844,-12.611396916898999
2456,47.919,7.158994049800661,27.988650002408143,22.536247135309807,0.0,38.199966331690355,-12.611396916898999
2457,44.617,6.810650383244512,52.893219902681224,47.09247336902674,0.0,50.622192294835855,-12.611396916898999
2458,41.999,2.6612126763004746,83.22693284810337,73.27674860750486,0.0,63.04441825798139,-12.611396916898997
2459,40.065,2.9600788911288287,93.99442825595823,84.34311023018806,0.0,75.46664422112691,-12.611396916898997
2460,40.065,2.3771255192596987,100.0,89.7657286023607,0.0,87.88887018427243,-12.611396916898997
2461,40.86,1.7745007325964963,90.59574501488964,79.75884883058714,0.0,100.31109614741794,-12.611396916898997
2462,45.11,2.0426139204484333,82.3932064577204,71.82442346126983,0.0,112.73332211056346,-12.611396916898997
2463,47.882,2.5689024651417984,43.81927108144901,33.77677662969182,0.0,125.15554807370897,-12.61139691689899
2464,66.076,3.4805843968357593,37.50696668359997,28.37615416353674,0.0,137.5777740368545,-12.61139691689899
2465,67.474,2.6542241983280888,8.626244114959126,11.280468313287216,0.0,150.0,0.0
2466,89.57,0.8435470192150193,4.624195112864641,54.71774213207966,0.0,150.0,49.25
2467,76.028,0.0,0.0,41.86250000000002,0.0,100.0,41.86250000000002
2468,76.028,0.0,0.0,41.86250000000002,0.0,57.499999999999986,41.86250000000002
2469,69.773,0.0,0.0,0.0,0.0,14.999999999999972,0.0
2470,66.076,6.2390322140397485,0.0,6.2390322140397485,0.0,14.999999999999972,0.0
2471,66.076,3.3408166154935546,0.0,3.3408166154935546,0.0,14.999999999999972,0.0
2472,58.489,0.5801299057557966,0.0,0.5801299057557966,0.0,14.999999999999972,0.0
2473,58.489,0.42192748923041373,0.0,0.42192748923041373,0.0,14.999999999999972,0.0
2474,58.489,1.363135357015153,0.0,1.363135357015153,0.0,14.999999999999972,0.0
2475,58.489,1.6532397304910542,0.0,1.6532397304910542,0.0,14.999999999999972,0.0
2476,58.489,2.103224795902994,0.0,2.103224795902994,0.0,14.999999999999972,0.0
2477,62.827,0.5191122958570491,0.0,0.5191122958570491,0.0,14.999999999999972,0.0
2478,67.609,0.0,2.772557381350437,0.0,0.0,14.999999999999972,-2.7725573813504307
2479,54.005,0.0,13.47223006969912,10.69967268834869,0.0,17.730969020630145,-2.7725573813504307
2480,45.053,0.0,31.43257165232673,28.660014270976298,0.0,20.461938041260318,-2.7725573813504307
2481,41.029,0.0,45.087940710647665,42.315383329297234,0.0,23.19290706189049,-2.7725573813504307
2482,39.267,0.0,53.70900630419111,50.936448922840675,0.0,25.923876082520664,-2.7725573813504307
2483,36.934,4.566804595646779,50.14919266686826,51.94343988116461,0.0,28.654845103150837,-2.7725573813504307
2484,36.934,10.1980754836346,87.66172430505918,95.08724240734335,0.0,31.38581412378101,-2.7725573813504307
2485,37.412,11.664438877746232,75.22522499762403,84.11710649401984,0.0,34.11678314441119,-2.7725573813504307
2486,39.737,10.105771281374848,71.74312746437785,79.07634136440227,0.0,36.84775216504136,-2.7725573813504307
2487,42.662,7.496866104972606,37.281023642907805,42.00533236652998,0.0,39.57872118567154,-2.7725573813504307
2488,58.489,4.1540386979350785,29.5926639248824,30.97414524146705,0.0,42.30969020630172,-2.7725573813504307
2489,58.959,2.6663013791045085,9.19837368557367,9.092117683327748,0.0,45.04065922693189,-2.7725573813504307
2490,75.926,0.0,2.2228756634305276,0.0,0.0,47.77162824756207,-2.2228756634305213
2491,67.876,0.0,0.0,0.0,0.0,49.96116077604113,0.0
2492,60.274,0.0,0.0,0.0,0.0,49.96116077604113,0.0
2493,58.489,0.0,0.0,0.0,0.0,49.96116077604113,0.0
2494,58.489,2.2704919009798905,0.0,2.2704919009798905,0.0,49.96116077604113,0.0
2495,58.489,6.601455862252928,0.0,5.263553686246576,0.0,49.96116077604113,-1.3379021760063528
2496,47.451,8.737222702821304,0.0,7.399320526814952,0.0,51.27899441940739,-1.3379021760063528
2497,47.451,11.238248619549092,0.0,9.900346443542738,0.0,52.59682806277365,-1.3379021760063532
2498,46.853,11.549621980377648,0.0,10.211719804371295,0.0,53.91466170613991,-1.3379021760063523
2499,46.853,9.436581508814976,0.0,8.098679332808624,0.0,55.232495349506166,-1.3379021760063519
2500,47.072,8.810230866138001,0.0,7.472328690131649,0.0,56.55032899287242,-1.3379021760063523
2501,47.451,7.25738541742783,0.0,5.919483241421478,0.0,57.86816263623867,-1.3379021760063523
2502,47.451,5.138686050179359,6.180641405364166,9.981425279537174,0.0,59.18599627960493,-1.3379021760063523
2503,44.353,4.727675172837229,21.887379979293584,25.277152976124462,0.0,60.503829922971185,-1.3379021760063514
2504,37.89,3.9498803044860273,42.183434687638126,44.7954128161178,0.0,61.821663566337435,-1.3379021760063523
2505,35.574,4.761413235930695,61.12699386983967,64.55050492976402,0.0,63.139497209703684,-1.3379021760063523
2506,33.823,12.008178206481047,74.55634740009711,85.2266234305718,0.0,64.45733085306995,-1.3379021760063505
2507,32.899,25.433968776007195,84.99774991984543,109.09381651984627,0.0,65.77516449643622,-1.3379021760063488
2508,32.899,35.04468615486986,81.38193011016962,115.08871408903313,0.0,67.09299813980248,-1.3379021760063488
2509,32.899,22.433716219365067,74.11867970221273,95.21449374557145,0.0,68.41083178316873,-1.3379021760063488
2510,33.095,14.839457505028324,54.43089940390706,67.93245473292905,0.0,69.72866542653499,-1.3379021760063452
2511,35.984,10.259366195375522,51.04187920997958,59.96334322934875,0.0,71.04649906990124,-1.3379021760063452
2512,39.774,4.575555878933587,32.01072806790401,35.24838177083126,0.0,72.3643327132675,-1.337902176006338
2513,47.451,1.923006297644562,8.689349188612647,9.274453310250871,0.0,73.68216635663376,-1.337902176006338
2514,62.353,0.0,2.03747464726694,2.03747464726694,0.0,75.0,0.0
2515,46.853,0.8879484805536421,0.0,0.8879484805536421,0.0,75.0,0.0
2516,46.853,1.224812162226988,0.0,1.224812162226988,0.0,75.0,0.0
2517,46.853,0.2657372715163331,0.0,0.2657372715163331,0.0,75.0,0.0
2518,46.853,0.0,0.0,0.0,0.0,75.0,0.0
2519,46.853,0.0,0.0,0.0,0.0,75.0,0.0
2520,39.568,0.0,0.0,0.0,0.0,75.0,0.0
2521,39.223,5.431457643743315,0.0,5.431457643743315,0.0,75.0,0.0
2522,39.223,11.401739333564674,0.0,11.401739333564674,0.0,75.0,0.0
2523,39.223,17.643746283257528,0.0,17.643746283257528,0.0,75.0,0.0
2524,39.223,19.831667201574046,0.0,19.831667201574046,0.0,75.0,0.0
2525,39.223,20.932516487600537,0.0,20.932516487600537,0.0,75.0,0.0
2526,39.223,27.573128548150976,8.585505895330881,36.15863444348186,0.0,75.0,0.0
2527,39.223,44.7074400214325,30.183606655142025,74.89104667657452,0.0,75.0,0.0
2528,35.574,61.73217306667811,57.37301842239195,119.10519148907005,0.0,75.0,0.0
2529,32.975,64.92144605123357,79.64095931161185,144.56240536284542,0.0,75.0,0.0
2530,32.668,54.6499925521088,100.0,147.7279805539547,0.0,75.0,-6.922011998154133
2531,32.492,58.797779702538534,100.0,151.87576770438443,0.0,81.81818181818181,-6.922011998154133
2532,32.492,64.10085884198874,100.0,157.1788468438346,0.0,88.63636363636364,-6.922011998154133
2533,32.492,70.50405803406852,100.0,163.5820460359144,0.0,95.45454545454547,-6.922011998154133
2534,32.919,74.1940992684502,100.0,167.27208727029608,0.0,102.27272727272728,-6.922011998154133
2535,34.882,76.63984559264767,79.06333937853609,148.7811729730296,0.0,109.09090909090912,-6.922011998154135
2536,36.319,78.11241888859917,45.351002647418944,116.54140953786397,0.0,115.90909090909093,-6.922011998154133
2537,39.223,75.70341255879681,12.730083142336154,81.51148370297884,0.0,122.72727272727275,-6.922011998154131
2538,40.309,58.920096774206954,4.374157590464836,56.37224236651765,0.0,129.54545454545456,-6.9220119981541295
2539,39.352,54.82299098001131,0.0,47.90097898185718,0.0,136.36363636363637,-6.9220119981541295
2540,42.145,57.04244372304767,0.0,50.120431724893535,0.0,143.1818181818182,-6.9220119981541295
2541,43.862,59.492001323495,0.0,59.492001323495,0.0,150.0,0.0
2542,39.352,63.888598229511366,0.0,63.888598229511366,0.0,150.0,0.0
2543,45.622,72.95975100876747,0.0,72.95975100876747,0.0,150.0,0.0
2544,43.405,80.20570874358583,0.0,99.2021373150144,0.0,150.0,18.996428571428574
2545,43.405,87.692253981083,0.0,106.68868255251158,0.0,130.71428571428572,18.996428571428577
2546,43.405,100.06731626223669,0.0,119.06374483366527,0.0,111.42857142857143,18.996428571428577
2547,43.405,114.52281755716619,0.0,133.51924612859477,0.0,92.14285714285714,18.996428571428577
2548,43.405,126.05172504086028,0.0,145.04815361228884,0.0,72.85714285714283,18.996428571428577
2549,43.405,130.1753296543137,0.0,149.17175822574228,0.0,53.571428571428555,18.99642857142858
2550,57.386,134.38605988756532,9.010223924350399,162.3927123833443,0.0,34.28571428571426,18.996428571428577
2551,43.405,169.840677841195,28.222339054480123,185.6033952989977,0.0,14.999999999999972,-12.459621596677433
2552,40.833,167.40343685488153,55.583890718494644,210.52770597669874,0.0,27.272727272727245,-12.459621596677433
2553,37.494,162.57129022072138,66.85571223404992,216.96738085809386,0.0,39.54545454545452,-12.459621596677435
2554,36.804,127.73762249916717,91.38194518198142,206.65994608447116,0.0,51.818181818181785,-12.459621596677433
2555,35.207,135.38634791840624,100.0,222.9267263217288,0.0,64.09090909090908,-12.459621596677433
2556,35.086,156.93253500156257,100.0,244.4729134048851,0.0,76.36363636363636,-12.459621596677433
2557,35.086,181.04528968860194,100.0,268.5856680919245,0.0,88.63636363636363,-12.459621596677437
2558,36.45,201.70315082908442,98.35915513162955,287.6026843640365,0.0,100.90909090909089,-12.459621596677433
2559,38.103,199.77310568794684,72.96990691848951,260.28339100975893,0.0,113.18181818181819,-12.45962159667743
2560,43.405,182.6013827094502,43.21932754343293,213.3610886562057,0.0,125.45454545454547,-12.459621596677422
2561,47.544,160.66295020217632,11.668217390417416,159.87154599591634,0.0,137.72727272727275,-12.459621596677422
2562,63.124,136.88230735913584,3.190706716697399,189.32301407583324,0.0,150.0,49.25
2563,61.86,127.98979106291405,0.0,177.23979106291404,0.0,100.0,49.25
2564,48.603,139.32203780152022,0.0,173.79703780152028,0.0,50.0,34.47500000000004
2565,48.099,139.10041588042048,0.0,139.10041588042048,0.0,14.999999999999972,0.0
2566,47.649,132.99738881622912,0.0,132.99738881622912,0.0,14.999999999999972,0.0
2567,47.921,104.26842622688018,0.0,104.26842622688018,0.0,14.999999999999972,0.0
2568,40.773,83.7486345128962,0.0,83.7486345128962,0.0,14.999999999999972,0.0
2569,40.773,73.42522695304748,0.0,73.42522695304748,0.0,14.999999999999972,0.0
2570,41.203,68.39028792128734,0.0,68.39028792128734,0.0,14.999999999999972,0.0
2571,41.203,58.417616971279394,0.0,58.417616971279394,0.0,14.999999999999972,0.0
2572,41.203,47.3993144269706,0.0,47.3993144269706,0.0,14.999999999999972,0.0
2573,41.941,38.858431834974915,0.04284867874035369,38.90128051371527,0.0,14.999999999999972,0.0
2574,40.967,29.319112513751975,8.845839727394877,38.16495224114685,0.0,14.999999999999972,0.0
2575,39.281,27.226833273877194,27.920084701333014,55.14691797521021,0.0,14.999999999999972,0.0
2576,36.24,29.154453216845795,49.43194484157053,78.58639805841632,0.0,14.999999999999972,0.0
2577,34.045,31.316759524178995,73.6988067292693,105.01556625344828,0.0,14.999999999999972,0.0
2578,33.915,43.00117342613892,83.23116276176121,126.23233618790013,0.0,14.999999999999972,0.0
2579,33.476,65.89215464970293,69.2845260697866,135.17668071948953,0.0,14.999999999999972,0.0
2580,33.476,91.37563182513361,79.12695345134956,170.50258527648316,0.0,14.999999999999972,0.0
2581,34.365,104.24511074606569,62.65714407468096,166.90225482074663,0.0,14.999999999999972,0.0
2582,34.461,76.21253910385872,51.88444685400584,128.09698595786455,0.0,14.999999999999972,0.0
2583,36.212,68.36827861481606,63.674109081975594,132.04238769679165,0.0,14.999999999999972,0.0
2584,39.443,63.65205342688783,28.16234317231784,91.81439659920568,0.0,14.999999999999972,0.0
2585,41.67,49.38566931434968,7.825867986127738,57.21153730047742,0.0,14.999999999999972,0.0
2586,55.341,27.825407062036632,0.39348801258671945,28.21889507462335,0.0,14.999999999999972,0.0
2587,42.464,32.46681074891253,0.0,31.31749554921901,0.0,14.999999999999972,-1.1493151996935167
2588,40.816,55.9376467078727,0.0,54.78833150817918,0.0,16.132075471698087,-1.1493151996935165
2589,40.772,86.78407569499656,0.0,85.63476049530304,0.0,17.264150943396203,-1.1493151996935165
2590,39.876,92.78406148922272,0.0,91.6347462895292,0.0,18.39622641509432,-1.1493151996935165
2591,39.206,106.00489679890417,0.0,104.85558159921065,0.0,19.528301886792434,-1.1493151996935165
2592,37.931,100.30728948198951,0.0,99.157974282296,0.0,20.660377358490543,-1.1493151996935165
2593,37.931,85.2736076223199,0.0,84.12429242262638,0.0,21.792452830188658,-1.1493151996935165
2594,37.931,75.42926543202638,0.0,74.27995023233287,0.0,22.924528301886767,-1.1493151996935165
2595,37.931,69.69456071196817,0.0,68.54524551227465,0.0,24.056603773584882,-1.1493151996935165
2596,37.931,69.47826662123023,0.0,68.32895142153671,0.0,25.188679245282998,-1.1493151996935165
2597,38.132,71.05275969414633,0.0,69.90344449445281,0.0,26.320754716981106,-1.1493151996935165
2598,37.931,60.67181281315432,0.7787249415555793,60.30122255501638,0.0,27.452830188679222,-1.1493151996935165
2599,38.272,50.21785894635979,11.108035621631366,60.17657936829764,0.0,28.584905660377338,-1.1493151996935165
2600,37.691,45.60517152878972,16.184189834109702,60.6400461632059,0.0,29.716981132075446,-1.1493151996935165
2601,35.969,57.630338311686074,29.509921980409963,85.99094509240251,0.0,30.849056603773562,-1.1493151996935165
2602,35.157,34.390204352400666,77.43565655776086,110.67654571046802,0.0,31.981132075471677,-1.1493151996935165
2603,33.363,27.098520797831313,78.84238859929884,104.79159419743664,0.0,33.113207547169786,-1.1493151996935167
2604,33.296,21.45071056505623,93.53930721823957,113.84070258360228,0.0,34.245283018867894,-1.149315199693517
2605,33.296,15.188339348712283,82.34215740133322,96.38118155035198,0.0,35.377358490565996,-1.1493151996935171
2606,33.733,9.808677409965904,64.83053345083853,73.48989566111092,0.0,36.50943396226412,-1.1493151996935171
2607,34.544,6.145693962003216,39.261818798576314,44.25819756088601,0.0,37.641509433962234,-1.149315199693517
2608,37.962,7.396323421581771,34.29331628995463,40.54032451184288,0.0,38.77358490566035,-1.1493151996935171
2609,37.962,17.386346583238307,7.638258460982736,23.875289844527526,0.0,39.90566037735846,-1.149315199693517
2610,51.632,23.483940474564427,1.612316476383838,23.946941751254748,0.0,41.03773584905658,-1.149315199693517
2611,40.335,34.41716217175235,0.0,33.267846972058834,0.0,42.1698113207547,-1.1493151996935171
2612,38.258,47.68888813237492,0.0,46.5395729326814,0.0,43.30188679245282,-1.1493151996935171
2613,38.115,59.61353157534425,0.0,58.46421637565073,0.0,44.43396226415093,-1.1493151996935171
2614,37.962,63.4272753964558,0.0,62.27796019676228,0.0,45.56603773584904,-1.1493151996935176
2615,37.931,57.69486493326453,0.0,56.545549733571015,0.0,46.69811320754715,-1.1493151996935178
2616,39.264,56.22072525181637,0.0,55.07141005212285,0.0,47.83018867924526,-1.1493151996935174
2617,39.264,57.87580207861865,0.0,56.72648687892513,0.0,48.96226415094337,-1.1493151996935178
2618,39.264,69.51446460670742,0.0,68.3651494070139,0.0,50.094339622641485,-1.1493151996935178
2619,39.264,79.30926297396148,0.0,78.15994777426796,0.0,51.2264150943396,-1.1493151996935178
2620,39.264,89.20303180560462,0.0,88.0537166059111,0.0,52.358490566037716,-1.1493151996935183
2621,39.264,100.41292586224432,0.4663083756724586,99.72991903822326,0.0,53.490566037735825,-1.1493151996935183
2622,38.321,106.2477582469083,9.670332431788855,114.76877547900364,0.0,54.62264150943394,-1.1493151996935187
2623,41.104,99.38983684518838,28.015483106819538,126.2560047523144,0.0,55.75471698113206,-1.1493151996935187
2624,35.257,106.20839937991087,53.97071692485341,159.02980110507076,0.0,56.88679245283018,-1.1493151996935183
2625,33.991,120.09932527184148,75.15197383253917,194.10198390468713,0.0,58.01886792452829,-1.1493151996935183
2626,33.523,151.19802583327953,98.32136790267465,248.37007853626065,0.0,59.1509433962264,-1.1493151996935183
2627,32.095,179.02875501440468,100.0,277.8794398147112,0.0,60.28301886792451,-1.1493151996935183
2628,32.095,161.46187035503837,89.06925723995448,249.38181239529933,0.0,61.41509433962263,-1.1493151996935191
2629,32.664,133.32464640154112,97.88772935837325,230.06306056022086,0.0,62.547169811320735,-1.1493151996935183
2630,34.27,105.1223201045244,86.85577931872005,190.82878422355094,0.0,63.679245283018844,-1.1493151996935183
2631,35.119,97.85694795884154,67.00594451779104,163.71357727693905,0.0,64.81132075471696,-1.1493151996935183
2632,39.264,107.3440780074491,38.84666017363835,145.04142298139394,0.0,65.94339622641508,-1.1493151996935183
2633,41.195,108.8289086825495,11.795916178411153,119.47550966126713,0.0,67.07547169811319,-1.1493151996935183
2634,45.367,105.23143770987701,3.120940850470965,107.20306336065445,0.0,68.2075471698113,-1.1493151996935183
2635,41.945,101.30408331795502,0.0,100.1547681182615,0.0,69.33962264150942,-1.1493151996935183
2636,39.619,102.83927593095179,0.0,101.68996073125827,0.0,70.47169811320754,-1.1493151996935183
2637,39.264,113.2045694963289,0.0,112.05525429663538,0.0,71.60377358490565,-1.1493151996935183
2638,39.264,106.38680347148197,0.0,105.23748827178845,0.0,72.73584905660377,-1.1493151996935183
2639,39.264,98.13646066914554,0.0,96.98714546945202,0.0,73.86792452830188,-1.1493151996935183
2640,38.64,104.61521177994402,0.0,100.13626283996193,0.0,75.0,-4.478948939982089
2641,38.64,107.65008236113208,0.0,103.17113342114999,0.0,79.41176470588235,-4.478948939982089
2642,38.64,105.71239031144826,0.0,101.23344137146617,0.0,83.82352941176471,-4.478948939982086
2643,38.64,103.46332428351863,0.0,98.98437534353656,0.0,88.23529411764706,-4.478948939982082
2644,38.64,90.78345816195014,0.0,86.30450922196806,0.0,92.6470588235294,-4.478948939982082
2645,38.64,88.60107162126212,0.0,84.12212268128003,0.0,97.05882352941177,-4.478948939982084
2646,38.656,97.39068683890245,6.031588427732354,98.94332632665272,0.0,101.47058823529413,-4.478948939982086
2647,46.437,109.2936637459176,17.12938689249681,121.94410169843232,0.0,105.88235294117649,-4.478948939982086
2648,37.526,113.0706093908142,33.84172510256563,142.43338555339776,0.0,110.29411764705884,-4.478948939982084
2649,34.991,98.99191216882056,46.19408155406866,140.70704478290716,0.0,114.70588235294119,-4.478948939982084
2650,33.76,43.90551259310153,62.882286130100354,102.3088497832198,0.0,119.11764705882354,-4.478948939982083
2651,32.844,31.914346138207197,79.15496395155543,106.59036114978053,0.0,123.52941176470588,-4.478948939982082
2652,32.86,24.925040609146386,65.036916799183,85.48300846834731,0.0,127.94117647058823,-4.478948939982083
2653,33.76,27.903062644372465,68.33552104773487,91.75963475212527,0.0,132.35294117647058,-4.478948939982082
2654,34.945,31.434515222314666,59.670570875376384,86.62613715770897,0.0,136.76470588235293,-4.478948939982082
2655,38.374,29.97347290462112,47.71981119961237,73.21433516425141,0.0,141.17647058823528,-4.478948939982083
2656,50.184,25.68115972667544,27.793691732801413,48.99590251949477,0.0,145.58823529411765,-4.478948939982083
2657,52.746,19.93812613285358,8.3036498164843,28.241775949337878,0.0,150.0,0.0
2658,63.013,19.216579183377856,0.5292588114254403,68.9958379948033,0.0,150.0,49.25
2659,55.331,23.14378752144453,0.0,72.39378752144452,0.0,100.0,49.25
2660,53.367,24.56513346768439,0.0,59.04013346768443,0.0,50.0,34.47500000000004
2661,51.821,19.348743859501198,0.0,19.348743859501198,0.0,14.999999999999972,0.0
2662,51.01,18.829006607359133,0.0,18.829006607359133,0.0,14.999999999999972,0.0
2663,51.01,24.308863690237132,0.0,17.45607181206454,0.0,14.999999999999972,-6.852791878172593
2664,45.782,23.93009982193169,0.0,17.0773079437591,0.0,21.749999999999975,-6.852791878172593
2665,45.782,24.231269339780674,0.0,17.378477461608078,0.0,28.49999999999998,-6.852791878172594
2666,45.205,28.916620582386383,0.0,22.06382870421379,0.0,35.249999999999986,-6.852791878172594
2667,45.205,27.442851592860187,0.0,20.590059714687595,0.0,41.999999999999986,-6.852791878172593
2668,45.205,30.043686282460687,0.0,23.190894404288095,0.0,48.749999999999986,-6.852791878172592
2669,45.205,33.47151062745243,0.13248799480426013,26.751206744084097,0.0,55.5,-6.852791878172593
2670,45.205,32.655708868047824,7.770860053838597,33.573777043713825,0.0,62.24999999999997,-6.852791878172593
2671,43.407,18.438542567372195,18.930731840460822,30.516482529660422,0.0,68.99999999999997,-6.852791878172594
2672,36.38,15.332103352847597,35.44369083791969,43.92300231259469,0.0,75.74999999999997,-6.852791878172592
2673,34.6,12.514508278447956,52.13080934968131,57.79252574995667,0.0,82.49999999999996,-6.852791878172592
2674,33.544,14.127447748854712,46.420890719381994,53.69554659006411,0.0,89.24999999999996,-6.852791878172592
2675,33.419,13.53939168956319,60.88913513149639,67.57573494288698,0.0,95.99999999999996,-6.852791878172592
2676,33.419,13.105215168267247,61.88078520649516,68.13320849658982,0.0,102.74999999999997,-6.8527918781725905
2677,33.419,8.764749035702772,83.37243169390963,85.28438885143981,0.0,109.49999999999999,-6.852791878172589
2678,33.953,4.238565047269775,61.764361483329736,59.15013465242692,0.0,116.25,-6.852791878172589
2679,36.022,6.8443807121354485,42.43256306079587,42.42415189475874,0.0,123.0,-6.852791878172585
2680,41.103,1.6524515480206443,24.036310179329483,18.835969849177538,0.0,129.75,-6.852791878172589
2681,46.812,1.1760450713752684,8.334499689864522,2.657752883067209,0.0,136.5,-6.852791878172582
2682,60.481,10.861696845424945,0.8386685073450562,4.84757347459742,0.0,143.25,-6.852791878172582
2683,56.576,1.2400494823923138,0.0,1.2400494823923138,0.0,150.0,0.0
2684,47.777,1.2344765469795296,0.0,1.2344765469795296,0.0,150.0,0.0
2685,45.782,4.832609814065455,0.0,4.832609814065455,0.0,150.0,0.0
2686,45.279,0.0,0.0,0.0,0.0,150.0,0.0
2687,45.205,0.0,0.0,0.0,0.0,150.0,0.0
2688,40.966,0.0,0.0,0.0,0.0,150.0,0.0
2689,40.966,0.0,0.0,0.0,0.0,150.0,0.0
2690,40.966,0.4232833797025294,0.0,0.4232833797025294,0.0,150.0,0.0
2691,40.966,2.725402949984419,0.0,2.725402949984419,0.0,150.0,0.0
2692,40.966,3.52947673432795,0.0,3.52947673432795,0.0,150.0,0.0
2693,40.966,6.9372495776806815,0.9321877080284681,7.869437285709149,0.0,150.0,0.0
2694,40.966,5.756622320400017,10.262750593487745,16.01937291388776,0.0,150.0,0.0
2695,36.984,9.28253628229755,26.83654697824533,36.11908326054288,0.0,150.0,0.0
2696,34.647,11.392770505731445,46.294652715269855,57.687423221001296,0.0,150.0,0.0
2697,32.768,14.718802002493195,50.06217589290436,64.78097789539756,0.0,150.0,0.0
2698,32.083,15.392940206812387,79.31795809058568,94.71089829739806,0.0,150.0,0.0
2699,31.692,12.080919311284106,94.07587016746791,106.15678947875202,0.0,150.0,0.0
2700,31.692,9.392119261267046,81.24470370460668,90.63682296587372,0.0,150.0,0.0
2701,31.692,8.828271840786853,88.53742327552182,97.36569511630867,0.0,150.0,0.0
2702,32.768,14.020566794577967,81.51716506584911,95.53773186042707,0.0,150.0,0.0
2703,34.597,13.342201078457201,69.17978215266962,82.52198323112682,0.0,150.0,0.0
2704,38.059,6.205752219409975,34.261500326752866,40.46725254616284,0.0,150.0,0.0
2705,41.994,4.093687789111519,7.6385214443406415,11.73220923345216,0.0,150.0,0.0
2706,47.081,1.6541435735621566,1.9977269229141221,3.6518704964762785,0.0,150.0,0.0
2707,58.43,3.4905829178873757,0.0,3.4905829178873757,0.0,150.0,0.0
2708,55.046,5.960929593693554,0.0,5.960929593693554,0.0,150.0,0.0
2709,43.131,8.756188351843216,0.0,8.756188351843216,0.0,150.0,0.0
2710,42.587,11.874327808716206,0.0,11.874327808716206,0.0,150.0,0.0
2711,41.851,14.91074906611444,0.0,14.91074906611444,0.0,150.0,0.0
2712,46.614,13.916545933422176,0.0,13.916545933422176,0.0,150.0,0.0
2713,46.614,14.955875485071438,0.0,14.955875485071438,0.0,150.0,0.0
2714,46.614,16.47475494043344,0.0,16.47475494043344,0.0,150.0,0.0
2715,46.614,17.535241845340057,0.0,17.535241845340057,0.0,150.0,0.0
2716,46.614,21.95164401166558,0.0,21.95164401166558,0.0,150.00000000000003,0.0
2717,47.209,26.08127703228778,0.7071643232374519,26.788441355525233,0.0,150.00000000000003,0.0
2718,44.664,26.540191733508298,8.894770946479477,35.43496267998778,0.0,150.00000000000003,0.0
2719,44.169,31.01971682197625,21.0371555497321,52.05687237170835,0.0,150.00000000000003,0.0
2720,38.97,25.159066510587834,40.92378680328476,66.08285331387259,0.0,150.00000000000003,0.0
2721,35.948,20.077926716639265,75.16026152806386,95.23818824470312,0.0,150.00000000000003,0.0
2722,35.108,11.474230644021537,91.5351939017062,103.00942454572773,0.0,150.00000000000003,0.0
2723,34.632,10.787172388192499,94.02626451842059,104.81343690661309,0.0,150.00000000000003,0.0
2724,34.632,9.455076800543443,94.62762152701497,104.0826983275584,0.0,150.00000000000003,0.0
2725,35.108,10.24448561290329,80.44188984683343,90.68637545973672,0.0,150.00000000000003,0.0
2726,36.72,16.250596560288077,62.94726196888648,79.19785852917455,0.0,150.00000000000003,0.0
2727,39.039,6.242927104483842,46.003730986475155,52.246658090958995,0.0,150.00000000000003,0.0
2728,46.614,1.9708139690233533,24.568230854869455,26.53904482389281,0.0,150.00000000000003,0.0
2729,49.389,1.5311916661205673,7.924027282099512,9.455218948220079,0.0,150.00000000000003,0.0
2730,67.334,1.3284362657814235,0.6960248887570691,51.27446115453849,0.0,150.0,49.25
2731,51.82,1.7597978018631033,0.0,3.055850433442049,0.0,100.0,1.2960526315789453
2732,49.484,2.8292121153116,0.0,4.1252647468905455,0.0,98.6842105263158,1.296052631578946
2733,49.484,7.423920725979764,0.0,8.719973357558711,0.0,97.36842105263159,1.296052631578946
2734,46.614,10.32416521674754,0.0,11.620217848326487,0.0,96.05263157894737,1.296052631578946
2735,46.614,7.776913701471916,0.0,9.072966333050863,0.0,94.73684210526318,1.296052631578947
2736,46.012,5.9261035460423175,0.0,7.222156177621264,0.0,93.42105263157897,1.296052631578947
2737,46.012,8.895361086024865,0.0,10.191413717603812,0.0,92.10526315789477,1.2960526315789478
2738,46.012,9.412329675214204,0.0,10.708382306793151,0.0,90.78947368421056,1.2960526315789478
2739,46.012,12.382192258135383,0.0,13.678244889714332,0.0,89.47368421052636,1.2960526315789496
2740,46.012,20.49028134693038,0.0,21.78633397850933,0.0,88.15789473684215,1.2960526315789496
2741,46.012,26.646494337970722,1.5202735221620214,29.462820491711692,0.0,86.84210526315793,1.2960526315789487
2742,43.894,28.557757519885396,11.04567226682749,40.89948241829184,0.0,85.52631578947373,1.2960526315789505
2743,48.192,22.1428749133162,30.285171163361007,53.72409870825616,0.0,84.21052631578952,1.2960526315789505
2744,46.102,24.3436810281094,51.10763163972712,76.74736529941546,0.0,82.89473684210532,1.2960526315789522
2745,40.685,28.859217266767168,66.90487283019509,97.06014272854122,0.0,81.57894736842111,1.2960526315789558
2746,37.286,29.0935781022178,65.78177150381595,96.17140223761271,0.0,80.2631578947369,1.2960526315789593
2747,36.495,36.18716646191239,70.28238444846508,107.76560354195644,0.0,78.94736842105269,1.2960526315789593
2748,36.09,49.38727677543802,64.12035048005328,114.80367988707025,0.0,77.63157894736845,1.2960526315789593
2749,36.09,63.77301459808055,46.93148656875664,112.00055379841615,0.0,76.31578947368423,1.2960526315789593
2750,36.867,87.44821722461933,27.421069755008393,89.48857631972925,0.0,75.0,-25.380710659898476
2751,37.033,66.98215381417602,18.885769723850423,60.48721287812797,0.0,100.0,-25.380710659898476
2752,43.2,58.6368592197942,6.5332102000064936,39.78935875990221,0.0,125.0,-25.380710659898476
2753,48.192,58.496857113627044,3.771725257076846,62.26858237070389,0.0,150.0,0.0
2754,58.203,71.11226348389874,1.4704301020415378,121.83269358594028,0.0,150.0,49.25
2755,63.757,72.02626050348985,0.0,121.27626050348985,0.0,100.0,49.25
2756,50.521,57.06893151018245,0.0,57.06893151018245,0.0,50.0,0.0
2757,50.521,39.19607917082446,0.0,73.6710791708245,0.0,50.0,34.47500000000004
2758,48.033,21.78103724415271,0.0,21.78103724415271,0.0,14.999999999999972,0.0
2759,47.072,14.95339269860412,0.0,14.95339269860412,0.0,14.999999999999972,0.0
2760,43.945,8.363535708642013,0.0,8.363535708642013,0.0,14.999999999999972,0.0
2761,37.898,3.4852295168926686,0.0,3.4852295168926686,0.0,14.999999999999972,0.0
2762,37.805,3.132902645156807,0.0,3.132902645156807,0.0,14.999999999999972,0.0
2763,37.805,2.327024969106628,0.0,2.327024969106628,0.0,14.999999999999972,0.0
2764,37.999,0.0,0.0,0.0,0.0,14.999999999999972,0.0
2765,38.323,0.0,1.7280870646851112,1.7280870646851112,0.0,14.999999999999972,0.0
2766,37.966,0.0,9.863184042007676,9.863184042007676,0.0,14.999999999999972,0.0
2767,38.141,0.0,18.127058578659984,18.127058578659984,0.0,14.999999999999972,0.0
2768,36.844,0.0,28.26339905151385,28.26339905151385,0.0,14.999999999999972,0.0
2769,34.865,0.0,47.30359329360074,47.30359329360074,0.0,14.999999999999972,0.0
2770,33.716,0.0,60.03405116034612,60.03405116034612,0.0,14.999999999999972,0.0
2771,33.042,0.0,75.9774795117647,75.9774795117647,0.0,14.999999999999972,0.0
2772,33.031,3.297488693916286,68.22624989281529,71.52373858673158,0.0,14.999999999999972,0.0
2773,33.031,7.401922480139429,67.74314412326532,75.14506660340476,0.0,14.999999999999972,0.0
2774,34.074,14.047260866092369,53.58058381169338,67.62784467778575,0.0,14.999999999999972,0.0
2775,35.07,10.446887025486589,52.41954573567435,62.86643276116094,0.0,14.999999999999972,0.0
2776,37.443,3.7775911070554127,33.41382430184396,37.191415408899374,0.0,14.999999999999972,0.0
2777,37.989,3.9906284615396936,7.832419365604067,11.82304782714376,0.0,14.999999999999972,0.0
2778,42.571,2.348108798870351,0.2434180341105091,2.5915268329808603,0.0,14.999999999999972,0.0
2779,37.805,4.947354762186777,0.0,2.8322955405285697,0.0,14.999999999999972,-2.115059221658207
2780,37.805,5.690667820165684,0.0,3.5756085985074773,0.0,17.083333333333307,-2.115059221658207
2781,37.805,21.890030742466983,0.0,19.774971520808776,0.0,19.166666666666643,-2.115059221658207
2782,37.443,54.28245566537309,0.0,52.167396443714885,0.0,21.24999999999997,-2.115059221658207
2783,37.443,71.79707067735211,0.0,69.6820114556939,0.0,23.333333333333307,-2.115059221658207
2784,32.984,84.88036322638033,0.0,82.76530400472211,0.0,25.416666666666636,-2.115059221658207
2785,32.984,77.4779997364513,0.0,75.36294051479308,0.0,27.49999999999997,-2.115059221658207
2786,32.984,70.00526979775525,0.0,67.89021057609705,0.0,29.5833333333333,-2.115059221658207
2787,32.984,73.14295301172056,0.0,71.02789379006236,0.0,31.666666666666636,-2.115059221658207
2788,32.984,97.61620460554607,0.0,95.50114538388787,0.0,33.74999999999997,-2.1150592216582065
2789,33.057,110.13116968607454,0.0,108.01611046441634,0.0,35.833333333333314,-2.115059221658206
2790,35.237,102.72008647399412,1.7512821540166141,102.35630940635252,0.0,37.91666666666664,-2.1150592216582056
2791,34.056,84.84564045908105,5.5553834528207595,88.28596469024362,0.0,39.999999999999986,-2.1150592216582056
2792,33.467,118.09090483566901,12.202926284913357,128.17877189892414,0.0,42.083333333333314,-2.115059221658205
2793,30.797,160.36137275853443,18.95834113446975,177.20465467134596,0.0,44.16666666666664,-2.115059221658206
2794,30.721,110.43411176048677,60.65896783294161,168.97802037177019,0.0,46.24999999999997,-2.115059221658206
2795,26.558,79.87613958955504,68.40322124048826,146.16430160838507,0.0,48.3333333333333,-2.115059221658206
2796,25.738,111.50609224642982,62.85997257282116,172.25100559759275,0.0,50.416666666666636,-2.115059221658207
2797,25.738,185.83683954831523,70.84559083327673,254.56737115993377,0.0,52.499999999999964,-2.1150592216582087
2798,30.621,197.15535127309215,68.22023066103333,263.26052271246726,0.0,54.58333333333329,-2.1150592216582087
2799,32.159,218.69378054993092,52.19572203110513,268.7744433593778,0.0,56.66666666666663,-2.1150592216582087
2800,33.37,197.86383502962167,34.04352843446694,229.7923042424304,0.0,58.749999999999964,-2.1150592216582105
2801,35.189,131.84272537117488,7.598155313832909,137.32582146334957,0.0,60.8333333333333,-2.115059221658207
2802,43.357,158.49587003128283,2.627490055768226,159.00830086539284,0.0,62.916666666666636,-2.115059221658207
2803,44.976,149.3407048277798,0.5023065008181601,199.09301132859795,0.0,64.99999999999997,49.25
2804,44.976,139.16219625321096,0.0,135.16072356348906,0.0,14.999999999999972,-4.001472689721914
2805,37.788,157.13995952221768,0.0,153.13848683249577,0.0,18.94145059937606,-4.001472689721914
2806,35.408,225.74775148557967,0.0,221.74627879585776,0.0,22.882901198752144,-4.001472689721913
2807,33.007,223.96404387186294,0.0,219.96257118214103,0.0,26.824351798128234,-4.001472689721913
2808,37.24,238.32682785620395,0.0,234.32535516648204,0.0,30.765802397504313,-4.001472689721913
2809,37.24,238.3856864842806,0.0,234.3842137945587,0.0,34.7072529968804,-4.001472689721914
2810,37.24,227.32117745709218,0.0,223.31970476737027,0.0,38.64870359625648,-4.001472689721914
2811,37.24,244.76021953121526,0.0,240.75874684149335,0.0,42.59015419563257,-4.001472689721913
2812,37.24,254.92722750942477,0.0,250.92575481970286,0.0,46.53160479500866,-4.001472689721913
2813,37.24,237.17434780652152,2.632571031839575,235.8054461486392,0.0,50.473055394384744,-4.001472689721915
2814,35.2,218.29502429583187,11.880998355343939,226.1745499614539,0.0,54.41450599376083,-4.001472689721915
2815,39.052,204.02369057819206,31.22578199619792,231.24799988466808,0.0,58.35595659313691,-4.001472689721915
2816,34.433,234.4338323399703,53.28357129885121,277.82427416251164,0.0,62.297407192513,-9.893129476309866
2817,32.302,239.10412420276225,78.87595070490467,300.0,8.086945431357037,72.04213972667822,-9.893129476309866
2818,32.323,207.56165629833828,61.09172660383392,258.76025342586235,0.0,81.78687226084344,-9.893129476309866
2819,32.302,261.04035816908527,86.85620607351782,300.0,38.003434766293196,91.53160479500866,-9.893129476309866
2820,32.302,233.1864214798741,76.70670799643577,300.0,0.0,101.27633732917388,-9.893129476309866
2821,32.774,203.6931734608191,74.9910866169085,268.79113060141776,0.0,111.02106986333911,-9.893129476309866
2822,34.368,267.74268119671444,66.195490651806,300.0,24.04504237221056,120.76580239750433,-9.893129476309866
2823,36.906,223.2218879997822,44.200326739402755,257.52908526287507,0.0,130.51053493166955,-9.893129476309866
2824,38.71,239.82302622273022,30.82820674368441,260.75810349010476,0.0,140.25526746583478,-9.893129476309866
2825,43.259,198.70917587371827,8.95892906588439,209.77881922531694,0.0,150.0,2.1107142857142844
2826,39.292,169.59408387363098,0.4720616722513791,172.17685983159666,0.0,147.85714285714286,2.110714285714285
2827,38.115,99.04182099951149,0.0,101.15253528522577,0.0,145.71428571428572,2.1107142857142858
2828,38.067,36.13867137770485,0.0,38.24938566341914,0.0,143.5714285714286,2.1107142857142867
2829,41.174,12.902865288507817,0.0,15.013579574222103,0.0,141.42857142857147,2.1107142857142867
2830,46.288,7.2790635280916725,0.0,9.38977781380596,0.0,139.28571428571433,2.1107142857142867
2831,37.836,10.147494569368906,0.0,12.258208855083193,0.0,137.1428571428572,2.1107142857142867
2832,34.75,16.17065977491211,0.0,18.281374060626398,0.0,135.00000000000006,2.110714285714286
2833,34.676,15.421719211852494,0.0,17.532433497566778,0.0,132.8571428571429,2.1107142857142858
2834,33.89,10.910846008242354,0.0,13.02156029395664,0.0,130.71428571428575,2.1107142857142858
2835,33.712,11.835448982777216,0.0,13.946163268491501,0.0,128.5714285714286,2.1107142857142853
2836,33.978,11.82082315079414,0.0,13.931537436508426,0.0,126.42857142857146,2.1107142857142853
2837,34.57,12.048361920945649,3.0001174005370332,17.159193607196965,0.0,124.2857142857143,2.110714285714285
2838,36.16,6.325161302170897,12.16319481261216,20.59907040049734,0.0,122.14285714285717,2.110714285714285
2839,34.707,14.87806937206141,35.47346911917024,52.46225277694594,0.0,120.00000000000003,2.1107142857142858
2840,34.017,16.407597584901396,56.32331997360032,74.841631844216,0.0,117.85714285714289,2.1107142857142858
2841,32.69,15.517220157620304,45.327242722386565,62.95517716572116,0.0,115.71428571428575,2.1107142857142853
2842,32.126,8.06189022091182,25.40891841745165,35.58152292407775,0.0,113.5714285714286,2.110714285714285
2843,31.957,6.587502848165673,20.548379988456055,29.246597122336013,0.0,111.42857142857144,2.110714285714285
2844,31.957,8.973296866194096,13.280545540449229,24.364556692357606,0.0,109.2857142857143,2.110714285714285
2845,31.957,13.154415558410376,12.218327558658611,27.48345740278327,0.0,107.14285714285717,2.110714285714285
2846,31.957,15.673518624304265,16.67019635022241,34.454429260240964,0.0,105.00000000000003,2.110714285714285
2847,32.245,15.877126345326891,16.331333535048085,34.31917416608926,0.0,102.85714285714289,2.1107142857142858
2848,33.477,10.546512572597559,10.582144852123902,23.239371710435748,0.0,100.71428571428575,2.1107142857142858
2849,34.662,8.744540971441571,6.407595835611008,17.262851092766866,0.0,98.5714285714286,2.1107142857142867
2850,44.869,10.128308480270347,2.0501313894829813,14.289154155467617,0.0,96.42857142857147,2.1107142857142884
2851,33.678,14.050188354706453,0.14600887719191027,16.30691151761265,0.0,94.28571428571432,2.1107142857142875
2852,33.678,11.043551139029306,0.0,13.154265424743594,0.0,92.14285714285718,2.1107142857142875
2853,33.478,9.85354093035432,0.0,11.964255216068608,0.0,90.00000000000004,2.1107142857142875
2854,33.278,20.081517147723755,0.0,22.192231433438046,0.0,87.8571428571429,2.1107142857142893
2855,33.278,27.751405264004624,0.0,29.862119549718916,0.0,85.71428571428577,2.110714285714291
2856,32.427,32.71598306470259,0.0,34.826697350416886,0.0,83.57142857142863,2.1107142857142946
2857,32.366,43.35698369144212,0.0,45.46769797715641,0.0,81.42857142857147,2.1107142857142946
2858,32.366,73.60452183185555,0.0,75.71523611756984,0.0,79.28571428571432,2.1107142857143018
2859,32.366,90.70283927133946,0.0,92.81355355705375,0.0,77.14285714285717,2.1107142857143018
2860,32.366,92.2940160045019,0.0,87.53513275577092,0.0,75.0,-4.7588832487309745
2861,32.366,87.82944226374369,0.27593849683020505,83.34649751184293,0.0,79.6875,-4.7588832487309745
2862,32.366,112.13293735679629,5.099422439833912,112.47347654789924,0.0,84.37500000000001,-4.758883248730971
2863,32.366,112.98769009341227,17.165850922519322,125.39465776720061,0.0,89.06250000000001,-4.758883248730967
2864,32.112,117.69922220481203,33.95772688419035,146.8980658402714,0.0,93.75,-4.758883248730964
2865,31.5,112.26594041095815,45.14183014163335,152.64888730386053,0.0,98.4375,-4.758883248730966
2866,30.379,137.37874898081444,58.775619873615405,191.39548560569887,0.0,103.125,-4.758883248730964
2867,24.322,143.27583625838685,64.8683466986169,203.38529970827278,0.0,107.8125,-4.758883248730964
2868,24.322,126.79914320698015,69.00690996502844,191.04716992327764,0.0,112.5,-4.758883248730964
2869,24.793,146.3761409377734,53.50419187064145,195.1214495596839,0.0,117.1875,-4.758883248730964
2870,30.658,165.6520111675934,64.84131317883717,225.7344410976996,0.0,121.875,-4.758883248730965
2871,32.171,174.6951835781263,61.67200744749235,231.60830777688767,0.0,126.5625,-4.758883248730962
2872,32.562,162.98594657323906,30.542327495471746,188.76939081997983,0.0,131.25,-4.758883248730963
2873,33.318,182.70548358789324,8.939439834189116,186.88604017335138,0.0,135.9375,-4.758883248730964
2874,35.506,157.3513555048442,1.0097185258426087,153.60219078195584,0.0,140.625,-4.758883248730964
2875,39.94,97.86749600862164,0.19841866098320865,93.30703142087388,0.0,145.3125,-4.758883248730964
2876,40.276,88.56488899793675,0.0,88.56488899793675,0.0,150.0,0.0
2877,40.609,93.60545327298156,0.0,93.60545327298156,0.0,150.0,0.0
2878,34.958,90.34755011843006,0.0,90.34755011843006,0.0,150.0,0.0
2879,33.494,73.58491205724654,0.0,73.58491205724654,0.0,150.0,0.0
2880,34.57,62.17174958874041,0.0,62.17174958874041,0.0,150.0,0.0
2881,34.57,44.7280928511489,0.0,44.7280928511489,0.0,150.0,0.0
2882,35.025,33.155969421455744,0.0,33.155969421455744,0.0,150.0,0.0
2883,35.088,26.217239949003257,0.0,26.217239949003257,0.0,150.0,0.0
2884,35.674,22.204027117734675,0.0,22.204027117734675,0.0,150.0,0.0
2885,36.405,12.495509506758609,0.14530213854012475,12.640811645298733,0.0,150.0,0.0
2886,38.307,3.1753791449797766,7.864754657399037,11.040133802378813,0.0,150.00000000000003,0.0
2887,44.493,0.0,13.688790677181556,13.688790677181556,0.0,150.0,0.0
2888,35.021,0.0,35.036963495969395,35.036963495969395,0.0,150.00000000000006,0.0
2889,33.992,0.0,59.833476458485805,59.833476458485805,0.0,150.00000000000006,0.0
2890,32.499,0.0,83.64281153155761,83.64281153155761,0.0,150.00000000000006,0.0
2891,32.261,0.0,86.79951371635187,86.79951371635187,0.0,150.00000000000006,0.0
2892,32.261,0.0,83.2739854534851,83.2739854534851,0.0,150.00000000000003,0.0
2893,32.458,1.4232540859535754,86.67594984437424,88.09920393032782,0.0,150.00000000000003,0.0
2894,34.127,3.3392164104206072,85.9400118785428,89.27922828896341,0.0,150.00000000000006,0.0
2895,34.844,3.99299017174003,70.11348633499436,74.1064765067344,0.0,150.00000000000006,0.0
2896,36.317,5.389468183311683,42.7842770555703,48.173745238881985,0.0,150.00000000000006,0.0
2897,36.45,9.188320632035765,10.891621521121905,20.07994215315767,0.0,150.00000000000006,0.0
2898,41.381,15.812255023435673,3.0423006781324995,18.854555701568174,0.0,150.00000000000003,0.0
2899,36.623,23.09869658294001,1.5940390067213719,24.692735589661382,0.0,150.0,0.0
2900,35.674,28.70792299557084,0.0,28.70792299557084,0.0,150.0,0.0
2901,34.734,33.2504756181733,0.0,33.2504756181733,0.0,150.0,0.0
2902,34.57,45.27797508551716,0.0,45.27797508551716,0.0,150.0,0.0
2903,34.57,40.7958006190028,0.0,40.7958006190028,0.0,150.0,0.0
2904,33.878,32.48113298161728,0.0,32.48113298161728,0.0,150.0,0.0
2905,33.878,27.905266812413135,0.0,27.905266812413135,0.0,150.0,0.0
2906,33.878,30.421713585529627,0.0,30.421713585529627,0.0,150.0,0.0
2907,33.878,36.401090802270836,0.0,36.401090802270836,0.0,150.0,0.0
2908,33.878,44.89351182684385,0.0,44.89351182684385,0.0,150.0,0.0
2909,33.878,45.9005568276461,4.020560863642805,49.921117691288906,0.0,150.0,0.0
2910,33.634,33.08298385003883,13.133676299056674,46.2166601490955,0.0,150.0,0.0
2911,33.481,20.12333829027929,34.61266124676759,54.73599953704688,0.0,150.0,0.0
2912,32.285,18.847924293606212,59.30154176497552,78.14946605858174,0.0,150.0,0.0
2913,32.479,21.147789963148664,79.36989407942848,100.51768404257714,0.0,150.0,0.0
2914,32.826,27.01098385653572,89.47815235376959,116.4891362103053,0.0,150.0,0.0
2915,31.379,33.82181427121947,97.2259987364433,131.04781300766277,0.0,150.0,0.0
2916,31.279,38.98442404863833,100.0,138.98442404863835,0.0,150.0,0.0
2917,31.279,38.28371628578024,97.55788178202555,135.8415980678058,0.0,150.0,0.0
2918,32.815,35.46665798097073,86.24252435988546,121.70918234085619,0.0,150.0,0.0
2919,33.481,32.372633149558375,69.13178160414193,101.5044147537003,0.0,150.0,0.0
2920,35.931,29.394435144063404,41.04416788505756,70.43860302912097,0.0,150.0,0.0
2921,39.094,28.84729933103761,10.471033532676993,39.3183328637146,0.0,150.0,0.0
2922,43.16,27.91210685391844,2.847372341537278,30.759479195455718,0.0,150.0,0.0
2923,47.342,29.687541800590548,1.830371729789387,42.59916353037994,0.0,150.0,11.081250000000002
2924,41.019,29.825847859405545,0.0,40.907097859405546,0.0,138.75,11.081250000000002
2925,39.692,25.935912199473563,0.0,37.01716219947357,0.0,127.5,11.081250000000002
2926,38.971,24.050696474736036,0.0,35.13194647473604,0.0,116.24999999999999,11.08125
2927,36.786,21.001571861135623,0.0,32.08282186113563,0.0,104.99999999999997,11.08125
2928,36.85,19.935924345579647,0.0,31.017174345579647,0.0,93.74999999999997,11.081249999999999
2929,36.85,19.34895297754269,0.0,30.43020297754269,0.0,82.49999999999997,11.081249999999999
2930,36.85,14.951275374097634,0.0,26.032525374097634,0.0,71.24999999999997,11.08125
2931,36.85,10.194958939319635,0.0,21.276208939319638,0.0,59.99999999999997,11.08125
2932,36.85,7.473988651020402,0.0,18.555238651020403,0.0,48.74999999999997,11.08125
2933,37.569,5.335954937515149,4.20653037640243,20.62373531391758,0.0,37.49999999999997,11.081250000000002
2934,44.043,0.6522123049589424,13.455501106288859,25.1889634112478,0.0,26.24999999999997,11.08125
2935,42.592,0.0,35.116083580274505,23.694763783320187,0.0,14.999999999999972,-11.421319796954318
2936,37.546,0.0,60.54184102430362,49.1205212273493,0.0,26.249999999999975,-11.421319796954318
2937,35.484,0.0,82.74849209316864,71.32717229621431,0.0,37.49999999999996,-11.421319796954318
2938,34.139,0.0,98.43487366683786,87.01355386988354,0.0,48.74999999999994,-11.421319796954318
2939,33.522,0.0,100.0,88.57868020304568,0.0,59.99999999999994,-11.421319796954318
2940,33.779,0.0,100.0,88.57868020304568,0.0,71.24999999999996,-11.421319796954318
2941,33.893,0.0,100.0,88.57868020304568,0.0,82.49999999999997,-11.421319796954318
2942,34.899,3.810479592119561,93.2851148366633,85.67427463182854,0.0,93.74999999999997,-11.421319796954322
2943,36.082,10.571284659380632,72.44951725226201,71.59948211468833,0.0,104.99999999999997,-11.421319796954318
2944,38.645,14.595217657785849,42.72984584522474,45.90374370605627,0.0,116.24999999999999,-11.421319796954315
2945,39.629,16.327863596163525,11.301382781809478,16.207926581018697,0.0,127.5,-11.421319796954307
2946,52.27,19.08519374050652,3.2515998012361518,10.915473744788365,0.0,138.75,-11.421319796954307
2947,42.702,17.416488806951254,2.266088279057353,19.682577086008607,0.0,150.0,0.0
2948,40.883,15.109413659634425,0.0,15.109413659634425,0.0,150.0,0.0
2949,39.433,12.142425400534748,0.0,12.142425400534748,0.0,150.0,0.0
2950,38.601,6.068833537135404,0.0,6.068833537135404,0.0,150.0,0.0
2951,37.8,6.175553602968035,0.0,6.175553602968035,0.0,150.0,0.0
2952,42.73,7.983758413046276,0.0,7.983758413046276,0.0,150.00000000000003,0.0
2953,42.73,10.967012277050125,0.0,60.217012277050124,0.0,150.0,49.25
2954,42.73,13.693146182998222,0.0,48.16814618299826,0.0,100.0,34.47500000000004
2955,42.73,14.41214496822275,0.0,63.66214496822275,0.0,64.99999999999997,49.25
2956,42.73,11.960599989940722,0.0,11.960599989940722,0.0,14.999999999999972,0.0
2957,42.465,7.916379707378024,4.509441793062397,12.42582150044042,0.0,14.999999999999972,0.0
2958,43.161,2.132049442304674,13.957897196756086,5.937662375101366,0.0,14.999999999999972,-10.152284263959393
2959,38.971,0.0,37.31534277237636,27.163058508416967,0.0,24.99999999999997,-10.152284263959393
2960,37.422,0.0,64.64441968685513,54.492135422895736,0.0,34.99999999999997,-10.152284263959393
2961,35.715,0.0,86.92356178582307,76.77127752186368,0.0,44.99999999999997,-10.152284263959393
2962,36.609,0.0,100.0,89.84771573604061,0.0,54.999999999999986,-10.152284263959393
2963,36.993,0.0,100.0,89.84771573604061,0.0,65.0,-10.152284263959391
2964,36.993,0.2833383145869645,100.0,90.13105405062758,0.0,75.0,-10.152284263959391
2965,37.057,3.338122100467471,100.0,93.18583783650809,0.0,85.0,-10.152284263959391
2966,38.355,3.992892504135525,95.33982979511899,89.18043803529513,0.0,95.00000000000001,-10.152284263959388
2967,40.06,2.249883155381067,73.92615339364977,66.02375228507145,0.0,105.0,-10.152284263959388
2968,42.465,1.0186408385247148,43.62706746452982,34.49342403909515,0.0,115.0,-10.152284263959388
2969,47.301,2.2642188335970865,11.670507797556395,63.18472663115348,0.0,125.0,49.25
2970,61.757,6.007000635348312,3.4153592934238266,19.27235992877217,0.0,75.0,9.85000000000003
2971,61.757,7.146776396521529,2.512118649941271,58.9088950464628,0.0,64.99999999999997,49.25
2972,61.757,10.357330388353464,0.0,10.357330388353464,0.0,14.999999999999972,0.0
2973,46.27,9.35960285433322,0.0,8.588780253150142,0.0,14.999999999999972,-0.7708226011830774
2974,42.73,5.8133251103483685,0.0,5.042502509165291,0.0,15.759260262165302,-0.7708226011830774
2975,42.465,2.8326283644633214,0.0,2.061805763280244,0.0,16.518520524330633,-0.7708226011830774
2976,38.001,0.7708226011830823,0.0,0.0,0.0,17.277780786495963,-0.7708226011830774
2977,38.001,3.124333850346483,0.0,2.3535112491634056,0.0,18.037041048661294,-0.7708226011830774
2978,38.001,7.314454718290164,0.0,6.543632117107086,0.0,18.796301310826625,-0.7708226011830774
2979,38.001,10.188250122968546,0.0,9.417427521785468,0.0,19.555561572991955,-0.7708226011830774
2980,38.001,10.726806993224471,0.0,9.955984392041394,0.0,20.314821835157286,-0.7708226011830774
2981,38.001,9.271107352068398,2.135799586105861,10.636084336991182,0.0,21.074082097322616,-0.7708226011830774
2982,39.194,6.9472291623642946,10.692333592202205,16.86874015338342,0.0,21.833342359487947,-0.7708226011830774
2983,37.758,6.082524105541431,20.601726872793723,25.913428377152076,0.0,22.592602621653278,-0.7708226011830774
2984,35.963,10.274925621340593,35.21735318632426,44.721456206481776,0.0,23.351862883818608,-0.7708226011830774
2985,34.7,17.418838125612396,48.99972664620241,65.64774217063172,0.0,24.11112314598394,-0.7708226011830774
2986,34.048,28.78636411635436,51.57664749680971,79.59218901198099,0.0,24.87038340814927,-0.7708226011830774
2987,34.048,35.048825597723315,55.389836616330754,89.66783961287098,0.0,25.6296436703146,-0.7708226011830774
2988,34.048,38.80446095413869,53.94080513833297,91.97444349128858,0.0,26.38890393247993,-0.7708226011830774
2989,34.048,40.20941438159294,52.117404435657164,91.55599621606703,0.0,27.14816419464526,-0.7708226011830774
2990,35.046,41.07781971444726,47.27701962848857,87.58401674175275,0.0,27.907424456810592,-0.7708226011830774
2991,36.473,45.064009157544646,29.231041357004695,73.52422791336627,0.0,28.666684718975922,-0.7708226011830774
2992,38.016,51.68926868912809,22.634788186712147,73.55323427465717,0.0,29.425944981141253,-0.7708226011830774
2993,40.143,61.328455521926855,10.365916409328266,70.92354933007203,0.0,30.185205243306584,-0.7708226011830774
2994,52.989,71.62415529110876,0.8687618404725145,71.72209453039821,0.0,30.944465505471914,-0.7708226011830774
2995,40.566,86.85098753639117,1.7289615757470396,86.07791285510854,0.0,31.703725767637245,-2.502036257029669
2996,38.252,104.1038523545555,0.0,101.60181609752583,0.0,34.16823148081147,-2.502036257029669
2997,37.472,119.29440750167109,0.0,116.79237124464142,0.0,36.6327371939857,-2.502036257029669
2998,37.175,145.8250490365227,0.0,143.32301277949304,0.0,39.097242907159924,-2.502036257029669
2999,37.175,148.56264764613658,0.0,146.06061138910692,0.0,41.56174862033414,-2.502036257029669
3000,34.938,144.3407102491757,0.0,141.83867399214603,0.0,44.026254333508376,-2.502036257029669
3001,34.938,127.69566460187784,0.0,125.19362834484816,0.0,46.490760046682595,-2.502036257029669
3002,34.938,123.75722956972999,0.0,121.25519331270031,0.0,48.955265759856815,-2.502036257029669
3003,34.938,126.11717496513118,0.0,123.61513870810151,0.0,51.419771473031034,-2.502036257029669
3004,34.938,129.8530480734249,0.0,127.35101181639523,0.0,53.88427718620527,-2.502036257029669
3005,34.938,135.48724323579526,4.795919605029537,137.78112658379513,0.0,56.348782899379486,-2.502036257029669
3006,34.938,167.34971857801315,14.136499891672969,178.98418221265646,0.0,58.813288612553706,-2.502036257029669
3007,34.938,176.0080900320439,33.245949694661775,206.75200346967603,0.0,61.277794325727925,-2.5020362570296695
3008,34.387,171.50256121972836,56.425146303477,225.4256712661757,0.0,63.742300038902144,-2.50203625702967
3009,34.238,158.03523515782356,77.90944252041804,233.44264142121193,0.0,66.20680575207638,-2.50203625702967
3010,34.309,128.2703933489873,87.48112280007109,213.24947989202875,0.0,68.6713114652506,-2.50203625702967
3011,34.309,126.11780340406796,100.0,223.6157671470383,0.0,71.13581717842482,-2.5020362570296704
3012,34.309,104.75406538781787,100.0,202.25202913078823,0.0,73.60032289159903,-2.50203625702967
3013,34.325,94.65331953927034,100.0,192.15128328224068,0.0,76.06482860477327,-2.50203625702967
3014,34.474,86.38583515374263,89.23216585472508,173.11596475143807,0.0,78.52933431794749,-2.5020362570296704
3015,34.778,82.34861260521187,76.56984087078914,156.41641721897133,0.0,80.99384003112174,-2.5020362570296704
3016,35.394,76.04805009272322,40.61838213903022,114.16439597472376,0.0,83.45834574429595,-2.5020362570296704
3017,37.212,67.32088759006538,8.492392923467312,73.31124425650302,0.0,85.92285145747017,-2.502036257029671
3018,49.876,53.58175907312326,0.4584971431428143,51.5382199592364,0.0,88.3873571706444,-2.502036257029671
3019,38.917,38.214094887731974,1.8732278097661728,37.58528644046847,0.0,90.85186288381863,-2.50203625702967
3020,45.891,30.629035829062612,0.0,28.126999572032943,0.0,93.31636859699285,-2.502036257029671
3021,35.821,27.246952593612292,0.0,24.74491633658262,0.0,95.78087431016708,-2.502036257029671
3022,35.486,21.49637135386416,0.0,18.99433509683449,0.0,98.2453800233413,-2.502036257029671
3023,35.394,26.120196844908705,0.0,23.618160587879032,0.0,100.70988573651553,-2.502036257029671
3024,40.57,21.85113168070048,0.0,19.34909542367081,0.0,103.17439144968975,-2.502036257029671
3025,40.57,13.796915167343109,0.0,11.294878910313436,0.0,105.63889716286397,-2.5020362570296717
3026,40.57,13.963574500196591,0.0,11.46153824316692,0.0,108.10340287603822,-2.5020362570296717
3027,40.57,14.233182398762164,0.0,11.731146141732493,0.0,110.56790858921244,-2.502036257029671
3028,40.936,11.897888614844017,0.0,9.395852357814348,0.0,113.03241430238666,-2.50203625702967
3029,40.936,11.94116651818724,4.292109644170776,13.731239905328346,0.0,115.49692001556089,-2.502036257029671
3030,40.936,9.711491867642,13.78978822098858,20.999243831600907,0.0,117.9614257287351,-2.502036257029671
3031,40.936,14.957384412355175,32.62715632450676,45.08250447983226,0.0,120.42593144190931,-2.5020362570296726
3032,36.4,13.287948075035235,53.952864469575154,64.73877628758072,0.0,122.89043715508353,-2.502036257029671
3033,35.873,13.046012659704344,67.51141753308862,78.05539393576329,0.0,125.35494286825774,-2.5020362570296726
3034,35.605,13.258133098440766,82.53445056508615,93.29054740649724,0.0,127.81944858143194,-2.5020362570296744
3035,35.605,13.826280610564176,64.81191690060861,76.13616125414312,0.0,130.28395429460616,-2.5020362570296726
3036,35.709,16.155237170941334,74.2856616227519,87.93886253666356,0.0,132.7484600077804,-2.5020362570296726
3037,36.403,16.737596490856486,97.4673619550759,111.70292218890272,0.0,135.21296572095463,-2.5020362570296726
3038,37.372,19.093695302431627,72.45711518313142,89.04877422853338,0.0,137.67747143412885,-2.502036257029676
3039,38.716,21.295086169903993,56.06516839219786,74.85821830507219,0.0,140.14197714730307,-2.5020362570296726
3040,40.107,22.300250298534465,44.316907379894175,64.11512142139897,0.0,142.6064828604773,-2.5020362570296726
3041,42.042,23.109487071831538,11.80846458318705,32.41591539798891,0.0,145.07098857365153,-2.5020362570296726
3042,56.78,18.356578432033686,2.5972917947374974,18.45183396974151,0.0,147.53549428682578,-2.5020362570296726
3043,59.001,13.871868932992676,3.2713908513661063,66.39325978435878,0.0,150.0,49.25
3044,57.062,13.225412958582346,0.0,62.475412958582346,0.0,100.0,49.25
3045,55.29,12.349781838643795,0.0,8.723966030086869,0.0,50.0,-3.625815808556925
3046,41.366,13.534681945218296,0.0,9.90886613666137,0.0,53.57142857142857,-3.625815808556925
3047,41.366,14.072754349318824,0.0,10.446938540761899,0.0,57.14285714285714,-3.6258158085569256
3048,43.303,15.263605741088274,0.0,11.637789932531348,0.0,60.71428571428571,-3.625815808556926
3049,43.303,11.304416085489384,0.0,7.678600276932459,0.0,64.28571428571428,-3.625815808556926
3050,43.303,7.0565683883447505,0.0,3.430752579787825,0.0,67.85714285714286,-3.6258158085569256
3051,43.303,5.071570623776334,0.0,1.4457548152194084,0.0,71.42857142857144,-3.6258158085569256
3052,43.303,3.750487411861709,0.0,0.1246716033047841,0.0,75.00000000000003,-3.6258158085569248
3053,44.709,2.9053900036992255,5.214704765747075,4.494278960889374,0.0,78.57142857142858,-3.6258158085569265
3054,43.824,0.0,14.548888790440712,10.923072981883784,0.0,82.14285714285715,-3.6258158085569274
3055,45.286,3.817580325455144,33.204575143830475,33.39633966072869,0.0,85.71428571428572,-3.6258158085569265
3056,39.711,3.809036187595027,50.356359366488576,50.53957974552667,0.0,89.28571428571428,-3.6258158085569274
3057,38.477,4.968654755680291,61.68843873253839,63.03127767966175,0.0,92.85714285714285,-3.6258158085569274
3058,37.899,7.775930054511656,74.4360858797858,78.58620012574053,0.0,96.42857142857142,-3.6258158085569274
3059,37.642,9.440377954503656,78.92984367253393,84.74440581848067,0.0,100.0,-3.6258158085569274
3060,37.304,9.870171150177743,99.0930507397715,105.33740608139232,0.0,103.57142857142857,-3.6258158085569256
3061,37.304,9.814265442112347,94.07673334612272,100.26518297967814,0.0,107.14285714285715,-3.6258158085569256
3062,37.751,7.860415917353088,87.43456705165204,91.66916716044821,0.0,110.71428571428572,-3.6258158085569256
3063,39.948,5.523475699946244,64.07592881673911,65.97358870812843,0.0,114.2857142857143,-3.625815808556922
3064,43.347,2.0743136557139343,38.935013727772315,37.38351157492933,0.0,117.85714285714286,-3.625815808556922
3065,54.023,0.0,8.904461857988434,5.2786460494315115,0.0,121.42857142857143,-3.625815808556922
3066,62.5,0.0,2.9069383381889558,52.15693833818896,0.0,125.0,49.25
3067,61.763,0.0,3.321688319593136,3.321688319593136,0.0,75.0,0.0
3068,45.447,0.0,0.0,0.0,0.0,75.0,0.0
3069,44.592,0.0,0.0,0.0,0.0,75.0,0.0
3070,43.303,0.0,0.0,0.0,0.0,75.0,0.0
3071,43.303,1.3179246411522842,0.0,1.3179246411522842,0.0,75.0,0.0
3072,35.937,13.734566542402463,0.0,13.734566542402463,0.0,75.0,0.0
3073,35.936,27.903871877007006,0.0,27.903871877007006,0.0,75.0,0.0
3074,35.793,32.683454257786096,0.0,32.683454257786096,0.0,75.0,0.0
3075,35.6,39.89582749314642,0.0,39.89582749314642,0.0,75.0,0.0
3076,35.6,43.02256387811413,0.0,43.02256387811413,0.0,75.0,0.0
3077,35.6,52.53116375802346,4.397862615077627,56.92902637310109,0.0,75.0,0.0
3078,35.442,47.35813365127131,11.634529653037198,58.99266330430851,0.0,75.0,0.0
3079,38.719,83.70314617223721,28.97494175811501,112.67808793035222,0.0,75.0,0.0
3080,35.405,77.54877568248118,45.21767052083786,115.1522330053495,0.0,75.0,-7.614213197969548
3081,34.343,80.57942473793156,52.056607830515354,125.02181937047737,0.0,82.5,-7.614213197969548
3082,34.14,88.23530795033048,74.42418503510453,155.04527978746546,0.0,90.0,-7.614213197969541
3083,32.756,108.71596099004296,83.90330206729601,185.00504985936942,0.0,97.5,-7.614213197969544
3084,32.448,99.6777903736121,58.63485142275917,150.69842859840173,0.0,105.0,-7.614213197969541
3085,32.921,118.64500843485898,41.26520850662028,152.29600374350971,0.0,112.5,-7.614213197969542
3086,34.447,66.3021080461151,30.585203495990935,89.27309834413649,0.0,120.0,-7.614213197969541
3087,35.166,66.96016858539552,20.17362223695311,79.51957762437908,0.0,127.5,-7.614213197969542
3088,36.772,51.22774188373475,12.2204937784861,55.83402246425131,0.0,135.0,-7.614213197969541
3089,44.101,40.72091246781696,8.711402262745224,41.81810153259264,0.0,142.5,-7.614213197969541
3090,39.885,31.799926650444885,3.8099716778545623,71.09161464992798,0.0,150.0,35.48171632162854
3091,47.694,23.23752584808146,0.368440787552116,72.85596663563358,0.0,113.97795297296597,49.25
3092,40.46,14.538956593364238,0.0,14.538956593364238,0.0,63.977952972965966,0.0
3093,38.022,9.805581016556694,0.0,9.805581016556694,0.0,63.977952972965966,0.0
3094,36.633,15.019301697340932,0.0,15.019301697340932,0.0,63.977952972965966,0.0
3095,35.6,15.050419725206142,0.0,15.050419725206142,0.0,63.977952972965966,0.0
3096,36.419,13.695339923800741,0.0,13.695339923800741,0.0,63.977952972965966,0.0
3097,36.419,7.619079815345087,0.0,7.619079815345087,0.0,63.977952972965966,0.0
3098,36.419,1.8426006945752407,0.0,1.8426006945752407,0.0,63.977952972965966,0.0
3099,37.228,0.0,0.0,0.0,0.0,63.977952972965966,0.0
3100,37.228,0.0,0.0,0.0,0.0,63.977952972965966,0.0
3101,37.228,0.1296176469454714,3.5999110131334526,3.729528660078924,0.0,63.977952972965966,0.0
3102,38.213,0.0,10.74952605263022,10.74952605263022,0.0,63.977952972965966,0.0
3103,38.684,0.0,8.733202743861321,0.0,0.0,63.977952972965966,-8.73320274386132
3104,36.954,3.304376264340155,19.404577178436927,13.975750698915764,0.0,72.58015767566937,-8.73320274386132
3105,36.138,0.8894258233283907,31.104700521185023,23.260923600652095,0.0,81.18236237837277,-8.73320274386132
3106,36.138,11.15364331513099,34.490706729707455,36.91114730097713,0.0,89.78456708107618,-8.73320274386132
3107,36.138,22.10812807528324,35.30118473019228,48.6761100616142,0.0,98.38677178377958,-8.73320274386132
3108,36.138,27.959973123581992,42.69682562246303,61.92359600218371,0.0,106.98897648648298,-8.73320274386132
3109,36.964,24.15308021977404,77.19872072809599,92.61859820400872,0.0,115.59118118918639,-8.73320274386132
3110,37.228,19.717742893046637,75.09085904755871,86.07539919674403,0.0,124.19338589188979,-8.73320274386132
3111,38.081,17.654267263316,58.17135844214655,67.09242296160124,0.0,132.7955905945932,-8.73320274386132
3112,39.551,21.74138336219924,27.465382755125006,40.47356337346293,0.0,141.3977952972966,-8.73320274386132
3113,52.565,22.01269914924463,10.096571154690343,81.35927030393498,0.0,150.0,49.25
3114,52.565,22.54325632158257,0.8304318736717331,72.6236881952543,0.0,100.0,49.25
3115,52.023,19.668006225603243,1.1904819172846632,55.333488142887944,0.0,50.0,34.47500000000004
3116,39.617,11.048374057397988,0.0,11.048374057397988,0.0,14.999999999999972,0.0
3117,38.648,6.554323915230555,0.0,6.554323915230555,0.0,14.999999999999972,0.0
3118,37.51,0.0,0.0,0.0,0.0,14.999999999999972,0.0
3119,37.228,0.0,0.0,0.0,0.0,14.999999999999972,0.0
3120,34.168,0.0,0.0,0.0,0.0,14.999999999999972,0.0
3121,34.168,0.0,0.0,0.0,0.0,14.999999999999972,0.0
3122,34.168,0.9969699343540821,0.0,0.9969699343540821,0.0,14.999999999999972,0.0
3123,33.966,11.666164231662744,0.0,11.666164231662744,0.0,14.999999999999972,0.0
3124,33.712,26.454518030132185,0.0,26.454518030132185,0.0,14.999999999999972,0.0
3125,33.712,49.617234447437355,0.0,49.617234447437355,0.0,14.999999999999972,0.0
3126,33.503,81.46411011817601,0.08285063354988102,81.54696075172589,0.0,14.999999999999972,0.0
3127,33.296,106.77769847956537,2.9483623150809897,109.72606079464636,0.0,14.999999999999972,0.0
3128,31.8,120.45320477324546,4.133597662928436,124.5868024361739,0.0,14.999999999999972,0.0
3129,26.288,168.26439282804427,11.65673360380686,179.92112643185112,0.0,14.999999999999972,0.0
3130,25.818,273.0316794857956,6.502569456396376,279.534248942192,0.0,14.999999999999972,0.0
3131,21.606,325.88157396362703,5.8224532979918875,300.0,31.704027261618933,14.999999999999972,0.0
3132,21.606,308.43551881575183,8.755540381030197,300.0,17.19105919678202,14.999999999999972,0.0
3133,21.999,251.15202446810562,6.005143351271772,257.1571678193774,0.0,14.999999999999972,0.0
3134,26.457,233.42729767482624,6.479317740222186,239.9066154150484,0.0,14.999999999999972,0.0
3135,32.062,243.45746081350666,8.381399460921127,251.8388602744278,0.0,14.999999999999972,0.0
3136,33.012,239.23358083632027,7.907501349652597,247.14108218597286,0.0,14.999999999999972,0.0
3137,34.457,244.0153005555244,5.798352147226702,249.81365270275109,0.0,14.999999999999972,0.0
3138,39.474,157.25795082408538,2.143420799477927,159.4013716235633,0.0,14.999999999999972,0.0
3139,39.434,160.85365191031374,0.4416922731018714,161.2953441834156,0.0,14.999999999999972,0.0
3140,35.835,159.328704074381,0.0,159.328704074381,0.0,14.999999999999972,0.0
3141,34.46,162.97292903013647,0.0,162.97292903013647,0.0,14.999999999999972,0.0
3142,33.425,138.91674466774137,0.0,138.91674466774137,0.0,14.999999999999972,0.0
3143,33.425,130.3248094156735,0.0,130.3248094156735,0.0,14.999999999999972,0.0
3144,31.714,121.65261572971625,0.0,121.65261572971625,0.0,14.999999999999973,0.0
3145,31.714,131.05907851021837,0.0,131.05907851021837,0.0,14.999999999999973,0.0
3146,31.714,147.58491948790027,0.0,147.58491948790027,0.0,14.999999999999972,0.0
3147,31.714,152.95950357496702,0.0,152.95950357496702,0.0,14.999999999999972,0.0
3148,31.714,145.106156970221,0.0,145.106156970221,0.0,14.999999999999972,0.0
3149,31.812,156.7541586191545,0.0,156.7541586191545,0.0,14.999999999999973,0.0
3150,32.649,185.69841952109115,2.9265176850822487,188.6249372061734,0.0,14.999999999999975,0.0
3151,32.911,207.2398090273866,6.699546071864323,213.93935509925092,0.0,14.999999999999977,0.0
3152,25.383,236.0111275529869,12.421611316742448,248.43273886972935,0.0,14.999999999999977,0.0
3153,19.435,251.53088758887847,15.497081965070436,267.0279695539489,0.0,14.999999999999975,0.0
3154,20.279,167.56459974868415,29.32016414797377,196.88476389665792,0.0,14.999999999999972,0.0
3155,17.607,174.2653915874856,55.74711951626297,230.01251110374858,0.0,14.999999999999972,0.0
3156,17.607,170.31300107250127,56.956769361090394,227.26977043359165,0.0,14.999999999999972,0.0
3157,18.853,156.66048826730866,63.349731699317644,220.01021996662632,0.0,14.999999999999972,0.0
3158,21.998,175.3992791671489,56.31956507066802,231.71884423781694,0.0,14.999999999999972,0.0
3159,30.702,174.96860741259204,57.60792745832195,232.57653487091397,0.0,14.999999999999972,0.0
3160,31.961,195.9427239842221,36.070343667227824,232.01306765144994,0.0,14.999999999999972,0.0
3161,33.629,223.93817281635813,8.477838183283673,232.4160109996418,0.0,14.999999999999972,0.0
3162,42.055,226.74623167622147,0.8782763405437736,227.62450801676525,0.0,14.999999999999972,0.0
3163,42.055,224.40428770985204,3.2930117511319406,227.69729946098397,0.0,14.999999999999972,0.0
3164,34.59,227.19675005857817,0.0,227.19675005857817,0.0,14.999999999999972,0.0
3165,33.39,264.86836868497176,0.0,264.86836868497176,0.0,14.999999999999972,0.0
3166,32.045,281.2855414776839,0.0,281.2855414776839,0.0,14.999999999999972,0.0
3167,31.714,299.04934520623743,0.0,299.04934520623743,0.0,14.999999999999972,0.0
3168,31.982,315.5962671391547,0.0,300.0,8.38280200423617,14.999999999999972,-7.21346513491852
3169,31.507,316.5055305846641,0.0,300.0,9.292065449745566,22.105263157894715,-7.21346513491852
3170,31.507,320.7249884029925,0.0,300.0,13.511523268073974,29.21052631578946,-7.21346513491852
3171,31.507,326.07954539118373,0.0,300.0,18.86608025626521,36.31578947368419,-7.213465134918519
3172,31.507,328.46041205810053,0.0,300.0,21.246946923182012,43.42105263157893,-7.213465134918518
3173,31.494,327.18256979309564,5.949399966032573,300.0,25.918504624209678,50.526315789473685,-7.213465134918518
3174,31.494,342.62331739773026,15.559028941834391,300.0,50.96888120464615,57.631578947368396,-7.213465134918519
3175,30.859,342.27646768140676,29.883422945475637,300.0,64.94642549196385,64.73684210526312,-7.213465134918521
3176,31.154,344.81036802907295,45.54612553360439,300.0,83.1430284277588,71.84210526315785,-7.213465134918519
3177,25.591,343.48021572727373,46.663917802644654,300.0,82.93066839499988,78.94736842105257,-7.21346513491852
3178,25.41,331.29672506915335,52.676827784957084,300.0,76.76008771919192,86.05263157894731,-7.21346513491852
3179,25.41,325.3634690241164,51.890067359669786,300.0,70.04007124886766,93.15789473684205,-7.213465134918518
3180,25.41,322.70491396169285,51.57658717372491,300.0,67.06803600049926,100.2631578947368,-7.213465134918518
3181,25.41,328.37154895881105,55.15400328380006,300.0,76.3120871076926,107.36842105263155,-7.213465134918518
3182,25.41,325.9000799599768,47.73333494825817,300.0,66.41994977331643,114.4736842105263,-7.213465134918518
3183,25.41,332.03717079995164,41.3064826928803,300.0,66.13018835791343,121.57894736842104,-7.213465134918515
3184,30.536,319.9838784514553,32.58676455907757,300.0,45.35717787561436,128.68421052631578,-7.213465134918515
3185,32.141,291.3485986674743,8.438555930068997,292.57368946262477,0.0,135.78947368421052,-7.213465134918508
3186,35.166,243.942500639204,2.094987271883463,238.824022776169,0.0,142.89473684210526,-7.213465134918508
3187,37.752,263.26449617452636,4.618714441765386,267.88321061629176,0.0,150.0,0.0
3188,45.457,244.4057729760689,0.0,281.34327297606893,0.0,150.0,36.93750000000001
3189,35.655,215.23791481128129,0.0,252.17541481128129,0.0,112.5,36.93750000000001
3190,33.986,170.24915402573248,0.0,172.93551766209612,0.0,75.0,2.686363636363637
3191,32.635,143.3659614957774,0.0,146.05232513214105,0.0,72.27272727272727,2.686363636363637
3192,34.121,112.63031197269665,0.0,115.31667560906028,0.0,69.54545454545453,2.6863636363636365
3193,34.121,85.73794747040864,0.0,88.42431110677228,0.0,66.8181818181818,2.686363636363636
3194,34.192,68.46255646059298,0.0,71.14892009695662,0.0,64.09090909090907,2.6863636363636356
3195,34.301,54.71088179995626,0.0,57.3972454363199,0.0,61.36363636363633,2.6863636363636356
3196,35.621,43.158147502835675,0.0,45.84451113919931,0.0,58.63636363636361,2.6863636363636356
3197,37.644,39.833760871771325,4.975141776824813,47.495266284959776,0.0,55.90909090909088,2.686363636363635
3198,34.301,52.2803696806448,14.407325034211748,69.37405835122019,0.0,53.181818181818144,2.6863636363636347
3199,34.153,44.20945653427971,28.81424269751498,75.71006286815833,0.0,50.45454545454542,2.6863636363636347
3200,31.431,38.89310074870264,34.48730121541699,76.06676560048328,0.0,47.72727272727269,2.686363636363635
3201,30.87,46.94526146441852,54.6722494394001,104.30387454018225,0.0,44.999999999999964,2.6863636363636347
3202,30.748,77.36773378577293,79.93566190235066,159.98975932448724,0.0,42.27272727272723,2.6863636363636347
3203,30.419,99.77672018197708,77.71163690079412,180.17472071913483,0.0,39.545454545454504,2.686363636363635
3204,29.892,137.86130052488565,80.66350991266613,221.2111740739154,0.0,36.81818181818178,2.686363636363635
3205,29.892,156.42746015273732,80.57844353288807,239.69226732198905,0.0,34.09090909090905,2.6863636363636343
3206,29.892,147.8278241918625,69.57961061014494,220.0937984383711,0.0,31.363636363636324,2.6863636363636343
3207,30.473,148.5248056265152,52.04635901528568,203.2575282781645,0.0,28.636363636363598,2.686363636363634
3208,30.931,139.0781209539552,34.71482021442372,176.47930480474255,0.0,25.90909090909087,2.686363636363634
3209,33.823,137.24609695534136,9.292013785016398,149.2244743767214,0.0,23.181818181818144,2.686363636363634
3210,34.681,120.64279501027117,0.6482810595462386,123.97743970618104,0.0,20.45454545454542,2.686363636363634
3211,36.291,135.46288654875164,2.1314303595907127,140.280680544706,0.0,17.727272727272695,2.686363636363634
3212,40.881,149.63744925118613,0.0,149.63744925118613,0.0,14.999999999999972,0.0
3213,34.325,180.76361990580958,0.0,169.09915665663456,0.0,14.999999999999972,-11.664463249175014
3214,34.121,241.55727803826215,0.0,229.89281478908714,0.0,26.48949630043736,-11.664463249175014
3215,34.121,271.41413118235533,0.0,259.7496679331803,0.0,37.97899260087475,-11.664463249175014
3216,32.332,298.7045763612298,0.0,287.04011311205477,0.0,49.468488901312135,-11.664463249175014
3217,32.332,315.89679124377966,0.0,300.0,4.2323279946046455,60.95798520174952,-11.664463249175014
3218,32.332,323.4497877653393,0.0,300.0,11.78532451616428,72.44748150218692,-11.664463249175014
3219,32.332,321.14793866686233,0.0,300.0,9.483475417687316,83.93697780262431,-11.664463249175014
3220,32.332,319.2680496867141,0.0,300.0,7.603586437539093,95.42647410306171,-11.664463249175014
3221,32.423,307.7982750245594,1.013207012379362,297.1470187877638,0.0,106.9159704034991,-11.664463249175014
3222,33.694,307.7286312812322,3.9358319679427893,300.0,0.0,118.4054667039365,-11.664463249175014
3223,33.287,310.40928580268843,9.450872232137682,300.0,8.195694785651085,129.8949630043739,-11.664463249175014
3224,31.243,277.993796479418,12.298586573890152,289.4177088710555,0.0,141.3844593048113,-0.8746741822526616
3225,24.68,263.4767315839473,13.13413874984436,275.736196151539,0.0,142.24601337433015,-0.8746741822526616
3226,23.591,206.9299261155363,13.213945304805538,219.2691972380892,0.0,143.107567443849,-0.8746741822526616
3227,23.591,212.68813843562575,17.246216826836843,229.05968108020994,0.0,143.9691215133679,-0.8746741822526616
3228,23.591,197.15321280973288,25.421360592266318,221.69989921974656,0.0,144.83067558288678,-0.874674182252658
3229,25.034,175.43524355187532,25.464345807227563,200.02491517685024,0.0,145.69222965240567,-0.874674182252658
3230,31.66,138.87727679108696,30.461748318942288,168.4643509277766,0.0,146.55378372192453,-0.8746741822526545
3231,33.421,96.67251765666487,30.85892758542947,126.65677105984167,0.0,147.4153377914434,-0.8746741822526545
3232,34.531,79.4578350463724,25.534000068185886,104.11716093230564,0.0,148.27689186096228,-0.8746741822526474
3233,36.147,76.91396716295618,11.368325916243503,87.40761889694704,0.0,149.13844593048114,-0.8746741822526474
3234,39.453,59.044233507717166,1.7501010496093168,60.794334557326486,0.0,150.0,0.0
3235,48.272,43.49854998914621,4.416237153058069,97.16478714220429,0.0,150.0,49.25
3236,46.968,29.21867614897198,0.0,78.46867614897198,0.0,100.0,49.25
3237,40.983,20.892895389220303,0.0,19.679361689907925,0.0,50.0,-1.2135336993123786
3238,37.14,18.103907013105204,0.0,16.890373313792825,0.0,51.19533069382269,-1.2135336993123786
3239,35.535,10.281500591555112,0.0,9.067966892242733,0.0,52.39066138764538,-1.2135336993123786
3240,34.679,6.72346835934237,0.0,5.509934660029991,0.0,53.58599208146807,-1.2135336993123786
3241,34.679,6.502395059798831,0.0,5.288861360486452,0.0,54.78132277529076,-1.2135336993123786
3242,34.679,5.56975487864629,0.0,4.356221179333911,0.0,55.97665346911345,-1.2135336993123786
3243,34.679,2.9343163170452735,0.0,1.7207826177328949,0.0,57.17198416293614,-1.2135336993123786
3244,34.679,1.2135336993123822,0.0,0.0,0.0,58.36731485675883,-1.2135336993123786
3245,34.679,1.6232039313991904,1.5583156222270496,1.967985854313861,0.0,59.56264555058152,-1.2135336993123786
3246,36.264,1.1398824057173444,7.264788598175355,7.191137304580321,0.0,60.75797624440421,-1.2135336993123786
3247,41.11,1.5366343870778816,10.697898408269701,7.3386681842010155,0.0,61.9533069382269,-4.895864611146568
3248,34.78,0.7998584858286898,27.83558602287372,23.739579897555842,0.0,66.77573358020628,-4.895864611146568
3249,31.846,0.0,42.952656809704116,38.056792198557545,0.0,71.59816022218564,-4.895864611146568
3250,31.623,0.0,33.883575804495564,28.987711193349,0.0,76.42058686416502,-4.895864611146566
3251,31.623,0.0,27.27553604610221,22.379671434955647,0.0,81.2430135061444,-4.895864611146566
3252,31.748,0.0,33.808327061408114,28.91246245026155,0.0,86.06544014812377,-4.895864611146566
3253,33.207,0.0,34.9273672146823,30.03150260353573,0.0,90.88786679010315,-4.895864611146568
3254,33.612,0.0,39.43705462858415,34.541190017437586,0.0,95.71029343208251,-4.895864611146568
3255,34.353,0.0,19.735945008072637,14.840080396926073,0.0,100.53272007406187,-4.895864611146564
3256,35.173,0.0,14.005013262438403,9.109148651291846,0.0,105.35514671604125,-4.895864611146557
3257,45.413,0.0,10.620536407433912,5.724671796287355,0.0,110.17757335802061,-4.895864611146557
3258,38.751,0.0,4.712765666757723,53.962765666757726,0.0,114.99999999999997,49.25
3259,49.96,0.39632886517188776,0.5776583056386332,50.223987170810524,0.0,64.99999999999997,49.25
3260,37.383,4.906067518148359,0.0,4.906067518148359,0.0,14.999999999999972,0.0
3261,35.143,19.998903144376776,0.0,19.998903144376776,0.0,14.999999999999972,0.0
3262,34.679,8.850800931594105,0.0,8.850800931594105,0.0,14.999999999999972,0.0
3263,34.679,17.79254294106727,0.0,17.79254294106727,0.0,14.999999999999972,0.0
3264,34.464,14.707440301867376,0.0,14.707440301867376,0.0,14.999999999999972,0.0
3265,34.464,3.444566199480715,0.0,3.444566199480715,0.0,14.999999999999972,0.0
3266,34.464,2.1782906213596096,0.0,2.1782906213596096,0.0,14.999999999999972,0.0
3267,34.464,2.6035917719497266,0.0,2.6035917719497266,0.0,14.999999999999972,0.0
3268,34.464,0.8745960687664841,0.0,0.8745960687664841,0.0,14.999999999999972,0.0
3269,34.515,0.0,0.22767643973065038,0.22767643973065038,0.0,14.999999999999972,0.0
3270,39.346,3.624960672049262,4.591851884443577,8.21681255649284,0.0,14.999999999999972,0.0
3271,38.895,10.9439885947627,15.333480965818913,26.277469560581615,0.0,14.999999999999972,0.0
3272,34.009,17.483405633305154,22.10214665215734,39.5855522854625,0.0,14.999999999999972,0.0
3273,32.187,37.12479674631747,18.170471133183707,55.29526787950118,0.0,14.999999999999972,0.0
3274,32.131,122.06833032158913,14.697305302180078,136.7656356237692,0.0,14.999999999999972,0.0
3275,31.454,210.5509422408501,14.688245841762077,225.23918808261217,0.0,14.999999999999972,0.0
3276,31.031,253.39202281795244,29.128011901700617,282.52003471965304,0.0,14.999999999999972,0.0
3277,31.031,236.37205958175514,22.93337639026015,259.3054359720153,0.0,14.999999999999972,0.0
3278,31.066,237.66282159157694,26.338904250756993,264.00172584233394,0.0,14.999999999999972,0.0
3279,32.824,246.0555510203945,13.588262637399975,259.64381365779445,0.0,14.999999999999972,0.0
3280,33.888,253.46655483375065,18.076405976678274,271.5429608104289,0.0,14.999999999999972,0.0
3281,34.483,270.2455156000057,12.520766101464828,282.7662817014705,0.0,14.999999999999972,0.0
3282,35.397,275.3310748619904,4.972377455836384,280.3034523178268,0.0,14.999999999999972,0.0
3283,41.144,269.9057387501186,0.5878437165492517,270.4935824666678,0.0,14.999999999999972,0.0
3284,36.215,265.6903055732365,0.0,265.6903055732365,0.0,14.999999999999972,0.0
3285,35.294,255.1000067171152,0.0,255.1000067171152,0.0,14.999999999999972,0.0
3286,35.128,266.6437545760043,0.0,266.6437545760043,0.0,14.999999999999972,0.0
3287,34.464,274.38554589564643,0.0,274.38554589564643,0.0,14.999999999999972,0.0
3288,34.795,243.17857654233643,0.0,243.17857654233643,0.0,14.999999999999972,0.0
3289,34.795,220.91386480986085,0.0,220.91386480986085,0.0,14.999999999999972,0.0
3290,34.795,232.59200633232,0.0,232.59200633232,0.0,14.999999999999972,0.0
3291,34.795,229.3344266940063,0.0,229.3344266940063,0.0,14.999999999999972,0.0
3292,34.795,246.45141998521927,0.0,246.45141998521927,0.0,14.999999999999972,0.0
3293,34.795,248.95582326122587,6.638585088246786,246.89245040893604,0.0,14.999999999999972,-8.701957940536623
3294,31.869,249.51595854821556,15.747964905118266,256.56196551279726,0.0,23.571428571428548,-8.701957940536623
3295,27.037,249.57558483062238,34.499775594421855,275.3734024845076,0.0,32.142857142857125,-8.701957940536623
3296,22.48,257.4007205194937,55.23832787733832,300.0,3.9370904562953584,40.7142857142857,-8.701957940536623
3297,15.798,247.81529364348197,70.74336209271283,300.0,9.856697795658171,49.28571428571428,-8.701957940536623
3298,26.95,195.0040551069311,99.42437046416104,285.72646763055553,0.0,57.85714285714285,-8.701957940536623
3299,26.95,204.8204240186572,97.95282940963436,294.071295487755,0.0,66.42857142857142,-8.701957940536623
3300,28.774,219.9356865100108,100.0,300.0,7.245331180061541,75.0,-12.690355329949242
3301,29.757,230.8554881968808,86.25026434060823,300.0,4.415397207539783,87.5,-12.690355329949242
3302,30.733,209.58473635484273,82.49896066089849,279.393341685792,0.0,100.0,-12.690355329949234
3303,31.66,180.02133231854847,47.30288245965601,214.63385944825527,0.0,112.49999999999999,-12.690355329949234
3304,34.617,163.52670990987542,29.687069118123382,180.52342369804958,0.0,124.99999999999999,-12.690355329949234
3305,35.905,142.29371456375748,10.569475413601683,140.17283464740993,0.0,137.5,-12.690355329949234
3306,39.973,109.76494028948449,1.1971018846485306,110.96204217413302,0.0,150.0,0.0
3307,48.381,70.15885356933673,0.2698586514784818,119.67871222081521,0.0,150.0,49.25
3308,36.976,51.068912290680856,0.0,48.76157495796281,0.0,100.0,-2.307337332718046
3309,36.269,38.85429293412928,0.0,36.546955601411234,0.0,102.27272727272728,-2.307337332718046
3310,36.269,23.935599494439852,0.0,21.628262161721807,0.0,104.54545454545456,-2.3073373327180446
3311,35.294,22.807828254161727,0.0,20.50049092144368,0.0,106.81818181818184,-2.3073373327180446
3312,33.295,19.917317653851697,0.0,17.60998032113365,0.0,109.0909090909091,-2.3073373327180464
3313,33.295,18.974938088776625,0.0,16.667600756058576,0.0,111.36363636363637,-2.3073373327180473
3314,33.295,16.309182655162335,0.0,14.001845322444288,0.0,113.63636363636363,-2.3073373327180473
3315,33.295,11.045967548604146,0.0,8.738630215886099,0.0,115.90909090909088,-2.3073373327180473
3316,33.295,6.682245937422001,0.15001798058949478,4.524926585293447,0.0,118.18181818181816,-2.307337332718049
3317,33.398,2.3582611111096172,6.831253785464342,6.88217756385591,0.0,120.45454545454541,-2.307337332718049
3318,33.468,0.0,16.45152316157976,14.144185828861712,0.0,122.72727272727269,-2.307337332718049
3319,32.759,0.0,34.84672750099461,32.53939016827656,0.0,124.99999999999997,-2.3073373327180473
3320,30.575,0.0,53.72375608535327,51.416418752635224,0.0,127.27272727272722,-2.307337332718049
3321,26.598,0.0,64.58893229683963,62.28159496412158,0.0,129.5454545454545,-2.3073373327180473
3322,25.941,0.0,67.56129122841811,65.25395389570006,0.0,131.81818181818178,-2.3073373327180455
3323,25.941,0.0,87.11150132194136,84.80416398922331,0.0,134.09090909090907,-2.3073373327180455
3324,28.971,0.0,76.84410603906964,74.5367687063516,0.0,136.36363636363635,-2.3073373327180455
3325,31.692,0.0,63.25562080764657,60.94828347492853,0.0,138.63636363636363,-2.3073373327180455
3326,33.181,0.0,69.7951304018284,67.48779306911035,0.0,140.9090909090909,-2.307337332718042
3327,33.948,0.0,45.217477908005236,42.910140575287194,0.0,143.1818181818182,-2.307337332718042
3328,34.737,2.574428511459774,29.114983675359934,29.382074854101674,0.0,145.45454545454547,-2.307337332718035
3329,38.145,11.138714558450962,10.915280041153826,19.746657266886753,0.0,147.72727272727275,-2.307337332718035
3330,47.488,20.825366346731702,2.1268095749887155,72.20217592172042,0.0,150.0,49.25
3331,44.021,27.733188695942047,0.0,76.98318869594205,0.0,100.0,49.25
3332,36.743,36.48277193346048,0.0,31.64835085538457,0.0,50.0,-4.834421078075904
3333,34.628,48.51993328851262,0.0,43.68551221043671,0.0,54.76190476190476,-4.834421078075904
3334,33.295,62.94144234698009,0.0,58.107021268904184,0.0,59.523809523809504,-4.834421078075904
3335,33.295,65.81285849673704,0.0,60.97843741866113,0.0,64.28571428571426,-4.834421078075905
3336,33.177,67.78154539414622,0.0,62.947124316070315,0.0,69.04761904761905,-4.834421078075905
3337,33.177,68.00434751625343,0.0,63.16992643817753,0.0,73.80952380952381,-4.834421078075904
3338,33.177,57.95910764443362,0.0,53.12468656635772,0.0,78.57142857142857,-4.834421078075903
3339,33.177,56.76248659111461,0.0,51.9280655130387,0.0,83.33333333333334,-4.834421078075903
3340,33.177,44.07627317015828,0.0,39.24185209208238,0.0,88.0952380952381,-4.834421078075902
3341,33.177,39.860286568606625,6.465476463666335,41.491341954197054,0.0,92.85714285714286,-4.834421078075903
3342,33.354,31.717336514220037,12.607260450270333,39.49017588641447,0.0,97.61904761904762,-4.8344210780759
3343,33.177,25.942398283066932,16.033599057124796,37.14157626211583,0.0,102.38095238095238,-4.8344210780759
3344,32.254,30.616059747877657,16.873903174057702,42.65554184385946,0.0,107.14285714285714,-4.8344210780759
3345,32.254,26.49409036087572,29.57576215929475,51.23543144209457,0.0,111.9047619047619,-4.8344210780758985
3346,32.679,28.57785700745754,31.82395603603575,55.56739196541739,0.0,116.66666666666667,-4.8344210780758985
3347,32.783,15.9966949287046,28.594130214584435,39.75640406521314,0.0,121.42857142857143,-4.8344210780758985
3348,33.077,7.423270734542125,23.80613262611311,26.39498228257934,0.0,126.1904761904762,-4.8344210780758985
3349,33.11,5.228325293224403,30.65176465481097,31.045668869959485,0.0,130.95238095238096,-4.834421078075891
3350,33.217,5.939514300070896,33.06830416372268,34.17339738571769,0.0,135.71428571428575,-4.834421078075884
3351,34.394,6.6690447631458785,38.395462797166566,40.230086482236565,0.0,140.4761904761905,-4.834421078075877
3352,36.409,6.391870467435153,28.178662240605767,29.736111629965045,0.0,145.23809523809527,-4.834421078075877
3353,48.021,1.7152601011922943,11.514058435475038,13.229318536667332,0.0,150.0,0.0
3354,48.249,0.0,1.5315397718569586,50.781539771856956,0.0,150.0,49.25
3355,48.249,0.0,0.30558065362841474,49.55558065362842,0.0,100.0,49.25
3356,47.32,0.0,0.0,34.47500000000004,0.0,50.0,34.47500000000004
3357,37.043,0.0,0.0,0.0,0.0,14.999999999999964,0.0
3358,34.166,0.0,0.0,0.0,0.0,14.999999999999972,0.0
3359,33.333,0.0,0.0,0.0,0.0,14.999999999999972,0.0
3360,34.114,0.0,0.0,0.0,0.0,14.999999999999972,0.0
3361,34.114,0.0,0.0,0.0,0.0,14.999999999999972,0.0
3362,34.114,0.0,0.0,0.0,0.0,14.999999999999972,0.0
3363,34.172,0.0,0.0,0.0,0.0,14.999999999999972,0.0
3364,34.172,0.0,0.0,0.0,0.0,14.999999999999972,0.0
3365,34.079,2.1474455044472402,3.3027294639686398,5.45017496841588,0.0,14.999999999999972,0.0
3366,34.079,2.81389434958865,8.60751682565458,11.421411175243229,0.0,14.999999999999972,0.0
3367,34.079,3.0739315770529614,18.970421590326332,22.044353167379292,0.0,14.999999999999972,0.0
3368,32.69,5.7338818829212,32.92494962590453,38.658831508825735,0.0,14.999999999999972,0.0
3369,28.087,7.600931524326539,55.10328571897237,62.70421724329891,0.0,14.999999999999972,0.0
3370,27.962,4.116499405202554,83.6471993138231,87.76369871902565,0.0,14.999999999999972,0.0
3371,27.962,1.1961314825069955,70.6810693496696,71.8772008321766,0.0,14.999999999999972,0.0
3372,27.962,0.45082641927680595,66.92608713861924,67.37691355789605,0.0,14.999999999999972,0.0
3373,29.331,0.30006292758909514,76.73575535746942,77.03581828505851,0.0,14.999999999999972,0.0
3374,30.972,0.0,69.36655262963,69.36655262963,0.0,14.999999999999972,0.0
3375,33.163,0.0,51.512849686519424,51.512849686519424,0.0,14.999999999999972,0.0
3376,34.241,0.0,32.18459846745733,32.18459846745733,0.0,14.999999999999972,0.0
3377,36.61,5.599031629384486,9.631172104502117,15.230203733886603,0.0,14.999999999999972,0.0
3378,39.523,16.41732025403754,1.4683370352770142,17.885657289314555,0.0,14.999999999999972,0.0
3379,37.76,30.74385430251063,0.0,28.77889605787333,0.0,14.999999999999972,-1.9649582446373028
3380,35.607,38.049145465139645,0.0,36.08418722050234,0.0,16.935483870967715,-1.964958244637303
3381,36.866,38.1697242015237,0.0,36.2047659568864,0.0,18.87096774193546,-1.964958244637303
3382,33.8,49.14606285262085,0.0,47.18110460798355,0.0,20.80645161290321,-1.964958244637303
3383,33.8,44.17198381208973,0.0,42.207025567452426,0.0,22.741935483870954,-1.964958244637303
3384,33.736,45.547954254278956,0.0,43.582996009641654,0.0,24.67741935483869,-1.9649582446373035
3385,33.736,49.896148364319195,0.0,47.931190119681894,0.0,26.612903225806427,-1.9649582446373037
3386,33.736,50.83496004413948,0.0,48.87000179950218,0.0,28.548387096774164,-1.9649582446373035
3387,33.736,54.71577885336815,0.0,52.75082060873085,0.0,30.4838709677419,-1.9649582446373037
3388,33.736,62.14153592698406,0.3824615502587898,60.55903923260555,0.0,32.41935483870965,-1.9649582446373037
3389,33.736,63.73942852115948,6.813708704063565,68.58817898058575,0.0,34.354838709677395,-1.9649582446373037
3390,35.158,46.53670435028513,16.10487879945839,60.676624905106216,0.0,36.29032258064514,-1.964958244637304
3391,44.915,27.03979992844936,32.77463836120865,57.84948004502071,0.0,38.225806451612875,-1.9649582446373044
3392,35.746,37.330986175081506,52.13083942279133,87.49686735323553,0.0,40.16129032258061,-1.9649582446373048
3393,34.377,40.54239084993354,70.04090478333882,108.61833738863506,0.0,42.09677419354836,-1.9649582446373053
3394,31.302,52.63168692779003,92.95449821448875,143.6212268976415,0.0,44.0322580645161,-1.9649582446373048
3395,31.302,49.83210833070396,100.0,147.86715008606666,0.0,45.96774193548384,-1.9649582446373044
3396,31.302,54.128933351963354,100.0,152.16397510732605,0.0,47.90322580645159,-1.9649582446373053
3397,31.976,59.156360657250765,99.15259677483871,156.34399918745217,0.0,49.83870967741932,-1.9649582446373057
3398,33.065,60.390462902956486,87.37552163239839,145.80102629071757,0.0,51.77419354838706,-1.9649582446373062
3399,33.629,58.13885059348236,67.40054154722654,123.5744338960716,0.0,53.709677419354804,-1.9649582446373053
3400,34.132,53.27876824429592,39.53575451052748,90.8495645101861,0.0,55.64516129032254,-1.9649582446373053
3401,35.179,52.84085227524929,9.948465323221532,60.824359353833515,0.0,57.580645161290285,-1.9649582446373053
3402,35.666,57.62048571629713,2.232588293420792,57.88811576508061,0.0,59.51612903225803,-1.9649582446373053
3403,34.96,65.82632038620723,1.9287010614150675,65.790063202985,0.0,61.45161290322578,-1.9649582446373053
3404,39.035,74.6571188410279,0.0,72.6921605963906,0.0,63.38709677419352,-1.9649582446373053
3405,35.37,76.98885268477406,0.0,75.02389444013676,0.0,65.32258064516127,-1.964958244637307
3406,33.736,95.15680687152987,0.0,93.19184862689256,0.0,67.25806451612901,-1.9649582446373053
3407,33.736,83.8443281950828,0.0,81.8793699504455,0.0,69.19354838709677,-1.9649582446373017
3408,33.99,78.3581835529961,0.0,76.3932253083588,0.0,71.12903225806451,-1.9649582446373017
3409,33.99,79.63894405655174,0.0,77.67398581191443,0.0,73.06451612903226,-1.9649582446373017
3410,33.99,83.22036177072167,0.0,78.4614785219907,0.0,75.0,-4.7588832487309745
3411,33.99,82.22444453420852,0.0,77.46556128547755,0.0,79.6875,-4.7588832487309745
3412,33.99,79.70661920525234,0.40030126733028476,75.34803722385165,0.0,84.37500000000001,-4.758883248730971
3413,34.402,75.76138292666923,6.800966072332361,77.80346575027062,0.0,89.06250000000001,-4.758883248730967
3414,34.916,64.43577959769661,15.807477339541624,75.48437368850726,0.0,93.75,-4.758883248730964
3415,41.233,58.93314832381307,29.915514669077837,84.08977974415994,0.0,98.4375,-4.758883248730966
3416,35.093,54.86082244508221,47.56468085100865,97.6666200473599,0.0,103.125,-4.758883248730964
3417,32.171,50.10627838641126,63.29923145159759,108.64662658927789,0.0,107.8125,-4.758883248730964
3418,30.3,56.83877741777943,75.94884231404585,128.02873648309432,0.0,112.5,-4.758883248730964
3419,30.029,55.43202725769444,70.52518428096943,121.1983282899329,0.0,117.1875,-4.758883248730964
3420,30.769,56.935702727395636,80.8988470248027,133.07566650346737,0.0,121.875,-4.758883248730965
3421,32.37,55.85290163177112,68.13721983652324,119.2312382195634,0.0,126.5625,-4.758883248730962
3422,33.949,53.0847121713228,72.35674365104967,120.6825725736415,0.0,131.25,-4.758883248730963
3423,35.046,51.232949890984244,52.403204273592905,98.87727091584618,0.0,135.9375,-4.758883248730964
3424,36.397,44.8371055771178,33.78868518901159,73.86690751739843,0.0,140.625,-4.758883248730964
3425,38.509,37.17103632801236,8.415440869814258,40.82759394909566,0.0,145.3125,-4.758883248730964
3426,49.353,42.009022246847636,0.786224290533003,92.04524653738065,0.0,150.0,49.25
3427,49.059,41.49297656791338,0.8783263378919116,91.6213029058053,0.0,100.0,49.25
3428,37.975,45.094966860508926,0.0,44.43286136503332,0.0,50.0,-0.662105495475611
3429,36.016,41.53140225787686,0.0,40.869296762401255,0.0,50.65217391304348,-0.662105495475611
3430,35.241,42.05043690813901,0.0,41.388331412663405,0.0,51.30434782608695,-0.6621054954756111
3431,34.367,39.37822266762788,0.0,38.716117172152266,0.0,51.95652173913044,-0.6621054954756111
3432,34.078,38.908169178592395,0.0,38.24606368311679,0.0,52.608695652173914,-0.6621054954756107
3433,34.078,37.952688596245586,0.0,37.29058310076998,0.0,53.2608695652174,-0.6621054954756107
3434,34.078,37.00402694221773,0.0,36.34192144674212,0.0,53.913043478260875,-0.6621054954756103
3435,34.078,42.554474425500565,0.0,41.89236893002496,0.0,54.56521739130436,-0.6621054954756098
3436,34.078,50.14968323871304,0.5156106798616766,50.003188423099104,0.0,55.21739130434784,-0.6621054954756094
3437,34.078,54.222493059391525,6.858578278051351,60.41896584196727,0.0,55.86956521739132,-0.6621054954756094
3438,35.148,47.42827243331849,15.999930322863953,62.766097260706836,0.0,56.521739130434796,-0.6621054954756085
3439,42.607,45.8475964564761,35.90797026769034,81.09346122869083,0.0,57.17391304347828,-0.6621054954756085
3440,34.12,43.41954310553635,58.569947160764244,101.32738477082498,0.0,57.826086956521756,-0.6621054954756085
3441,32.411,40.83440296980576,78.18557433890368,118.35787181323381,0.0,58.478260869565226,-0.6621054954756085
3442,31.283,48.83148796084827,92.45574909807726,140.62513156344994,0.0,59.1304347826087,-0.6621054954756085
3443,31.283,51.626154464933805,100.0,150.9640489694582,0.0,59.78260869565217,-0.6621054954756085
3444,31.283,54.17529843232093,100.0,153.51319293684531,0.0,60.43478260869565,-0.6621054954756094
3445,31.547,52.531306207028905,99.04382085769538,150.91302156924868,0.0,61.08695652173912,-0.6621054954756111
3446,32.636,50.030592346298356,87.02266351096863,136.39115036179138,0.0,61.73913043478259,-0.6621054954756111
3447,33.993,43.30565175888363,67.19500087874474,109.83854714215275,0.0,62.391304347826065,-0.6621054954756094
3448,34.501,34.92915604494396,39.425124550278575,73.69217509974692,0.0,63.04347826086955,-0.6621054954756111
3449,35.57,25.7040852227028,9.983810809632395,35.02579053685959,0.0,63.69565217391302,-0.6621054954756076
3450,40.83,21.141653789492846,2.279874204929402,22.75942249894664,0.0,64.3478260869565,-0.6621054954756076
3451,38.865,19.026219492825664,1.8889197166147829,70.16513920944044,0.0,64.99999999999997,49.25
3452,37.47,18.885968630119784,0.0,18.885968630119784,0.0,14.999999999999972,0.0
3453,35.427,18.55724057334507,0.0,18.55724057334507,0.0,14.999999999999972,0.0
3454,34.138,19.896041313490876,0.0,19.896041313490876,0.0,14.999999999999972,0.0
3455,34.078,19.275022669485278,0.0,19.275022669485278,0.0,14.999999999999972,0.0
3456,33.402,16.947656146223466,0.0,16.947656146223466,0.0,14.999999999999972,0.0
3457,33.402,16.471929788896205,0.0,16.471929788896205,0.0,14.999999999999972,0.0
3458,33.402,17.29676254663196,0.0,17.29676254663196,0.0,14.999999999999972,0.0
3459,33.402,15.442506474110846,0.0,15.442506474110846,0.0,14.999999999999972,0.0
3460,33.402,13.640006827743498,0.8924231524046567,14.532429980148155,0.0,14.999999999999972,0.0
3461,33.597,11.648950246714678,6.860537463521299,18.509487710235977,0.0,14.999999999999972,0.0
3462,35.264,5.087203582693626,16.226576642865982,21.313780225559608,0.0,14.999999999999972,0.0
3463,38.393,0.9695983327717705,37.268626547054964,38.23822487982673,0.0,14.999999999999972,0.0
3464,34.158,0.0,60.09785298225536,60.09785298225536,0.0,14.999999999999972,0.0
3465,32.787,0.0,79.45382809213103,79.45382809213103,0.0,14.999999999999972,0.0
3466,30.845,0.0,93.04321896084296,93.04321896084296,0.0,14.999999999999972,0.0
3467,30.151,0.0,100.0,100.0,0.0,14.999999999999972,0.0
3468,30.169,0.0,100.0,100.0,0.0,14.999999999999972,0.0
3469,31.565,0.0,98.33776272814376,98.33776272814376,0.0,14.999999999999968,0.0
3470,32.624,0.0,86.50399363841686,86.50399363841686,0.0,14.99999999999997,0.0
3471,33.656,0.0,67.12926220776448,67.12926220776448,0.0,14.999999999999972,0.0
3472,34.55,0.0,39.517628074353766,39.517628074353766,0.0,14.999999999999972,0.0
3473,35.604,1.4335285927789352,10.121990659867542,11.555519252646477,0.0,14.999999999999972,0.0
3474,38.947,8.45541418728737,2.1342984371221467,10.589712624409518,0.0,14.999999999999972,0.0
3475,38.884,16.212334675498234,2.026057832171654,18.238392507669886,0.0,14.999999999999972,0.0
3476,37.099,17.819008174794867,0.0,17.819008174794867,0.0,14.999999999999972,0.0
3477,35.258,15.157862802279354,0.0,15.157862802279354,0.0,14.999999999999972,0.0
3478,33.873,14.124981160007849,0.0,14.124981160007849,0.0,14.999999999999972,0.0
3479,33.873,12.488570096501515,0.0,12.488570096501515,0.0,14.999999999999972,0.0
3480,32.108,11.88779556671076,0.0,11.88779556671076,0.0,14.999999999999972,0.0
3481,32.108,10.811016401975657,0.0,10.811016401975657,0.0,14.999999999999972,0.0
3482,32.108,11.643615515232844,0.0,11.643615515232844,0.0,14.999999999999972,0.0
3483,32.108,14.309973454488148,0.0,14.309973454488148,0.0,14.999999999999972,0.0
3484,32.458,16.91394031624575,0.9896515166787343,17.903591832924484,0.0,14.999999999999972,0.0
3485,33.518,18.059128430549208,6.928475989331015,24.987604419880224,0.0,14.99999999999997,0.0
3486,35.317,13.958743064621533,16.223950376523092,30.182693441144625,0.0,14.999999999999966,0.0
3487,34.871,6.719914266736115,37.073983723457935,43.793897990194054,0.0,14.999999999999966,0.0
3488,29.156,4.706104596926869,60.0703200309806,64.77642462790746,0.0,14.999999999999966,0.0
3489,21.616,2.7759576169260263,79.42381833214795,82.19977594907397,0.0,14.999999999999966,0.0
3490,18.83,3.359318183478413,93.34234926012249,96.7016674436009,0.0,14.999999999999966,0.0
3491,16.88,1.588661340804564,100.0,101.58866134080456,0.0,14.999999999999966,0.0
3492,16.88,0.0,100.0,100.0,0.0,14.999999999999968,0.0
3493,16.88,0.0,98.04645595674698,98.04645595674698,0.0,14.99999999999997,0.0
3494,16.88,0.0,85.6648592197409,85.6648592197409,0.0,14.999999999999972,0.0
3495,23.316,0.0,66.81215597291065,66.81215597291065,0.0,14.999999999999972,0.0
3496,32.108,0.0,35.93642452950736,35.93642452950736,0.0,14.999999999999972,0.0
3497,32.851,0.0,9.471714014762595,9.471714014762595,0.0,14.999999999999972,0.0
3498,41.97,0.0,1.327404278512041,1.327404278512041,0.0,14.999999999999972,0.0
3499,35.729,0.0,1.836223630368578,1.836223630368578,0.0,14.999999999999972,0.0
3500,33.731,0.0,0.0,0.0,0.0,14.999999999999972,0.0
3501,32.6,3.952648410716834,0.0,3.952648410716834,0.0,14.999999999999972,0.0
3502,32.108,12.639775879450156,0.0,12.639775879450156,0.0,14.999999999999972,0.0
3503,32.108,17.563057561130627,0.0,17.563057561130627,0.0,14.999999999999972,0.0
3504,32.463,17.057206502668684,0.0,17.057206502668684,0.0,14.999999999999972,0.0
3505,32.463,16.083451969654398,0.0,12.022538264070636,0.0,14.999999999999972,-4.0609137055837605
3506,27.135,13.197232792121675,0.0,9.136319086537913,0.0,18.999999999999975,-4.0609137055837605
3507,27.135,14.232185730795154,0.0,10.171272025211394,0.0,22.999999999999964,-4.0609137055837605
3508,27.135,12.419016297080583,1.0624014419107344,9.420504033407557,0.0,26.999999999999964,-4.060913705583761
3509,27.135,10.466019448729217,7.084835238916573,13.489940982062027,0.0,30.999999999999957,-4.0609137055837605
3510,27.135,5.120585754797357,16.292282621806347,17.351954671019943,0.0,34.99999999999995,-4.060913705583761
3511,27.05,2.6130479089559175,36.30689658881139,34.859030792183546,0.0,38.99999999999995,-4.060913705583761
3512,23.456,3.2704960697314576,58.709452166777034,57.91903453092473,0.0,42.99999999999995,-4.060913705583761
3513,16.104,4.0271567842525275,75.82832268351201,75.79456576218078,0.0,46.99999999999996,-4.060913705583761
3514,15.578,0.0,92.1199676647924,88.05905395920864,0.0,50.999999999999964,-4.060913705583761
3515,15.578,2.634721018618919,99.08611741915809,97.65992473219325,0.0,54.99999999999997,-4.060913705583763
3516,15.54,4.807887944240747,100.0,100.74697423865699,0.0,58.99999999999997,-4.060913705583761
3517,15.54,6.0455695958996865,98.95800660532863,100.94266249564457,0.0,62.999999999999986,-4.060913705583761
3518,15.872,6.168336041489196,86.94269386705164,89.05011620295708,0.0,66.99999999999999,-4.060913705583758
3519,22.513,5.5499764412825785,67.35542750229907,68.84449023799789,0.0,70.99999999999999,-4.060913705583758
3520,26.079,5.416707339641307,39.61991059790809,42.216538975338445,0.0,75.0,-2.8200789622109497
3521,26.804,5.863922158468839,10.165721047176776,13.209564243434663,0.0,77.77777777777779,-2.8200789622109497
3522,28.578,8.051971612352263,2.0519813521904737,7.283874002331791,0.0,80.55555555555557,-2.820078962210946
3523,35.39,10.266039883962884,1.908858821806366,9.354819743558304,0.0,83.33333333333334,-2.820078962210946
3524,35.39,12.262699192107053,0.0,9.442620229896107,0.0,86.11111111111113,-2.820078962210946
3525,35.39,14.660656537099872,0.0,11.840577574888924,0.0,88.88888888888891,-2.820078962210948
3526,29.187,15.310108632804766,0.0,12.490029670593819,0.0,91.6666666666667,-2.820078962210948
3527,27.293,19.131172796871656,0.0,16.31109383466071,0.0,94.44444444444449,-2.820078962210946
3528,32.698,23.1864915853169,0.0,20.36641262310596,0.0,97.22222222222226,-2.8200789622109443
3529,32.698,25.344956937177326,0.0,22.52487797496638,0.0,100.00000000000003,-2.8200789622109443
3530,32.698,26.68633379460233,0.0,23.866254832391384,0.0,102.77777777777781,-2.8200789622109452
3531,32.698,27.300428750368322,0.0,24.480349788157376,0.0,105.5555555555556,-2.8200789622109443
3532,32.698,27.65214511254142,1.1578158344420921,25.98988198477257,0.0,108.33333333333337,-2.8200789622109435
3533,32.698,19.747177350206893,7.15559924027375,24.0826976282697,0.0,111.11111111111116,-2.8200789622109443
3534,32.698,10.366086840880836,16.48294138077076,24.02894925944065,0.0,113.88888888888893,-2.8200789622109443
3535,32.31,7.771442817536302,37.04200928148986,41.99337313681522,0.0,116.66666666666671,-2.8200789622109452
3536,26.762,6.381894457909288,60.02424550598441,63.58606100168275,0.0,119.44444444444451,-2.8200789622109443
3537,17.72,4.592510110905012,78.73936722426897,80.51179837296304,0.0,122.22222222222229,-2.8200789622109443
3538,17.305,2.494397076697717,92.37829799264675,92.05261610713353,0.0,125.00000000000006,-2.8200789622109443
3539,17.295,0.48586541378938664,93.38385527005599,91.04964172163443,0.0,127.77777777777783,-2.820078962210944
3540,17.295,0.0,89.84522059843614,87.0251416362252,0.0,130.5555555555556,-2.820078962210944
3541,17.309,0.0,87.81289337092537,84.99281440871442,0.0,133.33333333333337,-2.8200789622109435
3542,20.908,0.0,74.30037696278919,71.48029800057824,0.0,136.11111111111114,-2.820078962210943
3543,25.154,0.0,64.13542403126677,61.31534506905582,0.0,138.8888888888889,-2.820078962210943
3544,32.698,0.0,37.370077936265425,34.54999897405448,0.0,141.66666666666669,-2.820078962210942
3545,33.519,5.018848313745108,8.630561739616493,10.829331091150658,0.0,144.44444444444446,-2.820078962210943
3546,40.881,9.71842014327605,0.9340747954279758,7.832415976493085,0.0,147.22222222222223,-2.820078962210943
3547,47.195,12.939305437197854,1.503409370503701,63.692714807701556,0.0,150.0,49.25
3548,46.638,11.235226920113494,0.0,60.48522692011349,0.0,100.0,49.25
3549,45.95,9.727813131852013,0.0,44.202813131852054,0.0,50.0,34.47500000000004
3550,38.31,7.370986562447863,0.0,0.844518107045392,0.0,14.999999999999972,-6.526468455402471
3551,33.914,10.681639784048446,0.0,4.1551713286459755,0.0,21.428571428571406,-6.526468455402471
3552,37.362,14.305306948827562,0.0,7.778838493425092,0.0,27.85714285714284,-6.52646845540247
3553,35.974,21.422937822718207,0.0,14.896469367315737,0.0,34.28571428571426,-6.526468455402471
3554,35.974,31.147235632990004,0.0,24.62076717758753,0.0,40.714285714285694,-6.526468455402472
3555,35.974,42.643748081792154,0.0,36.11727962638968,0.0,47.14285714285711,-6.526468455402471
3556,35.974,48.48895518019019,1.4017510560410262,43.364237780828745,0.0,53.57142857142854,-6.526468455402471
3557,35.615,55.46723841157261,7.184234603288295,56.12500455945843,0.0,59.99999999999997,-6.526468455402472
3558,34.61,49.46466654721476,16.537295191381617,59.475493283193906,0.0,66.42857142857137,-6.526468455402473
3559,31.966,48.452006349758136,38.02387414240363,79.94941203675928,0.0,72.8571428571428,-6.5264684554024734
3560,30.816,43.72910635596341,62.06144644122287,99.26408434178381,0.0,79.28571428571422,-6.526468455402473
3561,23.724,42.05855923724718,81.45166356378513,116.98375434562985,0.0,85.71428571428564,-6.526468455402473
3562,22.885,33.06721408716048,94.93525471536512,121.47600034712312,0.0,92.14285714285707,-6.526468455402473
3563,22.885,39.107326745743364,100.0,132.5808582903409,0.0,98.5714285714285,-6.526468455402473
3564,22.885,45.65485617545694,100.0,139.12838772005446,0.0,104.99999999999994,-6.526468455402473
3565,22.905,49.459958772838654,100.0,142.9334903174362,0.0,111.42857142857139,-6.526468455402473
3566,25.289,52.09606992194341,90.74561806878462,136.31521953532555,0.0,117.85714285714282,-6.526468455402473
3567,31.527,58.16270007442031,69.36683886171674,121.00307048073458,0.0,124.28571428571425,-6.526468455402473
3568,33.46,65.8741363496482,41.0368352071929,100.38450310143864,0.0,130.7142857142857,-6.526468455402473
3569,36.271,68.88546307999742,10.239732735232977,72.59872735982793,0.0,137.14285714285714,-6.5264684554024655
3570,38.069,75.65826127234965,2.2835215970211915,71.41531441396837,0.0,143.57142857142858,-6.5264684554024655
3571,40.351,98.67289822310245,2.271241083264341,100.9441393063668,0.0,150.0,0.0
3572,37.265,118.475117157968,0.07098712270664886,118.54610428067465,0.0,150.0,0.0
3573,36.303,142.58617936249374,0.0,142.58617936249374,0.0,150.0,0.0
3574,35.73,154.55073861253254,0.0,154.55073861253254,0.0,150.00000000000003,0.0
3575,35.193,170.63765211098476,0.0,170.63765211098476,0.0,150.00000000000006,0.0
3576,35.721,195.6837678404165,0.0,195.6837678404165,0.0,150.00000000000006,0.0
3577,35.721,211.9776679794355,0.0,211.9776679794355,0.0,150.00000000000006,0.0
3578,35.721,158.77415661422498,0.0,158.77415661422498,0.0,150.00000000000006,0.0
3579,35.721,78.75074911940953,0.0,78.75074911940953,0.0,150.00000000000003,0.0
3580,35.721,52.949846505705445,0.0,52.949846505705445,0.0,150.00000000000003,0.0
3581,36.15,51.23014299357609,4.292172077674808,55.522315071250894,0.0,150.00000000000003,0.0
3582,36.131,58.4234034787969,11.037589760794347,69.46099323959125,0.0,150.0,0.0
3583,36.351,43.71410058278549,30.724300350513907,74.43840093329939,0.0,150.0,0.0
3584,35.154,27.7708323540804,56.11178594201361,83.88261829609401,0.0,150.0,0.0
3585,33.78,18.646704820377945,71.96716634880426,90.6138711691822,0.0,150.0,0.0
3586,33.78,9.536502567858047,88.25336179360082,97.78986436145887,0.0,150.0,0.0
3587,33.78,3.93598969611279,79.97062418041865,83.90661387653144,0.0,150.0,0.0
3588,33.879,0.7369178880319683,56.748963575854674,57.48588146388664,0.0,150.0,0.0
3589,34.657,0.0,63.009921912397246,63.009921912397246,0.0,150.0,0.0
3590,35.166,0.0,56.575094052855114,56.575094052855114,0.0,150.0,0.0
3591,35.985,0.0,38.48895818588196,38.48895818588196,0.0,150.0,0.0
3592,37.064,1.7137611676518465,32.54485508780668,34.25861625545853,0.0,150.0,0.0
3593,38.551,2.6056245070144572,11.76708855027591,14.372713057290367,0.0,150.0,0.0
3594,51.837,1.4469571347797878,1.128358026541731,37.05031516132157,0.0,150.0,34.47500000000005
3595,52.024,2.1423725317435887,0.4306999972301168,51.823072528973704,0.0,114.99999999999997,49.25
3596,51.956,10.062208120808801,0.1164418571072205,59.428649977916024,0.0,64.99999999999997,49.25
3597,41.909,21.70953598739816,0.0,21.70953598739816,0.0,14.999999999999972,0.0
3598,40.164,19.421443631478624,0.0,16.375758352290802,0.0,14.999999999999972,-3.04568527918782
3599,37.235,21.029266236417797,0.0,17.983580957229975,0.0,17.999999999999975,-3.04568527918782
3600,38.148,25.331674405794082,0.0,22.28598912660626,0.0,20.99999999999997,-3.0456852791878206
3601,36.665,30.784519651605137,0.0,27.738834372417315,0.0,23.99999999999998,-3.045685279187821
3602,36.665,33.15417958739184,0.0,30.108494308204016,0.0,26.99999999999997,-3.045685279187821
3603,36.665,35.28892210597752,0.0,32.2432368267897,0.0,29.999999999999964,-3.045685279187821
3604,36.665,36.560227627997385,0.0,33.51454234880956,0.0,32.99999999999997,-3.045685279187821
3605,36.665,42.30399715773009,5.486281619672668,44.74459349821493,0.0,35.999999999999964,-3.045685279187821
3606,36.284,55.72585800164726,11.695622471984178,64.37579519444361,0.0,38.99999999999997,-3.045685279187821
3607,36.382,54.60324982902917,21.06690477913946,72.62446932898081,0.0,41.99999999999997,-3.04568527918782
3608,35.571,45.41854900667424,25.268793904340107,67.64165763182653,0.0,44.99999999999997,-3.04568527918782
3609,33.383,34.38777171007014,34.80527976453047,66.14736619541279,0.0,47.99999999999997,-3.04568527918782
3610,33.075,26.113773170563245,45.787498409495605,68.85558630087102,0.0,50.99999999999997,-3.0456852791878193
3611,32.721,36.29477404959661,50.516627758940245,83.76571652934904,0.0,53.999999999999986,-3.0456852791878184
3612,32.721,48.89163660701476,47.44125588032076,93.2872072081477,0.0,56.999999999999986,-3.0456852791878184
3613,33.242,62.66983142325962,58.53298230466986,118.15712844874166,0.0,59.99999999999999,-3.0456852791878184
3614,35.252,72.5256326010838,44.64973365481754,114.12968097671352,0.0,62.99999999999999,-3.0456852791878166
3615,35.603,74.01141869271486,29.95976478825647,100.92549820178351,0.0,66.0,-3.045685279187815
3616,37.065,68.76034735636024,26.166769112855754,91.8814311900282,0.0,69.0,-3.045685279187815
3617,38.679,57.74188392883434,14.088685349686319,68.78488399933283,0.0,72.0,-3.045685279187815
3618,44.612,49.248830629402114,1.6960595116656665,50.94489014106778,0.0,75.0,0.0
3619,54.627,38.01328880494362,0.5868725826940747,38.6001613876377,0.0,75.0,0.0
3620,36.665,34.5658098197633,0.0,34.5658098197633,0.0,75.0,0.0
3621,36.665,39.693242767173196,0.0,39.693242767173196,0.0,75.0,0.0
3622,36.665,36.53146406036348,0.0,36.53146406036348,0.0,75.0,0.0
3623,36.665,47.1490628204688,0.0,47.1490628204688,0.0,75.0,0.0
3624,34.673,63.423385167933546,0.0,63.423385167933546,0.0,75.0,0.0
3625,34.673,70.27232960616675,0.0,70.27232960616675,0.0,75.0,0.0
3626,34.673,75.89061398762043,0.0,75.89061398762043,0.0,75.0,0.0
3627,34.673,85.02900518162826,0.0,85.02900518162826,0.0,75.0,0.0
3628,34.673,93.47416630696829,0.0,93.47416630696829,0.0,75.0,0.0
3629,34.673,88.50036726914261,5.919158995266564,94.41952626440917,0.0,75.0,0.0
3630,34.908,127.17792905269854,15.829567391843497,143.76518875223434,0.0,75.0,0.7576923076923098
3631,36.692,149.57725129780223,28.888855056673474,179.223798662168,0.0,74.23076923076923,0.7576923076923098
3632,36.355,129.75168451395334,35.316852576709344,165.826229398355,0.0,73.46153846153845,0.7576923076923094
3633,34.874,101.13274425924828,46.07004462703703,147.9604811939776,0.0,72.69230769230768,0.7576923076923094
3634,35.169,84.32000796722288,58.763482827543086,143.84118310245827,0.0,71.9230769230769,0.7576923076923094
3635,34.894,74.4986242000648,60.84421469132775,136.10053119908486,0.0,71.15384615384613,0.7576923076923094
3636,34.622,65.17604727381999,51.735234222217855,117.66897380373015,0.0,70.38461538461537,0.7576923076923094
3637,34.622,67.87228395280533,64.14732252965398,132.77729879015163,0.0,69.6153846153846,0.7576923076923112
3638,34.991,65.58973548590271,43.72786189268615,110.07528968628117,0.0,68.84615384615384,0.757692307692313
3639,34.872,72.13719100585078,41.600720048962295,114.49560336250539,0.0,68.07692307692307,0.757692307692313
3640,34.991,68.7605213457845,24.286304532710567,93.80451818618738,0.0,67.30769230769229,0.757692307692313
3641,36.418,63.802997985723565,14.215081906225842,78.77577219964172,0.0,66.53846153846152,0.7576923076923094
3642,36.682,71.22636451454709,5.088395071744299,77.0724518939837,0.0,65.76923076923075,0.7576923076923094
3643,39.547,78.9147501324709,0.4722876937328225,128.6370378262037,0.0,64.99999999999997,49.25
3644,36.856,80.53969671154623,0.23183117248865992,80.77152788403488,0.0,14.999999999999972,0.0
3645,36.412,94.57478666070207,0.0,94.57478666070207,0.0,14.999999999999972,0.0
3646,35.555,128.65792198869494,0.0,128.65792198869494,0.0,14.999999999999972,0.0
3647,34.673,151.90508872647757,0.0,151.90508872647757,0.0,14.999999999999972,0.0
3648,33.1,191.37492432977223,0.0,191.37492432977223,0.0,14.999999999999972,0.0
3649,33.1,217.9398025704228,0.0,217.9398025704228,0.0,14.999999999999972,0.0
3650,33.1,230.56995254705828,0.0,230.56995254705828,0.0,14.999999999999972,0.0
3651,33.1,233.63152119923421,0.0,233.63152119923421,0.0,14.999999999999972,0.0
3652,33.1,242.3647306634412,1.82781021780464,244.19254088124586,0.0,14.999999999999972,0.0
3653,33.336,263.67363374912617,7.6516308357199945,271.32526458484614,0.0,14.999999999999972,0.0
3654,34.612,302.2557768113,17.40768175504242,300.0,19.6634585663424,14.999999999999973,0.0
3655,39.324,321.33077309171824,38.64667954572679,300.0,44.74902624150594,14.999999999999972,-15.228426395939088
3656,34.083,323.6512874422735,66.015733398141,300.0,74.43859444447537,29.99999999999997,-15.228426395939088
3657,32.901,328.26945687882863,83.10972887580296,300.0,96.1507593586925,44.99999999999997,-15.228426395939087
3658,32.901,301.01324038649267,95.91494335605458,300.0,81.6997573466082,59.999999999999986,-15.228426395939085
3659,31.507,308.524646423934,100.0,300.0,93.29622002799489,75.0,-15.228426395939085
3660,31.507,310.2169911600373,88.98528622758005,300.0,83.97385099167828,90.0,-15.228426395939081
3661,31.838,307.8952112230109,94.371925190825,300.0,87.0387100178968,105.00000000000001,-15.228426395939081
3662,31.838,281.6544490761988,73.1660403931879,300.0,39.59206307344756,120.0,-15.228426395939081
3663,32.283,264.1421364071915,67.79736253306213,300.0,16.711072544314575,135.0,-15.228426395939081
3664,33.532,254.54936536278106,39.015220337189014,293.56458569997005,0.0,150.0,0.0
3665,34.09,239.60269853435767,9.977536188912426,249.5802347232701,0.0,150.0,0.0
3666,35.231,224.79985298243164,1.4876051064940432,226.2874580889257,0.0,150.0,0.0
3667,43.627,209.99128479109183,0.6315453954617423,210.62283018655356,0.0,150.0,0.0
3668,34.903,208.23007835887154,0.29641831068253066,208.52649666955406,0.0,150.00000000000003,0.0
3669,33.386,201.07738136726113,0.0,201.07738136726113,0.0,150.00000000000006,0.0
3670,33.1,199.05383743467806,0.0,199.05383743467806,0.0,150.00000000000006,0.0
3671,33.1,183.03210373530567,0.0,183.03210373530567,0.0,150.00000000000006,0.0
3672,31.845,192.1950303659147,0.0,192.1950303659147,0.0,150.00000000000006,0.0
3673,31.423,176.69005892584994,0.0,176.69005892584994,0.0,150.00000000000006,0.0
3674,30.879,176.08077500752398,0.0,176.08077500752398,0.0,150.00000000000006,0.0
3675,30.879,164.21876896997665,0.0,164.21876896997665,0.0,150.00000000000006,0.0
3676,30.879,143.44398410847077,1.6979384016078383,145.14192251007862,0.0,150.00000000000003,0.0
3677,33.237,115.11695245656483,7.841137138352443,122.95808959491727,0.0,150.00000000000006,0.0
3678,33.223,127.6582777713584,17.51218778384124,145.17046555519966,0.0,150.00000000000006,0.0
3679,32.261,111.32733875605005,31.43282682695109,142.76016558300114,0.0,150.0,0.0
3680,31.66,98.70955016450958,55.13970195901384,153.84925212352343,0.0,150.0,0.0
3681,30.585,94.51520759399834,72.15068421629425,166.66589181029258,0.0,150.0,0.0
3682,30.926,71.21645569110639,93.34992095881707,164.56637664992346,0.0,150.0,0.0
3683,30.585,62.51497107271245,98.05976425023559,160.57473532294804,0.0,150.0,0.0
3684,30.585,67.4753444035056,100.0,167.4753444035056,0.0,150.0,0.0
3685,30.585,86.66854316726163,100.0,186.66854316726165,0.0,150.0,0.0
3686,30.585,116.79289790618468,92.40574325612026,209.19864116230494,0.0,150.0,0.0
3687,30.879,145.5463804560781,68.84954136683474,214.39592182291284,0.0,150.0,0.0
3688,30.879,163.14530345949186,43.114612549137036,206.2599160086289,0.0,150.0,0.0
3689,30.879,172.13691082476004,9.974800488802623,182.11171131356267,0.0,150.0,0.0
3690,30.879,171.68318065493506,1.950025771417737,173.63320642635279,0.0,150.0,0.0
3691,31.894,161.62259292214202,2.2629832892207236,163.88557621136275,0.0,150.00000000000003,0.0
3692,31.223,159.5895000708286,0.44458905039049423,160.0340891212191,0.0,150.00000000000003,0.0
3693,30.879,162.40537164380385,0.0,162.40537164380385,0.0,150.00000000000003,0.0
3694,30.879,164.8388425791069,0.0,164.8388425791069,0.0,150.00000000000003,0.0
3695,30.879,148.8024533449708,0.0,148.8024533449708,0.0,150.00000000000003,0.0
3696,31.497,147.86726779317942,0.0,147.86726779317942,0.0,150.0,0.0
3697,31.497,138.958591394331,0.0,138.958591394331,0.0,150.0,0.0
3698,31.497,133.28139461760435,0.0,133.28139461760435,0.0,150.0,0.0
3699,31.497,140.57616247505538,0.0,140.57616247505538,0.0,150.0,0.0
3700,31.497,140.8821570648194,1.713436667683416,142.59559373250283,0.0,150.0,0.0
3701,31.497,148.2787541406323,8.172794456813854,156.45154859744613,0.0,150.0,0.0
3702,31.497,140.53723287258524,17.220961241812034,157.75819411439727,0.0,150.0,0.0
3703,31.497,143.64221513789505,38.3796721546595,182.02188729255454,0.0,150.0,0.0
3704,31.423,152.35550909459522,57.505036482527274,209.86054557712248,0.0,150.0,0.0
3705,32.628,163.2865506452175,72.54267773624173,235.82922838145922,0.0,150.0,0.0
3706,32.815,125.09571405358548,88.38082703701866,213.47654109060414,0.0,150.0,0.0
3707,32.898,124.96614343787807,74.47135587026035,199.43749930813843,0.0,150.0,0.0
3708,32.815,122.07774543663791,75.20938528206628,197.2871307187042,0.0,150.0,0.0
3709,32.992,123.19743373537476,73.45081380664273,196.6482475420175,0.0,150.0,0.0
3710,33.449,128.34650392048988,51.8791340655565,180.22563798604637,0.0,150.0,0.0
3711,34.072,130.4921316544617,46.20400343481343,176.69613508927512,0.0,150.0,0.0
3712,35.527,116.37244729452718,30.38417602307268,146.75662331759986,0.0,150.0,0.0
3713,36.973,108.73088528044026,14.406500084664781,123.13738536510505,0.0,150.0,0.0
3714,40.382,95.00620231179786,6.489514846182784,150.74571715798066,0.0,150.0,49.25
3715,45.461,80.8073710800385,0.3526443044489772,130.41001538448745,0.0,100.0,49.25
3716,39.358,75.29686344711176,0.3452565397010255,110.11711998681282,0.0,50.0,34.47500000000004
3717,37.83,82.9407476342947,0.0,69.23516387794952,0.0,14.999999999999972,-13.70558375634518
3718,35.987,80.12928731544324,0.0,66.42370355909806,0.0,28.499999999999968,-13.70558375634518
3719,35.516,81.61775017732872,0.0,67.91216642098354,0.0,41.99999999999996,-13.705583756345177
3720,34.394,91.7950614999371,0.0,78.08947774359193,0.0,55.499999999999986,-13.705583756345176
3721,34.394,104.04343034534249,0.0,90.33784658899731,0.0,69.0,-13.705583756345176
3722,34.394,115.01430679514257,0.0,101.3087230387974,0.0,82.5,-13.705583756345177
3723,34.394,119.08869463090944,0.0,105.38311087456427,0.0,96.0,-13.705583756345174
3724,34.394,118.39004146389931,0.9471103178289247,105.63156802538306,0.0,109.5,-13.705583756345177
3725,34.394,118.05864607435579,7.872145749491644,112.22520806750228,0.0,123.0,-13.70558375634517
3726,36.79,175.08365332227976,16.663710619949303,178.0417801858839,0.0,136.5,-13.70558375634517
3727,44.757,176.36684356537188,29.01860245194933,254.63544601732121,0.0,150.0,49.25
3728,36.729,165.13639486853484,44.21822617514375,204.27847891169887,0.0,100.0,-5.0761421319796955
3729,34.374,154.88786316291262,48.78267112837544,198.59439215930834,0.0,104.99999999999999,-5.0761421319796955
3730,34.405,107.42608642954634,47.70168151593212,150.05162581349876,0.0,109.99999999999999,-5.0761421319796955
3731,34.374,126.81492966266356,57.777977565784845,179.5167650964687,0.0,115.0,-5.076142131979694
3732,34.374,131.3442012263417,67.17993692440444,193.44799601876645,0.0,120.0,-5.076142131979694
3733,34.374,128.82163272635697,68.97610355953444,192.7215941539117,0.0,125.0,-5.076142131979697
3734,34.574,134.3703221236116,49.73529081651534,179.02947080814727,0.0,130.0,-5.076142131979694
3735,34.561,142.33649698378105,53.59518715919875,190.85554201100013,0.0,135.0,-5.076142131979694
3736,34.561,148.56208865915997,34.054955904286786,177.5409024314671,0.0,140.0,-5.076142131979694
3737,35.928,137.682496978819,11.815687408483013,144.4220422553223,0.0,145.0,-5.076142131979694
3738,46.4,132.38497984855374,1.8583872908134027,183.49336713936714,0.0,150.0,49.25
3739,40.035,134.25269118327753,0.8289131299889311,159.70660431326647,0.0,100.0,24.625000000000004
3740,37.084,121.74581573431317,0.3406036494575519,118.77589190639264,0.0,75.0,-3.3105274773780664
3741,35.502,126.735918401903,0.0,123.42539092452495,0.0,78.26086956521739,-3.3105274773780664
3742,34.997,118.20825361449255,0.0,114.89772613711449,0.0,81.52173913043478,-3.310527477378063
3743,34.394,127.64024240770317,0.0,124.32971493032511,0.0,84.78260869565217,-3.310527477378063
3744,33.39,140.755128809313,0.0,137.44460133193493,0.0,88.04347826086956,-3.310527477378063
3745,33.39,151.16643341348498,0.0,147.85590593610692,0.0,91.30434782608697,-3.3105274773780646
3746,33.39,155.84467332473656,0.0,152.5341458473585,0.0,94.56521739130436,-3.310527477378063
3747,33.39,169.9860359612582,0.0,166.67550848388015,0.0,97.82608695652175,-3.310527477378063
3748,33.39,172.97140563638513,2.1777175031696245,171.8385956621767,0.0,101.08695652173914,-3.310527477378063
3749,33.39,171.67858191172604,8.125236911246295,176.4932913455943,0.0,104.34782608695653,-3.310527477378063
3750,33.39,218.39099214763482,16.131387401528567,231.21185207178533,0.0,107.60869565217394,-3.3105274773780637
3751,33.488,201.6936382348694,30.839760769649725,229.22287152714108,0.0,110.86956521739133,-3.310527477378063
3752,32.564,183.93105314552582,51.80660807808329,232.42713374623105,0.0,114.13043478260873,-3.3105274773780637
3753,32.564,156.45299116564803,56.416631834338624,209.5590955226086,0.0,117.39130434782612,-3.3105274773780646
3754,32.857,120.8525789454063,66.89559110881265,184.4376425768409,0.0,120.65217391304353,-3.3105274773780646
3755,32.648,125.47158193023466,75.46087700187206,197.62193145472867,0.0,123.9130434782609,-3.3105274773780637
3756,32.564,140.1431139982522,73.92932142280408,210.76190794367824,0.0,127.1739130434783,-3.310527477378063
3757,32.564,130.27607685025174,78.25802570524337,205.22357507811705,0.0,130.43478260869568,-3.310527477378063
3758,32.564,134.1809622622004,67.43505386636463,198.30548865118698,0.0,133.69565217391306,-3.3105274773780637
3759,32.961,138.28191461317547,53.94104529980457,188.912432435602,0.0,136.95652173913047,-3.310527477378064
3760,34.136,127.21497814992635,30.864385395215816,154.7688360677641,0.0,140.21739130434787,-3.310527477378064
3761,35.338,91.58242919019312,12.195738327328225,100.4676400401433,0.0,143.47826086956525,-3.3105274773780637
3762,37.025,58.677052721728316,1.3292882960607548,56.695813540411,0.0,146.73913043478262,-3.3105274773780637
3763,48.327,37.98409110445472,0.3743595083773001,87.60845061283203,0.0,150.0,49.25
3764,41.564,26.945689496735646,0.3122802414991732,76.50796973823482,0.0,100.0,49.25
3765,36.015,18.520828043405803,0.0,18.520828043405803,0.0,50.0,0.0
3766,36.072,10.183811419688894,0.0,10.183811419688894,0.0,50.0,0.0
3767,35.513,12.834033818877499,0.0,12.834033818877499,0.0,50.0,0.0
3768,34.777,17.42028588038256,0.0,17.42028588038256,0.0,50.0,0.0
3769,34.777,15.446600488695548,0.0,15.446600488695548,0.0,50.0,0.0
3770,34.777,9.242650032569657,0.0,9.242650032569657,0.0,50.0,0.0
3771,34.777,8.500563339114791,0.0,8.500563339114791,0.0,50.0,0.0
3772,34.777,8.885698313768453,1.9549837661494989,10.84068207991795,0.0,50.0,0.0
3773,34.777,8.453179266077717,8.108543677881523,16.56172294395924,0.0,50.0,0.0
3774,34.541,4.466111837579422,17.309641548602038,21.77575338618146,0.0,50.0,0.0
3775,36.923,3.651445891185452,36.9615026854756,40.612948576661054,0.0,50.0,0.0
3776,36.742,5.048777018311858,53.50762935306903,52.55732930631398,0.0,50.0,-5.999077065066908
3777,34.799,6.87859365900299,65.52267942357138,66.40219601750745,0.0,55.90909090909091,-5.999077065066908
3778,34.202,8.492322511309307,62.083992778138644,64.57723822438103,0.0,61.81818181818181,-5.999077065066909
3779,33.194,12.244228860967691,51.12374899529123,57.36890079119201,0.0,67.72727272727272,-5.999077065066908
3780,33.194,16.515467356755007,60.43969963163273,70.95608992332082,0.0,73.63636363636363,-5.99907706506691
3781,33.306,19.572670687553416,40.93772585457659,54.5113194770631,0.0,79.54545454545453,-5.99907706506691
3782,34.645,22.227468473684368,44.17173658254843,60.40012799116589,0.0,85.45454545454545,-5.99907706506691
3783,34.777,21.195667200472815,23.35962611582935,38.556216251235256,0.0,91.36363636363636,-5.99907706506691
3784,34.991,22.328088952185492,14.210811003568896,30.539822890687482,0.0,97.27272727272727,-5.999077065066906
3785,35.992,18.7095593441126,12.6864999189793,25.396982198024993,0.0,103.18181818181816,-5.999077065066906
3786,36.844,16.32479065999788,6.87849046391312,17.204204058844095,0.0,109.09090909090907,-5.999077065066906
3787,44.712,16.36186287718503,1.173614709964348,66.78547758714937,0.0,114.99999999999997,49.25
3788,46.502,17.789326873471282,0.0,67.03932687347128,0.0,64.99999999999997,49.25
3789,36.949,18.561642439631196,0.0,18.561642439631196,0.0,14.999999999999972,0.0
3790,35.388,22.610404386348264,0.0,22.610404386348264,0.0,14.999999999999972,0.0
3791,34.777,25.856730461996424,0.0,25.856730461996424,0.0,14.999999999999972,0.0
3792,33.545,34.43359512119667,0.0,34.43359512119667,0.0,14.999999999999972,0.0
3793,33.545,37.31020547900851,0.0,37.31020547900851,0.0,14.999999999999972,0.0
3794,33.805,39.147100492275705,0.0,39.147100492275705,0.0,14.999999999999972,0.0
3795,33.805,39.41431108933029,0.0,39.41431108933029,0.0,14.999999999999972,0.0
3796,33.805,37.39333818250662,0.3409326442723158,37.73427082677893,0.0,14.999999999999972,0.0
3797,33.805,31.504675574002206,3.0008821182536924,34.5055576922559,0.0,14.999999999999972,0.0
3798,33.815,36.833318292615125,9.603406590853844,46.43672488346897,0.0,14.999999999999972,0.0
3799,35.537,32.717687311279064,27.122398681216136,59.840085992495204,0.0,14.999999999999972,0.0
3800,38.958,21.506437088749603,26.63348238911749,48.139919477867096,0.0,14.999999999999972,0.0
3801,33.616,14.185673668399481,37.51891291350075,51.70458658190023,0.0,14.999999999999972,0.0
3802,33.324,5.338072202493005,61.47301211131977,66.81108431381277,0.0,14.999999999999972,0.0
3803,33.294,3.0653995466401365,61.33705916490907,64.4024587115492,0.0,14.999999999999972,0.0
3804,33.378,3.4456391352336624,73.66337925002966,77.10901838526333,0.0,14.999999999999972,0.0
3805,33.494,1.9455988838884768,83.0040097118063,84.94960859569478,0.0,14.999999999999972,0.0
3806,33.889,3.696500843016704,68.91383116274105,72.61033200575775,0.0,14.999999999999972,0.0
3807,34.585,14.38141951956238,47.64511521801811,62.02653473758049,0.0,14.999999999999972,0.0
3808,36.871,23.357789771377053,32.655567768854254,56.01335754023131,0.0,14.999999999999972,0.0
3809,36.795,34.526179875875826,14.01947872249432,48.545658598370146,0.0,14.999999999999972,0.0
3810,36.016,38.07819928495096,6.974947003866122,45.05314628881708,0.0,14.999999999999972,0.0
3811,35.096,41.695294951273446,1.250309351584571,42.945604302858015,0.0,14.999999999999972,0.0
3812,33.808,49.775409397193016,0.685323448562117,50.46073284575513,0.0,14.999999999999972,0.0
3813,33.294,56.1447526010124,0.0,56.1447526010124,0.0,14.999999999999972,0.0
3814,33.294,51.037736796301495,0.0,51.037736796301495,0.0,14.999999999999972,0.0
3815,33.294,57.54517888187703,0.0,57.54517888187703,0.0,14.999999999999972,0.0
3816,32.238,60.73505480466959,0.0,60.73505480466959,0.0,14.999999999999972,0.0
3817,32.238,67.81110843694549,0.0,67.81110843694549,0.0,14.999999999999972,0.0
3818,32.238,78.81729242147675,0.0,78.81729242147675,0.0,14.999999999999972,0.0
3819,32.238,91.25879233112711,0.0,91.25879233112711,0.0,14.999999999999972,0.0
3820,32.238,91.16329497433446,0.0,91.16329497433446,0.0,14.999999999999972,0.0
3821,32.238,90.8224077540083,4.537741472820286,95.36014922682858,0.0,14.999999999999972,0.0
3822,32.489,78.76717188734352,6.877684230853828,85.64485611819735,0.0,14.999999999999972,0.0
3823,32.533,65.69095702763842,4.25797550586811,69.94893253350654,0.0,14.999999999999972,0.0
3824,31.78,57.22723749186278,7.6763716886214155,64.9036091804842,0.0,14.999999999999972,0.0
3825,29.856,41.10321073058372,7.657765033456286,48.760975764040005,0.0,14.99999999999997,0.0
3826,32.386,6.976608677620429,10.645641173506599,17.622249851127027,0.0,14.999999999999968,0.0
3827,31.468,6.073557795360172,9.888644755289688,15.96220255064986,0.0,14.99999999999997,0.0
3828,31.468,3.8821307257912006,18.664118073647,22.5462487994382,0.0,14.999999999999972,0.0
3829,31.468,4.429290225468961,32.345611582272035,36.774901807740996,0.0,14.999999999999972,0.0
3830,31.468,5.701927070602581,33.1037016467077,38.80562871731028,0.0,14.99999999999997,0.0
3831,32.143,11.266439284165022,37.47669100716281,48.74313029132784,0.0,14.999999999999972,0.0
3832,32.238,23.269625951107557,32.486240808203185,55.75586675931074,0.0,14.999999999999972,0.0
3833,32.972,10.630040453412722,10.162520292902258,20.79256074631498,0.0,14.999999999999972,0.0
3834,34.871,5.842528150191927,1.5918882038838584,7.434416354075785,0.0,14.999999999999972,0.0
3835,38.493,16.08390587394323,0.2467347145658232,16.330640588509052,0.0,14.999999999999972,0.0
3836,35.72,32.21938028931986,0.871792375446113,28.740193694497655,0.0,14.999999999999972,-4.350978970268314
3837,34.064,51.83600468127634,0.0,47.48502571100803,0.0,19.28571428571426,-4.350978970268313
3838,32.349,102.59541808737518,0.0,98.24443911710686,0.0,23.571428571428548,-4.350978970268314
3839,32.238,116.20413510680547,0.0,111.85315613653715,0.0,27.857142857142826,-4.350978970268313
3840,25.92,113.3124882632283,0.0,108.96150929295999,0.0,32.14285714285711,-4.350978970268313
3841,25.278,124.07622499116974,0.0,119.72524602090142,0.0,36.428571428571395,-4.350978970268313
3842,25.278,147.26441460970474,0.0,142.91343563943644,0.0,40.71428571428568,-4.350978970268313
3843,25.278,162.9800052098807,0.0,158.6290262396124,0.0,44.99999999999997,-4.350978970268313
3844,25.278,148.76912310153688,0.0,144.41814413126858,0.0,49.28571428571426,-4.350978970268313
3845,25.278,145.4255389570847,2.716426808550724,143.79098679536713,0.0,53.571428571428555,-4.350978970268313
3846,25.278,137.1814926119515,12.261451130029519,145.09196477171272,0.0,57.85714285714285,-4.3509789702683115
3847,23.175,120.47036526088696,24.620605802393346,140.739992093012,0.0,62.14285714285714,-4.3509789702683115
3848,14.615,116.63408397220542,27.70779090534502,139.99089590728212,0.0,66.42857142857143,-4.350978970268308
3849,14.093,156.49772983598552,39.97041683168385,192.11716769740107,0.0,70.71428571428571,-4.350978970268308
3850,14.169,135.87481521203486,28.955801946372162,162.52327982568897,0.0,75.0,-2.307337332718056
3851,14.169,123.49474921957622,16.70387371962223,137.8912856064804,0.0,77.27272727272728,-2.307337332718056
3852,14.169,165.5944385544161,12.977327040772451,176.2644282624705,0.0,79.54545454545456,-2.307337332718049
3853,14.268,165.59452320032455,21.257164205868737,184.54435007347524,0.0,81.81818181818183,-2.3073373327180455
3854,14.425,125.41819022912742,16.246079429576273,139.35693232598564,0.0,84.0909090909091,-2.307337332718042
3855,15.415,104.56370522779194,15.319099375909092,117.57546727098298,0.0,86.36363636363636,-2.307337332718042
3856,24.24,92.9660472898821,8.521010707123787,99.17972066428786,0.0,88.63636363636363,-2.30733733271804
3857,25.581,126.48043637362747,11.25885669817857,135.43195573908798,0.0,90.90909090909089,-2.30733733271804
3858,33.155,129.26664569211331,3.5609917664272226,130.5203001258225,0.0,93.18181818181816,-2.30733733271804
3859,36.017,146.10416261350417,0.8191859306246071,144.61601121141072,0.0,95.45454545454544,-2.30733733271804
3860,35.933,164.76756018866536,0.0,162.4602228559473,0.0,97.7272727272727,-2.307337332718041
3861,35.506,183.7927448789377,0.0,181.48540754621965,0.0,99.99999999999999,-2.30733733271804
3862,33.043,191.2260819213094,0.0,188.91874458859135,0.0,102.27272727272725,-2.307337332718041
3863,31.444,119.23334776253972,0.0,116.92601042982167,0.0,104.54545454545453,-2.307337332718042
3864,33.718,101.30012892875374,0.0,98.99279159603569,0.0,106.81818181818181,-2.307337332718043
3865,33.718,93.40521330845361,0.0,91.09787597573556,0.0,109.0909090909091,-2.307337332718043
3866,33.718,76.46746088499565,0.0,74.1601235522776,0.0,111.36363636363637,-2.307337332718043
3867,33.718,55.20754873574688,0.0,52.90021140302884,0.0,113.63636363636365,-2.307337332718043
3868,33.718,48.184339954364184,0.0,45.87700262164614,0.0,115.90909090909092,-2.3073373327180438
3869,33.718,41.24097589655271,2.1231114357265253,41.0567499995612,0.0,118.1818181818182,-2.307337332718044
3870,33.837,49.05212845040389,7.724503640829285,54.46929475851513,0.0,120.45454545454547,-2.307337332718044
3871,33.69,57.46708908977015,5.130056168692241,60.28980792574435,0.0,122.72727272727275,-2.3073373327180438
3872,32.796,62.286555123543415,14.896391929001732,74.8756097198271,0.0,125.0,-2.3073373327180433
3873,32.358,42.83486569801172,15.989533444406955,56.51706180970063,0.0,127.27272727272728,-2.307337332718044
3874,32.755,52.564346712836034,17.187335146015467,67.44434452613345,0.0,129.54545454545456,-2.307337332718044
3875,32.755,58.37461141477968,24.775727747637198,80.84300182969884,0.0,131.81818181818184,-2.307337332718044
3876,33.1,73.65964957751436,31.324923500992284,102.6772357457886,0.0,134.0909090909091,-2.3073373327180446
3877,33.632,86.18511432033301,37.36450678238541,121.24228377000037,0.0,136.36363636363637,-2.307337332718045
3878,33.807,68.50963106068481,39.80753830890137,106.00983203686813,0.0,138.63636363636365,-2.3073373327180455
3879,34.326,95.2593721701444,46.94731855616652,139.89935339359286,0.0,140.90909090909093,-2.3073373327180455
3880,35.801,89.7291656047374,28.891442900304998,116.31327117232435,0.0,143.1818181818182,-2.307337332718045
3881,37.563,69.08587992742754,14.215694604175352,80.99423719888485,0.0,145.45454545454544,-2.307337332718045
3882,49.036,39.91551710194436,1.9890840288618261,39.59726379808814,0.0,147.72727272727272,-2.307337332718045
3883,49.036,22.401404070290376,0.5297303339747675,72.18113440426515,0.0,150.0,49.25
3884,49.036,17.40239414087809,0.5889513878559767,67.24134552873407,0.0,100.0,49.25
3885,49.036,16.39653031480549,0.0,11.898190957381122,0.0,50.0,-4.498339357424368
3886,39.755,19.314450288003638,0.0,14.81611093057927,0.0,54.430864267063,-4.498339357424368
3887,36.964,20.526066450381585,0.0,16.027727092957218,0.0,58.861728534126,-4.498339357424368
3888,37.497,23.201373821075244,0.0,18.703034463650877,0.0,63.29259280118899,-4.498339357424368
3889,37.497,23.81325605459321,0.0,19.314916697168844,0.0,67.72345706825199,-4.498339357424367
3890,37.497,19.455663433198126,0.0,14.957324075773759,0.0,72.154321335315,-4.498339357424366
3891,37.497,15.095128822664705,0.0,10.596789465240338,0.0,76.58518560237802,-4.498339357424366
3892,37.497,15.448871833724532,1.1679350448907686,12.118467521190933,0.0,81.01604986944102,-4.498339357424366
3893,37.497,16.8822310665323,7.8474937346286255,20.231385443736556,0.0,85.44691413650402,-4.498339357424366
3894,37.464,16.96755455769919,15.738379771466422,28.20759497174125,0.0,89.877778403567,-4.498339357424365
3895,45.686,13.687263862287557,20.864805791964045,30.053730296827236,0.0,94.30864267063001,-4.498339357424367
3896,41.832,8.566150682376303,27.860830859092804,31.928642184044737,0.0,98.739506937693,-4.498339357424367
3897,37.534,7.475774988267027,39.80723702728169,42.78467265812435,0.0,103.170371204756,-4.498339357424367
3898,36.097,5.997683666186395,55.39211067433485,56.891454983096885,0.0,107.601235471819,-4.498339357424365
3899,36.097,11.643599901353916,48.12163323768199,55.26689378161154,0.0,112.03209973888201,-4.498339357424362
3900,36.083,11.433664355888567,54.136113293145804,61.07143829161001,0.0,116.46296400594501,-4.49833935742436
3901,36.083,8.394937751088067,60.962305330289404,64.85890372395312,0.0,120.89382827300801,-4.49833935742436
3902,36.734,9.864515370333372,64.17086261575574,69.53703862866476,0.0,125.32469254007101,-4.49833935742436
3903,37.289,8.01754786531442,57.94927116835882,61.46847967624887,0.0,129.755556807134,-4.4983393574243635
3904,37.836,7.440761957216333,37.36083001586458,40.30325261565655,0.0,134.186421074197,-4.4983393574243635
3905,41.714,7.1615111632753745,11.055182951261147,13.718354757112152,0.0,138.61728534126,-4.498339357424371
3906,54.532,5.96292453809779,1.3859414786134687,2.8505266592868885,0.0,143.04814960832297,-4.498339357424371
3907,54.532,3.983911299452412,0.4050539215670802,53.63896522101949,0.0,147.479013875386,49.25
3908,49.837,1.3756482976425266,0.6822503557294286,2.0578986533719554,0.0,97.47901387538599,0.0
3909,38.151,0.12185011221004916,0.0,0.12185011221004916,0.0,97.47901387538599,0.0
3910,37.497,0.0,0.0,0.0,0.0,97.47901387538599,0.0
3911,37.497,0.0,0.0,0.0,0.0,97.47901387538599,0.0
3912,36.695,0.0,0.0,0.0,0.0,97.47901387538599,0.0
3913,36.695,3.1278080330395435,0.0,3.1278080330395435,0.0,97.47901387538599,0.0
3914,36.695,4.546489609831324,0.0,4.546489609831324,0.0,97.47901387538599,0.0
3915,36.695,3.91529215504421,0.0,3.91529215504421,0.0,97.47901387538599,0.0
3916,36.695,2.588488555555417,2.0313420419819566,4.619830597537374,0.0,97.47901387538599,0.0
3917,36.695,0.0,8.380347646351058,8.380347646351058,0.0,97.47901387538599,0.0
3918,36.584,0.0,17.134231196184473,17.134231196184473,0.0,97.47901387538599,0.0
3919,37.769,0.0,21.46474767122002,21.46474767122002,0.0,97.47901387538599,0.0
3920,38.806,0.0,24.724820960996322,24.724820960996322,0.0,97.47901387538599,0.0
3921,36.352,0.0,26.12990557943605,26.12990557943605,0.0,97.47901387538599,0.0
3922,35.968,0.0,34.13302535681959,34.13302535681959,0.0,97.47901387538599,0.0
3923,36.106,0.0,31.505145530619465,31.505145530619465,0.0,97.47901387538599,0.0
3924,36.106,0.0,51.2222926900135,51.2222926900135,0.0,97.47901387538599,0.0
3925,36.608,1.321404070732004,63.702877197224495,65.0242812679565,0.0,97.47901387538599,0.0
3926,37.027,2.763078583266002,67.60211914692601,70.36519773019202,0.0,97.47901387538599,0.0
3927,37.027,4.298812763424814,52.516555660196495,56.81536842362131,0.0,97.47901387538599,0.0
3928,37.781,5.415765626388795,37.431012658115414,42.84677828450421,0.0,97.47901387538599,0.0
3929,41.804,9.37115514988272,11.57387548121116,20.94503063109388,0.0,97.47901387538599,0.0
3930,53.366,12.493203376661533,1.3600949870760588,13.853298363737592,0.0,97.47901387538599,0.0
3931,53.366,8.416931589428176,1.2178346468575674,58.88476623628574,0.0,97.47901387538599,49.25
3932,48.109,6.410061148441085,1.3933697315014613,6.805570614365536,0.0,47.47901387538599,-0.9978602655770104
3933,37.91,4.031224891601799,0.0,3.033364626024789,0.0,48.461906236979345,-0.9978602655770104
3934,36.695,1.2779931216523213,0.0,0.2801328560753109,0.0,49.4447985985727,-0.9978602655770104
3935,36.695,0.9978602655770124,0.0,0.0,0.0,50.42769096016606,-0.9978602655770104
3936,37.383,1.2184157375702838,0.0,0.2205554719932734,0.0,51.41058332175942,-0.9978602655770104
3937,37.383,2.1579543734909237,0.0,1.1600941079139133,0.0,52.393475683352776,-0.9978602655770104
3938,37.383,3.2737361290320885,0.0,2.275875863455078,0.0,53.37636804494613,-0.9978602655770104
3939,37.383,5.44959990869058,0.0,4.451739643113569,0.0,54.35926040653949,-0.9978602655770104
3940,37.383,10.296108362484055,0.4804430351603757,9.77869113206742,0.0,55.34215276813285,-0.9978602655770104
3941,37.383,8.578416080325104,5.220583549425939,12.801139364174032,0.0,56.325045129726206,-0.9978602655770104
3942,37.933,14.320060235234479,14.46468973167813,27.786889701335596,0.0,57.307937491319564,-0.9978602655770104
3943,44.653,20.23306132231027,30.034084082291933,49.26928513902519,0.0,58.29082985291292,-0.9978602655770104
3944,37.438,23.027811267659814,37.15401248382651,59.18396348590932,0.0,59.27372221450628,-0.9978602655770104
3945,35.768,29.17142897318384,35.50034918807255,63.673917895679374,0.0,60.256614576099636,-0.9978602655770104
3946,35.396,35.801086100388545,53.701671367780826,88.50489720259236,0.0,61.239506937692994,-0.9978602655770104
3947,34.842,51.80145272658104,57.41721505680339,108.22080751780743,0.0,62.22239929928635,-0.9978602655770104
3948,34.842,51.15730800211397,65.77996983730704,115.939417573844,0.0,63.20529166087971,-0.9978602655770104
3949,34.842,61.96734519839438,68.62301632097905,129.59250125379643,0.0,64.18818402247307,-0.9978602655770104
3950,35.654,78.39112811169235,68.18703548582778,145.58030333194313,0.0,65.17107638406642,-0.9978602655770104
3951,36.198,87.77974489918718,58.81873564766206,145.60062028127223,0.0,66.15396874565978,-0.9978602655770104
3952,37.345,81.0277406958772,36.59448045079241,116.6243608810926,0.0,67.13686110725314,-0.9978602655770104
3953,37.593,82.37412455980773,14.326869923467736,95.70313421769845,0.0,68.1197534688465,-0.9978602655770104
3954,53.419,72.40416277915385,2.081707535636566,73.48801004921341,0.0,69.10264583043985,-0.9978602655770104
3955,41.43,67.49098890945983,0.8769981787125063,67.37012682259532,0.0,70.08553819203321,-0.9978602655770104
3956,38.471,63.56079108231762,0.4074734516062873,62.9704042683469,0.0,71.06843055362657,-0.9978602655770104
3957,38.471,60.48038503702581,0.0,59.4825247714488,0.0,72.05132291521993,-0.9978602655770104
3958,37.011,61.501466736533764,0.0,60.503606470956754,0.0,73.03421527681328,-0.9978602655770104
3959,37.011,59.44479178021617,0.0,58.44693151463916,0.0,74.01710763840664,-0.9978602655770104
3960,32.956,63.555471630108,0.0,66.510471630108,0.0,75.0,2.955000000000001
3961,32.956,67.80725887304891,0.0,70.7622588730489,0.0,72.0,2.955000000000001
3962,32.956,74.9960044727823,0.0,77.9510044727823,0.0,69.0,2.955000000000001
3963,32.956,75.51232381287639,0.0,78.46732381287639,0.0,66.0,2.955000000000001
3964,32.956,72.43282189015068,0.8833029749539654,76.27112486510464,0.0,63.0,2.955000000000001
3965,35.807,65.68482408228758,7.942168532663324,76.58199261495089,0.0,60.0,2.955000000000001
3966,34.895,72.56953977772721,16.380450920992253,91.90499069871946,0.0,57.0,2.955000000000001
3967,36.557,78.9438827072863,14.970221351026117,96.86910405831242,0.0,54.0,2.955000000000001
3968,35.219,82.02131288901663,39.83703487364863,124.81334776266526,0.0,50.99999999999999,2.9550000000000014
3969,34.034,80.73887677984511,44.005208694646754,127.69908547449187,0.0,47.999999999999986,2.955000000000001
3970,32.678,68.14640202770117,71.84049759359871,142.94189962129988,0.0,44.999999999999986,2.955000000000002
3971,32.202,75.31119251046152,61.673649912223624,139.93984242268516,0.0,41.999999999999986,2.9550000000000014
3972,32.173,84.97163659338715,72.46032809276846,160.3869646861556,0.0,38.999999999999986,2.9550000000000023
3973,32.173,88.3391468528289,63.42878843378863,154.72293528661754,0.0,35.999999999999986,2.9550000000000014
3974,32.173,90.59063157856468,54.96383858051285,148.50947015907755,0.0,32.999999999999986,2.9550000000000014
3975,32.761,86.27147202110042,52.24548910295517,141.4719611240556,0.0,29.99999999999998,2.955000000000001
3976,33.513,65.49452953867214,37.60731065581947,106.05684019449161,0.0,26.999999999999975,2.955000000000001
3977,34.773,45.091725705187315,13.660121985028953,61.706847690216264,0.0,23.99999999999997,2.955
3978,35.046,31.086512505270154,1.9474561766737164,35.98896868194387,0.0,20.99999999999997,2.955
3979,38.802,20.992739162326284,0.3725054326791075,24.32024459500539,0.0,17.99999999999997,2.9549999999999983
3980,35.096,18.6809562967927,0.9839642225434564,19.664920519336157,0.0,14.999999999999972,0.0
3981,34.205,19.690907555321488,0.0,19.690907555321488,0.0,14.999999999999972,0.0
3982,33.766,15.541230069644511,0.0,15.541230069644511,0.0,14.999999999999972,0.0
3983,33.322,12.304143414421278,0.0,12.304143414421278,0.0,14.999999999999972,0.0
3984,31.442,9.035412176468673,0.0,9.035412176468673,0.0,14.999999999999972,0.0
3985,31.442,5.447681326201772,0.0,5.447681326201772,0.0,14.999999999999972,0.0
3986,31.442,2.733678969369587,0.0,2.733678969369587,0.0,14.999999999999972,0.0
3987,31.442,2.3136356337709647,0.0,2.3136356337709647,0.0,14.999999999999972,0.0
3988,32.039,1.772302772975659,1.181303633548147,2.9536064065238063,0.0,14.999999999999972,0.0
3989,33.321,0.0,7.709789090894685,7.709789090894685,0.0,14.999999999999972,0.0
3990,33.738,0.0,16.219655470733496,16.219655470733496,0.0,14.999999999999972,0.0
3991,35.061,0.0,27.644426046817966,27.644426046817966,0.0,14.999999999999972,0.0
3992,34.541,0.0,37.13948628502267,37.13948628502267,0.0,14.999999999999972,0.0
3993,32.625,0.0,52.59978797593578,52.59978797593578,0.0,14.999999999999972,0.0
3994,32.625,0.5629177943403342,60.69977727639022,61.26269507073056,0.0,14.999999999999972,0.0
3995,32.625,4.167457985662527,77.98924496901071,82.15670295467324,0.0,14.999999999999972,0.0
3996,32.581,7.295968184272315,75.12701165313148,82.42297983740379,0.0,14.999999999999972,0.0
3997,32.254,23.94137384772393,60.98853147446272,84.92990532218664,0.0,14.999999999999972,0.0
3998,32.254,38.43794011425663,57.227816198126156,95.66575631238278,0.0,14.999999999999972,0.0
3999,32.151,51.58039871145171,49.11049259921846,100.69089131067017,0.0,14.999999999999972,0.0
4000,31.983,62.613919541954246,23.1525233586002,85.76644290055444,0.0,14.999999999999972,0.0
4001,31.884,65.86381504464599,7.313892290453744,73.17770733509974,0.0,14.999999999999972,0.0
4002,33.49,70.87365413851083,2.490377030133047,73.36403116864388,0.0,14.999999999999972,0.0
4003,33.839,65.17900986074534,0.0,65.17900986074534,0.0,14.999999999999972,0.0
4004,33.351,68.02891225394362,0.0,68.02891225394362,0.0,14.999999999999972,0.0
4005,32.743,83.60492836547039,0.0,83.60492836547039,0.0,14.999999999999972,0.0
4006,31.442,112.19193618994848,0.0,112.19193618994848,0.0,14.999999999999972,0.0
4007,31.442,82.25737209658007,0.0,82.25737209658007,0.0,14.999999999999972,0.0
4008,25.763,93.6044678056461,0.0,93.6044678056461,0.0,14.999999999999972,0.0
4009,25.763,107.03758457807092,0.0,107.03758457807092,0.0,14.999999999999972,0.0
4010,25.763,104.46568171414876,0.0,104.46568171414876,0.0,14.999999999999972,0.0
4011,25.763,75.00942376223924,0.0,75.00942376223924,0.0,14.999999999999972,0.0
4012,25.763,60.79935329707701,1.9437880783262005,62.74314137540321,0.0,14.999999999999972,0.0
4013,25.763,68.40544987066468,8.188303566136232,76.59375343680091,0.0,14.999999999999972,0.0
4014,25.763,60.3750196465136,16.872070878442916,77.24709052495652,0.0,14.999999999999972,0.0
4015,25.532,45.25016254462634,20.55522058333292,65.80538312795926,0.0,14.999999999999972,0.0
4016,23.127,39.89188700406554,33.01249702088835,72.90438402495388,0.0,14.999999999999972,0.0
4017,14.569,39.5236043452206,44.067700283276665,83.59130462849726,0.0,14.999999999999972,0.0
4018,14.569,55.67445381213214,49.35054391409426,105.0249977262264,0.0,14.999999999999972,0.0
4019,14.569,41.103183585497725,63.612817900583195,104.71600148608093,0.0,14.999999999999972,0.0
4020,14.569,48.97142158051224,62.955377313615024,111.92679889412727,0.0,14.999999999999972,0.0
4021,14.7,69.54405425547242,80.3100931667761,149.8541474222485,0.0,14.999999999999972,0.0
4022,20.912,39.53354307338094,71.33032106980441,110.86386414318535,0.0,14.999999999999972,0.0
4023,24.189,35.98680045884073,67.50193026197825,103.48873072081898,0.0,14.999999999999972,0.0
4024,26.361,59.7805779978902,37.76104950444491,97.5416275023351,0.0,14.999999999999972,0.0
4025,27.431,51.55325018616911,13.820666989225971,65.37391717539508,0.0,14.999999999999972,0.0
4026,29.668,34.430039054289516,1.230746539181605,35.66078559347112,0.0,14.999999999999972,0.0
4027,35.964,47.97171771998208,1.4790876061567106,49.45080532613879,0.0,14.999999999999972,0.0
4028,33.731,42.16370264487225,1.188075106840358,37.121966953373885,0.0,14.999999999999972,-6.229810798338722
4029,31.808,53.40096390749487,0.0,47.17115310915615,0.0,21.136363636363612,-6.229810798338722
4030,26.459,74.89361903630063,0.0,68.66380823796192,0.0,27.272727272727252,-6.229810798338722
4031,25.763,88.41305405183076,0.0,82.18324325349204,0.0,33.40909090909088,-6.229810798338722
4032,28.54,92.32352676406127,0.0,86.09371596572255,0.0,39.545454545454504,-6.229810798338723
4033,28.54,85.76154171692082,0.0,79.5317309185821,0.0,45.68181818181816,-6.229810798338724
4034,28.54,82.47627408983631,0.0,76.24646329149759,0.0,51.818181818181785,-6.229810798338723
4035,28.45,80.19310424751353,0.0,73.96329344917481,0.0,57.954545454545425,-6.229810798338722
4036,28.45,77.2785229549967,2.2346389335796473,73.28335109023763,0.0,64.09090909090907,-6.229810798338723
4037,28.45,66.38387602428757,8.222057717267614,68.37612294321647,0.0,70.22727272727269,-6.229810798338723
4038,28.489,63.87978491857234,12.52885464220824,70.17882876244187,0.0,76.36363636363632,-6.229810798338724
4039,26.183,80.05442816009776,10.257416738990672,84.08203410074971,0.0,82.49999999999996,-6.229810798338722
4040,17.77,81.70427909878103,22.89629560916064,98.37076390960294,0.0,88.63636363636358,-6.229810798338722
4041,14.58,89.06344438278124,36.3608278659874,119.19446145042993,0.0,94.77272727272722,-6.229810798338722
4042,15.979,152.42084277592198,31.52221480467442,177.7132467822577,0.0,100.90909090909085,-6.229810798338722
4043,15.625,113.63552120655223,49.69529442257149,157.101004830785,0.0,107.0454545454545,-6.229810798338722
4044,15.174,134.7279925098992,56.409061655026434,184.90724336658693,0.0,113.18181818181814,-6.229810798338722
4045,15.174,263.404396902337,67.15017351465161,300.0,24.324759618649885,119.31818181818178,-6.229810798338725
4046,18.763,268.39940288317047,60.63369361412998,300.0,22.803285698961723,125.45454545454541,-6.229810798338725
4047,26.304,249.9392184964791,39.293031151271975,283.00243884941233,0.0,131.59090909090907,-6.229810798338725
4048,30.295,240.7951262111266,12.906650916660425,247.4719663294483,0.0,137.72727272727272,-6.229810798338718
4049,35.258,196.05671876157572,9.741671677238124,199.56857964047512,0.0,143.86363636363637,-6.229810798338718
4050,41.145,172.76372929313837,5.134514112836533,177.8982434059749,0.0,150.0,0.0
4051,41.507,177.05931504214135,2.4688369705019104,228.77815201264326,0.0,150.0,49.25
4052,41.507,148.64718349438948,0.0,183.1221834943895,0.0,100.0,34.47500000000004
4053,41.507,123.4269965965314,0.0,123.4269965965314,0.0,64.99999999999997,0.0
4054,41.507,104.10534438063132,0.0,104.10534438063132,0.0,64.99999999999997,0.0
4055,41.507,88.8495847058818,0.0,138.0995847058818,0.0,64.99999999999997,49.25
4056,36.982,73.88174561808772,0.0,73.88174561808772,0.0,14.999999999999972,0.0
4057,36.613,68.89966422673116,0.0,68.89966422673116,0.0,14.999999999999972,0.0
4058,36.613,58.449444314936756,0.0,58.449444314936756,0.0,14.999999999999972,0.0
4059,36.613,38.25264917537715,0.0,38.25264917537715,0.0,14.999999999999972,0.0
4060,36.613,26.278334798535667,1.0049482227307194,27.283283021266385,0.0,14.999999999999972,0.0
4061,36.613,21.457155222522264,7.584397303540342,29.041552526062606,0.0,14.999999999999972,0.0
4062,36.613,8.824501022181828,16.29945382656842,25.123954848750248,0.0,14.999999999999972,0.0
4063,37.644,4.869416407679476,33.02570841132334,29.193166878466194,0.0,14.999999999999972,-8.701957940536625
4064,34.747,2.7533055095787766,32.66982300573967,26.72117057478183,0.0,23.571428571428548,-8.701957940536623
4065,32.515,0.0,31.77787625507519,23.075918314538566,0.0,32.142857142857125,-8.701957940536623
4066,32.685,0.0,47.40685897478565,38.704901034249026,0.0,40.7142857142857,-8.701957940536623
4067,31.553,0.0,43.541366371102264,34.83940843056564,0.0,49.28571428571428,-8.701957940536623
4068,31.553,6.457710091510284,12.289679658533048,10.04543180950671,0.0,57.85714285714285,-8.701957940536623
4069,31.553,12.537259226895326,4.160461368589498,7.9957626549482015,0.0,66.42857142857142,-8.701957940536623
4070,32.815,21.235713964225543,9.716943990377533,15.724231558663988,0.0,75.0,-15.228426395939088
4071,33.694,29.860884552570234,15.475194755635584,30.10765291226673,0.0,90.0,-15.228426395939088
4072,35.448,31.6477605478689,5.537858422301606,21.957192574231414,0.0,105.0,-15.228426395939088
4073,36.613,27.382445228840673,6.217129189361649,18.371148022263235,0.0,120.0,-15.228426395939088
4074,39.183,30.620584041955556,6.0872581945441055,21.47941584056057,0.0,135.0,-15.228426395939088
4075,52.176,28.850374835149026,1.6584593708388298,79.75883420598785,0.0,150.0,49.25
4076,50.317,22.133346189209913,1.552576630422187,72.9359228196321,0.0,100.0,49.25
4077,39.204,18.484327691239642,0.0,13.408185559259945,0.0,50.0,-5.076142131979697
4078,36.982,18.20288146926628,0.0,13.126739337286583,0.0,55.0,-5.076142131979697
4079,36.982,16.52113656165764,0.0,11.444994429677942,0.0,60.0,-5.076142131979699
4080,34.635,15.513284905998555,0.0,10.437142774018856,0.0,65.00000000000001,-5.076142131979699
4081,34.635,18.667125073887796,0.0,13.590982941908099,0.0,70.00000000000001,-5.076142131979698
4082,34.635,28.98017259041867,0.0,23.904030458438974,0.0,75.0,-5.076142131979698
4083,34.635,36.01887665807416,0.0,30.942734526094462,0.0,80.0,-5.076142131979699
4084,34.635,35.78294939778259,2.4583247706501514,33.16513203645304,0.0,84.99999999999999,-5.076142131979699
4085,34.635,44.04942300641687,8.041142000261305,47.014422874698475,0.0,89.99999999999999,-5.0761421319797
4086,34.635,44.665611384885466,16.923850759395197,56.51332001230096,0.0,94.99999999999997,-5.076142131979699
4087,35.576,26.085895106722322,32.390029812123295,53.39978278686592,0.0,99.99999999999996,-5.076142131979699
4088,34.583,19.48321708638559,48.13432906210425,62.541404016510135,0.0,104.99999999999996,-5.076142131979699
4089,34.219,17.293807016479775,68.16852419045222,80.3861890749523,0.0,109.99999999999996,-5.076142131979699
4090,34.219,16.502131504230505,87.52097244120304,98.94696181345385,0.0,114.99999999999997,-5.076142131979697
4091,34.261,14.305621122330281,98.56851311686401,107.7979921072146,0.0,119.99999999999999,-5.076142131979697
4092,34.907,14.03511275797313,100.0,108.95897062599343,0.0,124.99999999999999,-5.076142131979701
4093,35.576,12.286251515751772,88.6673885598346,95.87749794360667,0.0,129.99999999999997,-5.076142131979701
4094,36.037,8.198605521924645,92.96449276371533,96.08695615366028,0.0,134.99999999999997,-5.076142131979701
4095,37.402,6.931563863161676,71.22024267938968,73.07566441057166,0.0,140.0,-5.076142131979694
4096,38.652,4.338733738655382,45.262119951841065,44.524711558516756,0.0,145.0,-5.076142131979694
4097,39.63,2.718403614745656,13.691010900444567,16.409414515190225,0.0,150.0,0.0
4098,52.677,1.5762553271206825,2.8415885201558027,53.66784384727649,0.0,150.0,49.25
4099,51.603,0.6056934309849942,2.29516690042599,52.15086033141098,0.0,100.0,49.25
4100,49.973,0.0,1.9617311075799635,36.43673110758,0.0,50.0,34.47500000000004
4101,39.195,0.0,0.0,0.0,0.0,14.999999999999972,0.0
4102,39.017,0.0,0.0,0.0,0.0,14.999999999999972,0.0
4103,38.652,0.0,0.0,0.0,0.0,14.999999999999972,0.0
4104,36.04,0.0,0.0,0.0,0.0,14.999999999999972,0.0
4105,36.04,0.0,0.0,0.0,0.0,14.999999999999972,0.0
4106,36.04,0.0,0.0,0.0,0.0,14.999999999999972,0.0
4107,36.04,0.0,0.0,0.0,0.0,14.999999999999972,0.0
4108,36.04,0.0,2.871772042653847,2.871772042653847,0.0,14.999999999999972,0.0
4109,36.04,0.0,8.00342569918228,8.00342569918228,0.0,14.999999999999972,0.0
4110,36.014,0.0,16.585307047941853,16.585307047941853,0.0,14.999999999999972,0.0
4111,38.678,0.0,37.65627596413092,37.65627596413092,0.0,14.999999999999972,0.0
4112,36.65,0.0,62.16811765835344,52.01583339439405,0.0,14.999999999999972,-10.15228426395939
4113,34.783,0.0,80.89606786331525,70.74378359935587,0.0,24.999999999999968,-10.15228426395939
4114,34.265,0.0,96.74747647841599,86.5951922144566,0.0,34.99999999999996,-10.15228426395939
4115,34.113,0.0,100.0,89.84771573604061,0.0,44.99999999999997,-10.15228426395939
4116,34.113,0.0,99.43571885274068,89.28343458878129,0.0,54.99999999999997,-10.15228426395939
4117,35.774,0.0,98.91941466207928,88.76713039811989,0.0,64.99999999999999,-10.15228426395939
4118,35.904,0.0,70.75951338110566,60.607229117146275,0.0,74.99999999999999,-10.152284263959391
4119,36.04,0.0,66.54736333753848,56.3950790735791,0.0,84.99999999999999,-10.152284263959388
4120,36.226,2.1812350502671385,39.512529783592086,31.54148056989984,0.0,94.99999999999997,-10.152284263959388
4121,36.917,14.628333473992445,11.056991069196892,15.533040279229951,0.0,104.99999999999997,-10.152284263959388
4122,49.819,17.237626005968657,2.466530871686311,68.95415687765497,0.0,114.99999999999997,49.25
4123,50.953,17.523543032386808,2.2964823700973387,69.07002540248415,0.0,64.99999999999997,49.25
4124,38.127,18.096625990603734,1.8692829154914443,19.965908906095176,0.0,14.999999999999972,0.0
4125,36.315,17.86073690627923,0.0,17.86073690627923,0.0,14.999999999999972,0.0
4126,36.04,21.81633756591457,0.0,21.81633756591457,0.0,14.999999999999972,0.0
4127,36.04,16.211486757736534,0.0,16.211486757736534,0.0,14.999999999999972,0.0
4128,33.601,11.885739677875677,0.0,11.885739677875677,0.0,14.999999999999972,0.0
4129,33.19,9.232464505118266,0.0,9.232464505118266,0.0,14.999999999999972,0.0
4130,32.866,12.557762585283324,0.0,12.557762585283324,0.0,14.999999999999972,0.0
4131,32.866,14.868289125098459,0.0,14.868289125098459,0.0,14.999999999999972,0.0
4132,32.866,14.426455659473614,2.730789819652178,17.15724547912579,0.0,14.999999999999972,0.0
4133,33.012,13.650983382752973,7.682623463212882,21.333606845965853,0.0,14.999999999999972,0.0
4134,33.832,8.226530070665396,16.266268037622506,24.4927981082879,0.0,14.999999999999972,0.0
4135,34.777,5.197959242284369,37.26982837341497,42.467787615699336,0.0,14.999999999999972,0.0
4136,36.174,8.527811476792344,61.69823733423547,70.22604881102782,0.0,14.999999999999972,0.0
4137,34.128,12.551411502953748,81.13205792512059,93.68346942807435,0.0,14.999999999999972,0.0
4138,34.511,13.69340739609611,96.0024387555953,109.69584615169141,0.0,14.999999999999972,0.0
4139,33.114,18.48145408171325,100.0,118.48145408171325,0.0,14.999999999999972,0.0
4140,32.448,24.376835882471028,100.0,124.37683588247103,0.0,14.999999999999973,0.0
4141,32.448,27.20283302848106,98.49967532644473,125.70250835492578,0.0,14.999999999999972,0.0
4142,32.448,35.73615122044277,85.88420631320282,121.6203575336456,0.0,14.999999999999972,0.0
4143,32.448,40.733346545700876,63.958370108371994,104.69171665407288,0.0,14.999999999999972,0.0
4144,33.223,47.99414473207883,36.908662397474956,84.90280712955379,0.0,14.999999999999972,0.0
4145,34.331,47.693985160887486,11.391395410586295,59.08538057147378,0.0,14.999999999999972,0.0
4146,34.883,44.5657169619399,1.1568157390775964,45.72253270101749,0.0,14.999999999999972,0.0
4147,34.034,44.95678242015425,0.3845722235599632,43.49548477753977,0.0,14.999999999999972,-1.8458698661744362
4148,32.921,49.944592419262044,1.36512489569989,49.4638474487875,0.0,16.81818181818179,-1.8458698661744362
4149,31.98,54.53660276312657,0.0,52.69073289695213,0.0,18.636363636363612,-1.845869866174436
4150,31.521,73.50040470405906,0.0,71.65453483788463,0.0,20.454545454545432,-1.8458698661744362
4151,31.521,90.29782183186357,0.0,88.45195196568913,0.0,22.272727272727245,-1.8458698661744366
4152,26.497,108.02253939939519,0.0,106.17666953322075,0.0,24.090909090909065,-1.8458698661744366
4153,26.497,114.53581091971418,0.0,112.68994105353974,0.0,25.909090909090885,-1.8458698661744366
4154,26.497,116.97972043403604,0.0,115.1338505678616,0.0,27.727272727272698,-1.845869866174437
4155,26.497,111.14186688455025,0.0,109.29599701837581,0.0,29.54545454545452,-1.845869866174437
4156,26.497,99.12182273856632,1.2165359236986844,98.49248879609057,0.0,31.36363636363633,-1.8458698661744368
4157,27.127,90.12418340639087,5.703927970210617,93.98224151042704,0.0,33.181818181818144,-1.845869866174437
4158,27.428,80.9208722035384,6.204626072772619,85.27962841013658,0.0,34.99999999999997,-1.845869866174437
4159,24.749,61.26841704885,0.651433199393652,60.07398038206921,0.0,36.81818181818179,-1.845869866174437
4160,22.167,39.70159167285014,0.8422754172183451,38.69799722389405,0.0,38.63636363636361,-1.8458698661744373
4161,14.385,41.59087389105339,8.697765600838553,48.4427696257175,0.0,40.454545454545425,-1.8458698661744375
4162,14.696,39.56363406963392,28.225299368279412,65.94306357173889,0.0,42.272727272727245,-1.845869866174438
4163,14.565,43.29374708982228,73.9367933047747,115.38467052842253,0.0,44.090909090909065,-1.8458698661744384
4164,14.565,51.49430930977602,88.91705569048034,138.5654951340819,0.0,45.90909090909088,-1.8458698661744384
4165,14.565,58.18267511614343,88.27884785865689,144.61565310862588,0.0,47.72727272727269,-1.8458698661744384
4166,14.7,49.329730818476406,78.2303387183502,125.71419967065216,0.0,49.54545454545452,-1.8458698661744384
4167,23.104,50.12014070594172,61.077008063741765,109.35127890350904,0.0,51.36363636363633,-1.8458698661744384
4168,27.705,47.86160936365332,39.1861188436522,85.20185834113109,0.0,53.18181818181815,-1.8458698661744384
4169,28.567,49.00047340184016,11.454073500896406,58.60867703656213,0.0,54.99999999999997,-1.8458698661744375
4170,33.969,50.73627468141782,1.3025504423190581,50.19295525756244,0.0,56.818181818181785,-1.8458698661744384
4171,32.276,61.23262455663167,0.5282834349111176,59.91503812536835,0.0,58.6363636363636,-1.8458698661744393
4172,32.972,59.87933946380551,1.4204834356170826,59.45395303324815,0.0,60.45454545454541,-1.8458698661744393
4173,29.229,71.30846206547172,0.0,69.46259219929728,0.0,62.27272727272724,-1.8458698661744393
4174,27.101,83.3766536281498,0.0,81.53078376197536,0.0,64.09090909090907,-1.8458698661744393
4175,26.815,101.64002701462493,0.0,99.7941571484505,0.0,65.90909090909088,-1.845869866174441
4176,25.03,118.78679270081376,0.0,116.94092283463932,0.0,67.7272727272727,-1.8458698661744393
4177,24.187,96.96384815721959,0.0,95.11797829104515,0.0,69.54545454545453,-1.8458698661744393
4178,24.187,88.48317365265501,0.0,86.63730378648057,0.0,71.36363636363636,-1.8458698661744322
4179,24.187,76.1026701956567,0.0,74.25680032948227,0.0,73.18181818181817,-1.8458698661744322
4180,24.187,86.13333714441487,0.5157561983392053,81.8902100940231,0.0,75.0,-4.7588832487309745
4181,25.107,92.60294454981337,5.183909087279474,93.02797038836187,0.0,79.6875,-4.7588832487309745
4182,25.608,87.51241513418853,12.979261381206022,95.73279326666358,0.0,84.37500000000001,-4.758883248730971
4183,23.852,138.74856338728898,24.401752599458067,158.39143273801608,0.0,89.06250000000001,-4.758883248730967
4184,14.7,114.58100943455736,27.31491036325548,137.13703654908187,0.0,93.75,-4.758883248730964
4185,13.961,105.9598278669605,51.619788653984955,152.82073327221448,0.0,98.4375,-4.758883248730966
4186,13.926,169.84260583464257,58.36188363066246,223.44560621657405,0.0,103.125,-4.758883248730964
4187,13.926,130.45450915096472,61.752854543734216,187.44848044596796,0.0,107.8125,-4.758883248730964
4188,13.949,146.96103077935928,78.06633061397895,220.26847814460726,0.0,112.5,-4.758883248730964
4189,14.064,227.94487289094815,62.89074080978489,286.07673045200204,0.0,117.1875,-4.758883248730964
4190,14.7,243.82559585563985,62.43271026112712,300.0,1.4994228680359951,121.875,-4.758883248730965
4191,23.316,200.4832360518315,56.43636811599874,252.16072091909928,0.0,126.5625,-4.758883248730962
4192,24.187,200.12029280570368,29.301810216477225,224.66321977344995,0.0,131.25,-4.758883248730963
4193,26.187,175.5712543753759,15.5681645557824,186.38053568242734,0.0,135.9375,-4.758883248730964
4194,28.777,164.01544538912012,5.744197478031133,165.0007596184203,0.0,140.625,-4.758883248730964
4195,34.134,151.17567264479754,2.5450059219741203,148.96179531804069,0.0,145.3125,-4.758883248730964
4196,34.821,148.28252886459455,0.5723015344567739,198.10483039905134,0.0,150.0,49.25
4197,33.781,146.70610330988518,0.0,144.49908499163314,0.0,100.0,-2.207018318252043
4198,28.25,147.7131347625441,0.0,145.50611644429205,0.0,102.17391304347827,-2.207018318252043
4199,25.03,133.2841690334153,0.0,131.07715071516327,0.0,104.34782608695653,-2.207018318252043
4200,25.999,117.60118868536868,0.0,115.39417036711664,0.0,106.52173913043478,-2.207018318252044
4201,25.999,107.1658520535928,0.0,104.95883373534076,0.0,108.69565217391303,-2.207018318252045
4202,25.999,99.4902249750923,0.0,97.28320665684026,0.0,110.86956521739128,-2.2070183182520458
4203,25.999,73.46162251211138,0.0,71.25460419385934,0.0,113.04347826086956,-2.2070183182520458
4204,25.999,58.366816034112176,0.4760815678008184,56.63587928366095,0.0,115.21739130434781,-2.207018318252045
4205,25.999,54.00866162910113,3.214688323252695,55.016331634101775,0.0,117.39130434782606,-2.207018318252045
4206,25.729,53.403521213220145,5.237985706918993,56.43448860188709,0.0,119.56521739130434,-2.207018318252045
4207,25.525,49.43444619794206,5.335509382605287,52.5629372622953,0.0,121.7391304347826,-2.207018318252045
4208,16.803,51.50934567751221,8.536223738132724,57.83855109739289,0.0,123.91304347826086,-2.207018318252045
4209,14.526,50.129515902590036,10.623633866018405,58.5461314503564,0.0,126.08695652173913,-2.207018318252043
4210,14.663,42.49620743045289,24.285068163617428,64.57425727581828,0.0,128.26086956521738,-2.207018318252043
4211,14.385,45.586655274102206,19.019621553312053,62.399258509162216,0.0,130.43478260869563,-2.207018318252045
4212,14.247,46.46036165735252,20.8157807943149,65.06912413341539,0.0,132.60869565217388,-2.207018318252043
4213,14.385,18.335962496967397,15.202656580337345,31.3316007590527,0.0,134.78260869565216,-2.207018318252043
4214,14.385,6.593034651287415,14.166457198807295,18.552473531842672,0.0,136.95652173913044,-2.2070183182520395
4215,14.385,0.0,10.524942485140103,8.317924166888064,0.0,139.13043478260872,-2.2070183182520395
4216,15.464,0.0,7.345542937836233,5.1385246195842,0.0,141.30434782608697,-2.2070183182520324
4217,25.822,0.0,8.379963314341467,6.172944996089434,0.0,143.47826086956525,-2.2070183182520324
4218,26.916,5.4362670787175285,7.169493987905002,10.398742748370505,0.0,145.6521739130435,-2.2070183182520253
4219,30.42,14.688402944816463,2.5972230152057545,15.07860764177019,0.0,147.82608695652175,-2.2070183182520253
4220,29.022,23.89398498965464,0.029352907981503817,23.923337897636145,0.0,150.0,0.0
4221,27.428,30.05284732841796,0.0,30.05284732841796,0.0,150.0,0.0
4222,26.361,23.57024123611406,0.0,23.57024123611406,0.0,150.0,0.0
4223,25.591,35.8939718833238,0.0,35.8939718833238,0.0,150.0,0.0
4224,30.918,38.326419063646796,0.0,38.326419063646796,0.0,150.0,0.0
4225,30.918,41.5004788684609,0.0,41.5004788684609,0.0,150.0,0.0
4226,30.918,45.09609867517147,0.0,45.09609867517147,0.0,150.0,0.0
4227,30.918,51.87248604197613,0.0,51.87248604197613,0.0,150.0,0.0
4228,30.918,58.59264778241214,0.7753650135558047,59.36801279596795,0.0,150.0,0.0
4229,31.396,53.17641353594692,5.107678449423318,58.28409198537024,0.0,150.0,0.0
4230,32.723,53.020611848482375,12.015340504510954,65.03595235299333,0.0,150.0,0.0
4231,33.294,59.31495067709483,12.253903873320182,71.56885455041501,0.0,150.0,0.0
4232,31.481,63.96863335000329,43.5353510606642,107.50398441066748,0.0,150.0,0.0
4233,25.839,62.578255879654094,53.798436020493625,116.37669190014772,0.0,150.0,0.0
4234,26.207,86.43065770435403,56.53207405237588,142.9627317567299,0.0,150.0,0.0
4235,20.351,88.70619919907558,73.97641037100108,162.68260957007666,0.0,150.0,0.0
4236,18.251,97.7887669349332,86.15731531943219,183.94608225436536,0.0,150.0,0.0
4237,18.251,111.30893613072915,77.8080037259744,189.11693985670354,0.0,150.0,0.0
4238,18.251,142.99799149224197,78.27537171550873,221.2733632077507,0.0,150.0,0.0
4239,30.441,167.79182551255064,55.022026081245755,222.81385159379641,0.0,150.0,0.0
4240,31.808,171.93574958050067,37.230566686078056,209.16631626657872,0.0,150.0,0.0
4241,32.794,170.3022903041507,14.135423602013406,184.4377139061641,0.0,150.0,0.0
4242,33.702,145.17290070916874,3.325868198074722,148.49876890724346,0.0,150.00000000000003,0.0
4243,37.739,168.55698575130444,0.9372684569651526,218.74425420826958,0.0,150.0,49.25
4244,40.305,185.369344027037,0.8613303940628854,235.48067442109988,0.0,100.0,49.25
4245,35.257,190.005436730611,0.0,193.83599228616654,0.0,50.0,3.8305555555555593
4246,33.67,191.80081590864327,0.0,195.63137146419882,0.0,46.11111111111111,3.830555555555559
4247,32.597,178.4277581370774,0.0,182.25831369263295,0.0,42.222222222222214,3.830555555555558
4248,33.36,164.847087922193,0.0,168.67764347774855,0.0,38.33333333333332,3.830555555555558
4249,33.36,168.52994174864074,0.0,172.3604973041963,0.0,34.44444444444443,3.8305555555555584
4250,33.36,175.33602984782797,0.0,179.16658540338352,0.0,30.555555555555536,3.8305555555555584
4251,33.36,163.30928244165213,0.0,167.13983799720768,0.0,26.666666666666647,3.8305555555555584
4252,33.36,150.29347659257013,0.9963882505865727,155.12042039871224,0.0,22.777777777777754,3.8305555555555575
4253,33.36,189.36029748832243,7.340175830481568,200.53102887435955,0.0,18.88888888888886,3.8305555555555557
4254,33.36,223.72180537826193,14.02986935758774,237.75167473584966,0.0,14.999999999999972,0.0
4255,32.554,229.84156276395643,11.725859405790773,238.72983886539262,0.0,14.999999999999972,-2.8375833043545704
4256,31.812,224.9038419873914,28.239103968414657,250.30536265145147,0.0,17.79501955478922,-2.8375833043545704
4257,30.473,214.1115126043252,38.48160820375682,249.75553750372745,0.0,20.59003910957847,-2.8375833043545704
4258,30.789,244.3174709987579,54.69069338257898,296.17058107698233,0.0,23.38505866436772,-2.8375833043545704
4259,31.295,241.09498711583979,90.0576123571048,300.0,7.5733368575876625,26.18007821915697,-23.579262615356924
4260,31.365,241.11499399615738,98.23573925062449,300.0,15.771470631424961,49.40565189528354,-23.579262615356924
4261,32.298,223.57926261535692,100.0,300.0,0.0,72.63122557141011,-23.579262615356924
4262,32.811,225.23492747704807,93.0876446896062,300.0,0.0,95.85679924753669,-18.322572166654254
4263,32.999,215.1210086854111,71.76478564549603,268.5632221642529,0.0,113.90453283169113,-18.322572166654254
4264,33.8,217.84262447057608,43.80017492315903,243.32022722708086,0.0,131.95226641584557,-18.322572166654254
4265,34.798,198.0448500324337,12.210648428489499,210.25549846092318,0.0,150.0,0.0
4266,34.51,176.92912733068383,1.4435133854024933,178.37264071608632,0.0,150.0,0.0
4267,38.923,169.00680500325987,1.0443489022304155,219.30115390549028,0.0,150.0,49.25
4268,39.194,144.96581537258575,1.7588470436681176,143.90458345404292,0.0,100.0,-2.820078962210946
4269,33.36,136.03897972897096,0.0,133.21890076676002,0.0,102.77777777777779,-2.820078962210946
4270,33.36,105.02519148919534,0.0,102.2051125269844,0.0,105.55555555555554,-2.8200789622109452
4271,33.36,105.46274014463975,0.0,102.64266118242881,0.0,108.33333333333331,-2.8200789622109452
4272,33.13,115.013424039275,0.0,112.19334507706405,0.0,111.1111111111111,-2.820078962210946
4273,33.13,115.66719932312512,0.0,112.84712036091418,0.0,113.88888888888886,-2.820078962210946
4274,33.13,104.90614294259973,0.0,102.08606398038879,0.0,116.66666666666664,-2.820078962210946
4275,33.13,107.10863666959285,0.0,104.28855770738191,0.0,119.44444444444443,-2.8200789622109443
4276,33.13,105.5633252645124,1.1506823433934963,103.89392864569496,0.0,122.2222222222222,-2.8200789622109443
4277,33.13,86.21864024926413,7.660789625678024,91.0593509127312,0.0,124.99999999999997,-2.8200789622109443
4278,33.39,122.98018359001493,15.757772393058001,135.917877020862,0.0,127.77777777777774,-2.820078962210946
4279,34.466,110.6096130486206,17.377657266362633,125.16719135277229,0.0,130.55555555555551,-2.820078962210946
4280,34.063,102.25466797777412,40.20728066515502,139.6418696807182,0.0,133.33333333333331,-2.8200789622109426
4281,32.926,83.27488959670276,58.966321359724425,139.42113199421624,0.0,136.11111111111111,-2.8200789622109426
4282,34.455,68.36829757087304,80.45887985937226,146.00709846803434,0.0,138.88888888888889,-2.8200789622109426
4283,34.295,45.46340740144764,100.0,142.64332843923668,0.0,141.66666666666666,-2.8200789622109426
4284,34.295,38.15213243197242,100.0,135.3320534697615,0.0,144.44444444444446,-2.8200789622109284
4285,35.401,31.93923317714767,100.0,129.11915421493677,0.0,147.22222222222223,-2.8200789622109284
4286,37.37,30.64292885923881,89.74815842095761,120.39108728019642,0.0,150.0,0.0
4287,36.892,29.990577533520415,65.48431971928025,95.47489725280067,0.0,150.0,0.0
4288,37.586,27.226456527374246,40.27869759090822,92.13015411828248,0.0,150.0,24.625000000000014
4289,38.706,23.1214845344778,12.403363677314843,84.77484821179264,0.0,124.99999999999999,49.25
4290,43.914,19.593440018384733,2.306790792339518,0.0,0.0,75.0,-21.900230810724253
4291,50.457,14.685721801685778,1.2669163027613513,47.05078954278211,0.0,96.5717273485634,31.09815143833498
4292,50.457,11.419753648822812,1.5057563415263664,62.17550999034918,0.0,64.99999999999997,49.25
4293,47.166,13.014590366800013,0.0,13.014590366800013,0.0,14.999999999999972,0.0
4294,40.805,12.220480894646597,0.0,12.220480894646597,0.0,14.999999999999972,0.0
4295,36.913,13.541531385128149,0.0,7.514460496475213,0.0,14.999999999999972,-6.027070888652936
4296,34.08,11.148149865909161,0.0,5.121078977256225,0.0,20.936664825323113,-6.027070888652936
4297,34.08,10.5079702623709,0.0,4.480899373717964,0.0,26.873329650646255,-6.027070888652936
4298,34.08,9.05905071137399,0.0,3.0319798227210537,0.0,32.8099944759694,-6.027070888652936
4299,34.457,6.027070888652942,0.0,0.0,0.0,38.74665930129254,-6.027070888652936
4300,34.457,5.702606329296081,2.260750523983493,1.936285964626638,0.0,44.68332412661568,-6.027070888652936
4301,34.457,0.0,7.610872613066699,1.583801724413763,0.0,50.61998895193882,-6.027070888652936
4302,36.42,0.0,16.06263215949904,10.035561270846102,0.0,56.556653777261964,-6.027070888652936
4303,37.13,0.0,33.072805317241865,24.188878271819036,0.0,62.493318602585106,-8.883927045422828
4304,34.522,0.0,54.51882619640598,45.63489915098315,0.0,71.2439867423266,-8.883927045422828
4305,33.094,0.0,71.36355207582365,62.47962503040082,0.0,79.99465488206809,-8.883927045422828
4306,33.094,0.0,86.42991643786613,77.5459893924433,0.0,88.74532302180958,-8.883927045422828
4307,33.094,0.0,93.22621149294899,84.34228444752617,0.0,97.49599116155107,-8.88392704542283
4308,32.905,0.0,84.2492588827172,75.36533183729438,0.0,106.24665930129257,-8.88392704542283
4309,32.905,0.0,78.66776889232888,69.78384184690606,0.0,114.99732744103405,-8.883927045422826
4310,34.447,0.0,76.3834186486511,67.49949160322828,0.0,123.74799558077555,-8.883927045422823
4311,35.74,0.0,55.89453746713674,47.010610421713935,0.0,132.49866372051704,-8.883927045422809
4312,37.695,0.0,29.339525778261176,20.455598732838368,0.0,141.24933186025854,-8.883927045422809
4313,40.279,0.0,15.326091149248528,64.57609114924853,0.0,150.0,49.25
4314,49.189,0.0,6.994021149428342,56.24402114942834,0.0,100.0,49.25
4315,39.344,4.494616836400882,0.6214338374466946,39.59105067384761,0.0,50.0,34.47500000000004
4316,36.456,29.073105784254622,1.0285821526824501,30.101687936937072,0.0,14.999999999999972,0.0
4317,34.457,61.797689215305304,0.0,61.797689215305304,0.0,14.999999999999972,0.0
4318,33.463,65.56683317008303,0.0,65.56683317008303,0.0,14.999999999999972,0.0
4319,33.463,100.67915469427712,0.0,100.67915469427712,0.0,14.999999999999972,0.0
4320,25.995,132.9005765962326,0.0,132.9005765962326,0.0,14.999999999999972,0.0
4321,25.942,170.10033453498113,0.0,170.10033453498113,0.0,14.999999999999972,0.0
4322,25.942,155.33700550552652,0.0,155.33700550552652,0.0,14.999999999999972,0.0
4323,25.942,141.1871849578629,0.0,141.1871849578629,0.0,14.999999999999972,0.0
4324,25.942,130.66764505794623,0.0,130.66764505794623,0.0,14.999999999999972,0.0
4325,25.942,130.4689338428709,3.2147398360467303,133.68367367891764,0.0,14.999999999999972,0.0
4326,26.313,123.81589246710529,11.305461315773156,135.12135378287843,0.0,14.999999999999972,0.0
4327,25.917,120.41696222244909,17.44416410257507,137.86112632502414,0.0,14.999999999999972,0.0
4328,22.612,91.1315935631827,31.681627993088707,122.81322155627142,0.0,14.999999999999972,0.0
4329,22.132,82.8912279211891,57.9259770219965,140.8172049431856,0.0,14.999999999999972,0.0
4330,22.132,68.36896248675015,88.56851858958909,156.93748107633922,0.0,14.999999999999972,0.0
4331,19.918,71.16985442934845,100.0,171.16985442934845,0.0,14.999999999999972,0.0
4332,19.918,71.10691713899745,99.90596843341277,171.0128855724102,0.0,14.999999999999972,0.0
4333,20.015,72.19726948632575,90.98706304976825,163.18433253609402,0.0,14.999999999999972,0.0
4334,22.784,92.04967216921416,77.90642602301163,169.9560981922258,0.0,14.999999999999972,0.0
4335,24.384,75.47182815437355,52.75843144654948,128.23025960092303,0.0,14.999999999999972,0.0
4336,26.32,91.38492325586236,36.957959517313505,128.34288277317586,0.0,14.999999999999972,0.0
4337,26.789,86.4983532387386,11.869097345564375,98.36745058430297,0.0,14.999999999999972,0.0
4338,29.076,55.544710984329505,1.5386391058314932,57.083350090161,0.0,14.999999999999972,0.0
4339,32.078,44.05876772126514,2.1914036859752675,46.25017140724041,0.0,14.999999999999972,0.0
4340,33.42,40.27707338591977,1.9458185034026225,39.36756194008381,0.0,14.999999999999972,-2.85532994923858
4341,28.941,44.857445342039895,0.0,42.002115392801315,0.0,17.812499999999975,-2.85532994923858
4342,26.32,44.29075245608324,0.0,41.43542250684466,0.0,20.62499999999997,-2.8553299492385795
4343,26.307,49.37930790187411,0.0,46.523977952635526,0.0,23.437499999999986,-2.855329949238579
4344,24.003,70.24171312382504,0.0,67.38638317458646,0.0,26.25,-2.8553299492385786
4345,24.003,86.32388851554649,0.0,83.4685585663079,0.0,29.062500000000014,-2.8553299492385786
4346,24.003,89.92460760989083,0.0,87.06927766065225,0.0,31.875000000000014,-2.8553299492385786
4347,24.003,79.05663585801275,0.0,76.20130590877417,0.0,34.687500000000014,-2.8553299492385786
4348,24.003,85.53200675446222,1.697642690221946,84.37431949544558,0.0,37.500000000000014,-2.855329949238578
4349,24.003,97.81354127825848,7.692233634877706,102.65044496389761,0.0,40.31250000000003,-2.8553299492385786
4350,24.184,133.59739081965068,15.884148234365062,146.62620910477716,0.0,43.125,-2.8553299492385786
4351,24.003,144.83624100365358,29.949932142534212,171.9308431969492,0.0,45.9375,-2.855329949238579
4352,15.122,130.30740082454105,38.9185947135083,166.37066558881077,0.0,48.749999999999986,-2.8553299492385795
4353,14.287,120.81088575053215,48.250138416204976,166.20569421749855,0.0,51.56249999999997,-2.8553299492385795
4354,13.678,94.76224676847423,64.59240078781498,156.4993176070506,0.0,54.375,-2.8553299492385795
4355,13.678,101.0791808533028,77.78957116081085,176.01342206487507,0.0,57.1875,-2.8553299492385795
4356,13.678,113.90845345169929,90.59059455061963,201.64371805308033,0.0,60.0,-2.8553299492385795
4357,13.781,102.65061267088859,85.19385814967403,184.98914087132403,0.0,62.8125,-2.855329949238579
4358,14.169,96.4066318110671,77.50359143775353,171.05489329958203,0.0,65.62500000000001,-2.8553299492385786
4359,14.652,88.09231580012043,60.95728189157097,146.19426774245284,0.0,68.43750000000001,-2.8553299492385795
4360,20.735,74.61778878804508,37.12361830775171,108.88607714655821,0.0,71.25000000000003,-2.8553299492385795
4361,24.886,51.413816260493206,12.262676275070854,60.82116258632548,0.0,74.06250000000003,-2.855329949238579
4362,27.103,29.166356860553655,1.1961713822759612,27.507198293591035,0.0,76.87500000000003,-2.8553299492385795
4363,30.373,30.762355821335042,1.7085562184091432,29.615582090505605,0.0,79.68750000000003,-2.85532994923858
4364,34.959,32.18949024798362,1.6270801566496635,30.9612404553947,0.0,82.50000000000001,-2.8553299492385795
4365,33.756,32.0735655787894,0.0,29.21823562955082,0.0,85.3125,-2.85532994923858
4366,26.547,35.39772915449105,0.0,32.54239920525247,0.0,88.12500000000001,-2.8553299492385795
4367,24.837,34.38212209808804,0.0,31.52679214884946,0.0,90.93750000000003,-2.8553299492385795
4368,28.102,26.12462749798606,0.0,23.26929754874748,0.0,93.75000000000003,-2.8553299492385795
4369,28.102,22.882428699260803,0.0,20.027098750022223,0.0,96.56250000000003,-2.8553299492385795
4370,28.102,27.408041940457068,0.0,24.552711991218487,0.0,99.37500000000003,-2.8553299492385795
4371,28.102,20.89441502063189,0.0,18.03908507139331,0.0,102.18750000000006,-2.8553299492385795
4372,27.966,21.359314858063016,0.0,18.50398490882444,0.0,105.00000000000006,-2.8553299492385777
4373,27.966,39.35948180498686,0.9234211524284407,37.42757300817672,0.0,107.81250000000006,-2.855329949238577
4374,27.966,47.955282320165,7.508454205295177,52.6084065762216,0.0,110.62500000000006,-2.8553299492385786
4375,27.966,45.90758963073746,18.24578130143285,61.298040982931724,0.0,113.43750000000003,-2.8553299492385786
4376,22.183,51.25433155005254,46.99295677127147,95.39195837208544,0.0,116.25000000000003,-2.8553299492385786
4377,18.036,62.60890018701726,73.04759875885858,132.80116899663727,0.0,119.06250000000003,-2.855329949238577
4378,14.635,62.187736225292575,64.50196571683689,123.83437199289088,0.0,121.87500000000001,-2.855329949238577
4379,14.526,84.21044221083298,87.93609131242631,169.2912035740207,0.0,124.68750000000001,-2.855329949238577
4380,14.526,102.34221864078731,97.68077987525189,197.16766856680061,0.0,127.5,-2.855329949238577
4381,14.526,148.13861400853773,79.8573751466928,225.14065920599194,0.0,130.3125,-2.855329949238577
4382,15.087,164.57191891749096,67.43717873258369,229.15376770083606,0.0,133.125,-2.855329949238577
4383,18.036,154.22726419513197,53.00686400595895,204.37879825185234,0.0,135.9375,-2.8553299492385804
4384,26.878,134.81464497906111,37.32829969026362,169.28761472008614,0.0,138.75,-2.8553299492385733
4385,27.805,127.03883154077761,13.878376437511664,138.06187802905072,0.0,141.56250000000003,-2.855329949238566
4386,32.243,99.09418820770398,1.2615091365253674,97.50036739499079,0.0,144.37500000000003,-2.855329949238552
4387,33.823,81.20681297893708,0.9914697357254035,79.34295276542393,0.0,147.18750000000003,-2.855329949238552
4388,38.065,68.62908034886695,1.6444201825103133,70.27350053137727,0.0,150.0,0.0
4389,35.435,67.44989939371686,0.0,74.16580848462596,0.0,150.0,6.715909090909089
4390,33.689,67.07211761635104,0.0,73.78802670726013,0.0,143.1818181818182,6.715909090909091
4391,32.275,78.81008501093687,0.0,85.52599410184597,0.0,136.36363636363637,6.71590909090909
4392,33.113,110.46975888263302,0.0,117.18566797354211,0.0,129.54545454545456,6.715909090909092
4393,33.113,125.91716626883411,0.0,132.6330753597432,0.0,122.72727272727276,6.715909090909092
4394,33.113,120.14783634959684,0.0,126.86374544050594,0.0,115.90909090909095,6.7159090909090935
4395,33.113,115.37954851168526,0.0,122.09545760259435,0.0,109.09090909090914,6.7159090909090935
4396,33.447,91.10252006687051,0.1553079388808449,97.97373709666044,0.0,102.27272727272731,6.7159090909090935
4397,33.849,69.42559255210982,7.10604310649996,83.24754474951887,0.0,95.45454545454547,6.71590909090909
4398,34.567,75.87545453147638,15.733183995729757,98.32454761811523,0.0,88.63636363636365,6.7159090909090935
4399,35.84,71.77331791628241,32.54835178353068,111.03757879072218,0.0,81.81818181818184,6.7159090909090935
4400,35.178,82.08621800762207,50.3433022999421,124.81530710959461,0.0,75.0,-7.614213197969548
4401,33.907,92.27958130270537,50.69622423240673,135.36159233714255,0.0,82.5,-7.614213197969548
4402,34.01,77.04731133161565,72.2979069965456,141.7310051301917,0.0,90.0,-7.614213197969541
4403,34.567,85.78292442475627,89.36771322345535,167.53642445024207,0.0,97.5,-7.614213197969544
4404,34.492,77.28769627556673,94.315977762814,163.9894608404112,0.0,105.0,-7.614213197969541
4405,34.801,42.90458564676895,81.79058294793988,117.08095539673928,0.0,112.5,-7.614213197969542
4406,34.801,31.458170802917873,78.2595530083589,102.10351061330724,0.0,120.0,-7.614213197969541
4407,35.591,24.851190306624844,58.80765079014479,76.04462789880009,0.0,127.5,-7.614213197969542
4408,38.648,21.846109825468304,35.81686665448806,50.04876328198682,0.0,135.0,-7.614213197969541
4409,53.074,16.65149371302403,12.515771116512076,21.553051631566568,0.0,142.5,-7.614213197969541
4410,53.074,12.38341142024441,1.2045274238103643,62.837938844054776,0.0,150.0,49.25
4411,53.074,9.91166570287968,2.1084514863885566,61.270117189268234,0.0,100.0,49.25
4412,45.739,6.783994991759146,1.5868290106495315,8.370824002408677,0.0,50.0,0.0
4413,38.633,5.206522735309624,0.0,5.206522735309624,0.0,50.0,0.0
4414,37.855,5.068449538033542,0.0,5.068449538033542,0.0,50.0,0.0
4415,37.644,7.314504702022223,0.0,7.314504702022223,0.0,50.0,0.0
4416,37.399,6.498540635886605,0.0,6.498540635886605,0.0,50.0,0.0
4417,37.399,2.465769439279799,0.0,2.465769439279799,0.0,50.0,0.0
4418,37.399,0.0,0.0,0.0,0.0,50.0,0.0
4419,37.399,0.7183552355733734,0.0,0.0,0.0,50.0,-0.7183552355733696
4420,37.399,5.81635404181851,1.6471790642563167,2.801283643206066,0.0,50.70757990703977,-4.662249462868761
4421,37.399,10.714720329103757,7.603261364666795,13.65573223090179,0.0,55.299895627965505,-4.662249462868761
4422,36.169,8.624336582691384,15.628127922182165,19.590215042004793,0.0,59.89221134889124,-4.662249462868759
4423,36.837,6.452233614967314,34.508747800525335,36.29873195262389,0.0,64.48452706981698,-4.6622494628687585
4424,36.934,9.870904856472926,54.47385352066591,59.68250891427009,0.0,69.07684279074269,-4.662249462868759
4425,35.408,13.898882626981418,43.14636425018192,52.38299741429458,0.0,73.6691585116684,-4.662249462868761
4426,34.564,10.626610615550655,55.145580338265034,61.10994149094694,0.0,78.26147423259413,-4.662249462868761
4427,34.564,12.16019711212072,53.66982661597795,61.1677742652299,0.0,82.85378995351985,-4.662249462868763
4428,34.564,11.215884553207825,37.70444657599053,44.258081666329595,0.0,87.44610567444558,-4.662249462868765
4429,36.837,9.017323072071886,33.85780583027196,38.21287943947508,0.0,92.03842139537132,-4.662249462868765
4430,36.837,2.5768453506461486,29.289691818382334,27.204287706159718,0.0,96.63073711629706,-4.662249462868765
4431,37.399,0.0,34.04303489473868,29.380785431869917,0.0,101.22305283722278,-4.662249462868765
4432,37.603,0.0,24.845510784999078,20.183261322130313,0.0,105.8153685581485,-4.662249462868765
4433,43.981,0.0,14.172255142546538,9.510005679677773,0.0,110.40768427907423,-4.662249462868765
4434,54.389,0.0,7.318112762125188,56.56811276212519,0.0,114.99999999999997,49.25
4435,53.979,0.0,2.0061995119965315,51.256199511996535,0.0,64.99999999999997,49.25
4436,45.792,0.0,0.0,0.0,0.0,14.999999999999972,0.0
4437,38.263,7.726085246576094,0.0,7.726085246576094,0.0,14.999999999999972,0.0
4438,37.399,12.764780722011064,0.0,12.764780722011064,0.0,14.999999999999972,0.0
4439,37.399,20.907714614464417,0.0,20.907714614464417,0.0,14.999999999999972,0.0
4440,36.559,24.102231500266576,0.0,24.102231500266576,0.0,14.999999999999972,0.0
4441,36.559,25.897791380418266,0.0,25.897791380418266,0.0,14.999999999999972,0.0
4442,36.559,26.97166312542255,0.0,26.97166312542255,0.0,14.999999999999972,0.0
4443,36.559,27.380118419604067,0.0,27.380118419604067,0.0,14.999999999999972,0.0
4444,36.559,33.53188800510533,0.8415255222769702,34.3734135273823,0.0,14.999999999999972,0.0
4445,36.559,29.887471361087663,7.330984614240374,37.218455975328034,0.0,14.999999999999972,0.0
4446,34.921,16.87059121966827,15.361498427328032,32.2320896469963,0.0,14.999999999999972,0.0
4447,36.172,15.509541846370684,33.79076804666283,49.300309893033514,0.0,14.999999999999972,0.0
4448,36.619,12.726891115524058,56.36014996443641,69.08704107996047,0.0,14.999999999999972,0.0
4449,33.703,10.318334185322755,76.06160888224251,86.37994306756526,0.0,14.999999999999972,0.0
4450,33.703,8.843571491114313,86.62413370251247,95.46770519362678,0.0,14.999999999999972,0.0
4451,33.703,14.74035189510075,90.03582303242837,104.77617492752911,0.0,14.999999999999972,0.0
4452,33.703,16.30631647795376,82.44185881404091,98.74817529199467,0.0,14.999999999999972,0.0
4453,35.524,18.479600695652962,83.53249091726589,102.01209161291885,0.0,14.999999999999972,0.0
4454,35.732,18.383531303878414,73.00784426326474,91.39137556714316,0.0,14.999999999999972,0.0
4455,36.559,16.075810356011687,58.00509975745219,74.08091011346389,0.0,14.999999999999972,0.0
4456,36.608,16.109963607099775,36.55280328865156,52.66276689575133,0.0,14.999999999999972,0.0
4457,38.351,15.55404094143487,13.04869088879187,28.602731830226737,0.0,14.999999999999972,0.0
4458,53.168,18.22559740515887,3.9842416209197458,22.209839026078615,0.0,14.999999999999972,0.0
4459,52.226,21.8583591080724,0.6555506714109128,17.860779491835256,0.0,14.999999999999972,-4.6531302876480565
4460,39.214,23.807747380651005,0.9785347877490436,20.133151880751992,0.0,19.583333333333307,-4.6531302876480565
4461,37.563,30.580637858089432,0.0,25.927507570441378,0.0,24.166666666666657,-4.653130287648056
4462,36.559,37.06206552334707,0.0,32.40893523569902,0.0,28.749999999999986,-4.653130287648056
4463,36.559,33.169898371709266,0.0,28.516768084061212,0.0,33.333333333333314,-4.653130287648056
4464,36.556,30.300618877789102,0.0,25.647488590141045,0.0,37.91666666666664,-4.653130287648056
4465,36.556,28.17885139611271,0.0,23.52572110846465,0.0,42.49999999999997,-4.653130287648056
4466,36.556,32.294145170044985,0.0,27.64101488239693,0.0,47.083333333333314,-4.653130287648056
4467,36.556,40.044429971096676,0.0,35.39129968344862,0.0,51.66666666666666,-4.653130287648056
4468,36.556,36.41710364660929,0.9035455394472709,32.66751889840851,0.0,56.25,-4.653130287648056
4469,36.556,36.859713001409474,6.941565704275505,39.148148418036925,0.0,60.83333333333334,-4.653130287648056
4470,36.556,33.64315697084457,14.63984887946782,43.62987556266434,0.0,65.41666666666666,-4.6531302876480565
4471,39.808,29.99941216165258,26.799755326098463,52.14603720010299,0.0,70.0,-4.6531302876480565
4472,36.575,28.343914273582257,45.93797517426453,69.62875916019874,0.0,74.58333333333334,-4.653130287648056
4473,34.418,32.62987062492339,70.85523212012687,98.8319724574022,0.0,79.16666666666666,-4.653130287648056
4474,33.388,36.55785506357878,80.64081423296152,112.54553900889223,0.0,83.75,-4.653130287648054
4475,32.692,38.61894863350237,95.99863453640451,129.96445288225883,0.0,88.33333333333334,-4.653130287648052
4476,32.692,38.078862034592014,100.0,133.42573174694397,0.0,92.91666666666669,-4.653130287648052
4477,33.207,30.961967125241646,91.07018103619463,117.37901787378821,0.0,97.50000000000003,-4.65313028764805
4478,34.447,26.06226073949323,74.76258312661788,96.17171357846306,0.0,102.08333333333337,-4.653130287648047
4479,36.362,24.58331875346621,51.885821529259005,71.81600999507718,0.0,106.66666666666671,-4.653130287648043
4480,37.706,21.710601314216614,25.522739575216896,42.58021060178547,0.0,111.25000000000004,-4.65313028764804
4481,38.689,16.57302899297043,14.976211327963881,26.89611003328627,0.0,115.83333333333336,-4.65313028764804
4482,52.763,21.997079194136052,3.466537462908184,20.810486369396198,0.0,120.41666666666669,-4.65313028764804
4483,52.763,29.28931057494563,0.49437962183708634,79.03369019678271,0.0,125.0,49.25
4484,42.371,29.34376053206061,1.114019210329107,30.457779742389718,0.0,75.0,0.0
4485,37.026,29.374506835877348,0.0,29.374506835877348,0.0,75.0,0.0
4486,36.556,31.590815954042622,0.0,31.590815954042622,0.0,75.0,0.0
4487,36.556,27.847472834250915,0.0,27.847472834250915,0.0,75.0,0.0
4488,35.403,28.015315575454427,0.0,28.015315575454427,0.0,75.0,0.0
4489,35.403,28.07769032777401,0.0,28.07769032777401,0.0,75.0,0.0
4490,35.403,27.790884393806365,0.0,27.790884393806365,0.0,75.0,0.0
4491,35.403,27.440917663688573,0.0,27.440917663688573,0.0,75.0,0.0
4492,35.403,26.388499551371385,0.0,26.388499551371385,0.0,75.0,0.0
4493,35.403,26.82629117871777,4.3836771254093305,31.209968304127102,0.0,75.0,0.0
4494,35.02,28.43765466110915,9.084724814616067,37.52237947572522,0.0,75.0,0.0
4495,35.748,41.722943362666406,19.529123687228697,61.2520670498951,0.0,75.0,0.0
4496,40.141,44.56720400380165,25.49316206532636,70.06036606912801,0.0,75.0,0.0
4497,35.483,58.85315183264025,41.702692111336965,100.55584394397721,0.0,75.0,0.0
4498,35.12,60.403129801481775,43.19987421632842,103.60300401781019,0.0,75.0,0.0
4499,33.32,65.92511430771074,53.117723673933156,119.0428379816439,0.0,75.0,0.0
4500,33.262,41.186997646132596,45.46984389569091,86.6568415418235,0.0,75.0,0.0
4501,32.9,31.474080045073773,39.06653260646593,70.5406126515397,0.0,75.0,0.0
4502,33.023,21.656778197079216,40.31437017771306,61.97114837479228,0.0,75.0,0.0
4503,33.99,11.029634338579529,32.96342803569291,43.993062374272434,0.0,75.0,0.0
4504,34.457,4.251816120173648,27.437403720281505,31.689219840455152,0.0,75.0,0.0
4505,35.403,0.8065730465218646,15.097241590470267,15.90381463699213,0.0,75.0,0.0
4506,35.513,0.0,6.404373524846049,6.404373524846049,0.0,75.0,0.0
4507,35.867,0.0,1.2872221478580337,1.2872221478580337,0.0,75.0,0.0
4508,41.71,0.0,0.006237698496184887,0.006237698496184887,0.0,75.0,0.0
4509,35.403,0.0,0.0,0.0,0.0,75.0,0.0
4510,35.403,0.0,0.0,0.0,0.0,75.0,0.0
4511,35.403,0.0,0.0,0.0,0.0,75.0,0.0
4512,33.847,0.0,0.0,0.0,0.0,75.0,0.0
4513,33.847,3.3161276412036673,0.0,0.0,0.0,75.00000000000009,-3.316127641203664
4514,33.847,4.50134865116511,0.0,0.0,0.0,78.2663857265857,-4.5013486511651095
4515,33.847,7.283998488121762,0.0,2.729021442299989,0.0,82.70021414798333,-4.554977045821773
4516,33.847,11.510846845608471,0.5358769894698325,7.49174678925653,0.0,87.18686653811778,-4.554977045821773
4517,33.847,17.714058575795217,5.687480604358532,18.846562134331975,0.0,91.67351892825224,-4.554977045821772
4518,33.847,23.474096310553765,9.448137225606079,28.36725649033807,0.0,96.16017131838669,-4.554977045821772
4519,33.484,20.607962907593034,9.777802508813686,25.830788370584948,0.0,100.64682370852113,-4.55497704582177
4520,32.832,16.376892454099476,15.667700216565652,27.489615624843353,0.0,105.13347609865556,-4.55497704582177
4521,31.501,10.895901934570881,25.954907772353202,32.29583266110231,0.0,109.62012848878999,-4.554977045821772
4522,31.112,4.177376181025435,40.80077652783596,40.42317566303962,0.0,114.10678087892443,-4.55497704582177
4523,31.112,4.5343980380188285,58.80049380817313,58.77991480037019,0.0,118.59343326905889,-4.554977045821769
4524,31.112,6.4377867994990705,65.08336971899972,66.96617947267701,0.0,123.08008565919334,-4.554977045821769
4525,31.771,11.82725508111789,61.19967772109395,68.47195575639006,0.0,127.56673804932778,-4.554977045821772
4526,32.032,6.092165330854567,66.15165216699145,67.68884045202427,0.0,132.05339043946222,-4.554977045821765
4527,32.76,1.4562597459055988,59.76295692687464,56.66423962695847,0.0,136.54004282959667,-4.554977045821765
4528,34.327,0.0,39.79614663148992,35.24116958566816,0.0,141.02669521973112,-4.554977045821758
4529,37.554,0.0,12.326129173398853,7.7711521275770945,0.0,145.51334760986558,-4.554977045821758
4530,48.853,0.0,2.2762685618386915,36.75126856183874,0.0,150.0,34.47500000000005
4531,48.853,0.0,0.8326617745152156,50.082661774515216,0.0,114.99999999999997,49.25
4532,48.853,0.0,0.6998314293569109,49.94983142935691,0.0,64.99999999999997,49.25
4533,45.24,0.0,0.0,0.0,0.0,14.999999999999972,0.0
4534,38.822,0.0,0.0,0.0,0.0,14.999999999999972,0.0
4535,35.051,0.0,0.0,0.0,0.0,14.999999999999972,0.0
4536,33.909,0.0,0.0,0.0,0.0,14.999999999999972,0.0
4537,33.412,2.2469498415325146,0.0,0.0,0.0,14.999999999999972,-2.246949841532512
4538,33.209,5.715931891290321,0.0,3.468982049757809,0.0,17.213245593909495,-2.246949841532512
4539,33.209,6.720778087664591,0.0,4.473828246132079,0.0,19.426491187819018,-2.246949841532512
4540,33.209,7.673683105889332,1.086128241548249,5.418401397723367,0.0,21.63973678172854,-3.3414099497142127
4541,32.763,6.5348047345392,6.893862474523975,10.087257259348963,0.0,24.931025582197037,-3.3414099497142127
4542,32.763,1.2937433699415555,14.65976313103307,12.612096551260413,0.0,28.22231438266553,-3.341409949714213
4543,32.763,0.0,34.083828112112926,30.742418162398714,0.0,31.51360318313401,-3.3414099497142136
4544,31.918,0.0,56.384175188524665,53.04276523881045,0.0,34.8048919836025,-3.3414099497142136
4545,25.188,1.263084222513119,74.72615124766253,72.64782552046142,0.0,38.096180784071024,-3.3414099497142136
4546,22.91,0.0,83.93118440414982,80.5897744544356,0.0,41.38746958453952,-3.3414099497142136
4547,22.793,0.0,78.83115560854243,75.48974565882821,0.0,44.678758385008024,-3.3414099497142136
4548,17.043,0.0,75.33654384709752,71.9951338973833,0.0,47.97004718547652,-3.3414099497142136
4549,17.043,3.11989724606449,79.43095796359246,79.20944525994274,0.0,51.261335985945024,-3.341409949714213
4550,17.043,10.442109680306888,75.08936311557422,82.19006284616688,0.0,54.55262478641353,-3.3414099497142136
4551,22.793,14.168096674887595,45.015866124577016,55.8425528497504,0.0,57.84391358688204,-3.341409949714214
4552,29.81,21.07269371147434,30.81439910015672,48.54568286191685,0.0,61.13520238735053,-3.341409949714214
4553,32.763,24.55885904035523,14.714460801060225,35.931909891701245,0.0,64.42649118781901,-3.341409949714215
4554,33.209,28.103877955960133,6.903504900107194,31.665972906353108,0.0,67.7177799882875,-3.3414099497142153
4555,34.395,18.93341508847608,1.3325041553194361,16.924509294081304,0.0,71.009068788756,-3.341409949714215
4556,35.746,26.410518626233053,0.0,23.069108676518837,0.0,74.30035758922448,-3.341409949714216
4557,34.622,33.265002036228594,0.0,29.92359208651438,0.0,77.591646389693,-3.3414099497142153
4558,33.146,22.737989117352033,0.0,19.396579167637817,0.0,80.8829351901615,-3.3414099497142153
4559,32.726,23.152939965292834,0.0,19.81153001557862,0.0,84.17422399063,-3.3414099497142162
4560,33.412,32.55549469441582,0.0,29.214084744701605,0.0,87.46551279109849,-3.3414099497142162
4561,33.412,42.239602195827715,0.0,38.898192246113496,0.0,90.75680159156698,-3.341409949714217
4562,33.412,41.74947020288957,0.0,38.40806025317535,0.0,94.0480903920355,-3.341409949714217
4563,33.412,44.78304466536328,0.0,41.44163471564906,0.0,97.339379192504,-3.3414099497142162
4564,33.412,51.033156599255236,0.0,47.69174664954102,0.0,100.63066799297249,-3.3414099497142162
4565,33.412,64.53981360266587,3.810152607424145,65.0085562603758,0.0,103.921956793441,-3.341409949714217
4566,33.417,50.54019173871625,8.57049214280025,55.76927393180228,0.0,107.21324559390948,-3.341409949714217
4567,34.083,47.83741759935222,20.00476146874079,64.50076911837878,0.0,110.50453439437798,-3.341409949714217
4568,32.809,39.32125980536666,45.1113313485199,81.09118120417234,0.0,113.79582319484649,-3.3414099497142153
4569,30.069,30.7883791349196,52.09617452272515,79.54314370793053,0.0,117.08711199531498,-3.3414099497142153
4570,30.203,26.10457860979423,44.40132573591717,67.16449439599718,0.0,120.37840079578348,-3.3414099497142153
4571,30.203,27.23589326873315,37.54976830909358,61.44425162811251,0.0,123.66968959625197,-3.3414099497142153
4572,30.41,16.381845389649214,39.29572924042819,52.33616468036318,0.0,126.96097839672048,-3.3414099497142153
4573,32.398,4.356558396016625,23.273353680229178,24.288502126531586,0.0,130.25226719718898,-3.3414099497142153
4574,32.756,0.0,13.123614308799366,9.782204359085148,0.0,133.54355599765748,-3.341409949714219
4575,33.412,2.97098904865746,21.871769578072524,21.501348677015766,0.0,136.83484479812597,-3.341409949714219
4576,34.242,32.462190424716084,8.29707647464437,37.41785694964624,0.0,140.1261335985945,-3.341409949714212
4577,35.343,54.696343190694996,10.994397081924738,62.34933032290553,0.0,143.417422399063,-3.3414099497142047
4578,38.72,58.5204486274808,5.346128206552452,60.52516688431905,0.0,146.7087111995315,-3.3414099497142047
4579,47.931,55.99267375244605,0.0948867301740876,105.33756048262015,0.0,150.0,49.25
4580,47.415,66.68905020845231,0.0,115.93905020845231,0.0,100.0,49.25
4581,37.31,72.35568326738924,0.0,68.89467726831218,0.0,50.0,-3.4610059990770656
4582,36.64,76.22841662774671,0.0,72.76741062866965,0.0,53.40909090909091,-3.4610059990770656
4583,33.668,84.73261872339371,0.0,81.27161272431665,0.0,56.81818181818181,-3.461005999077065
4584,33.663,76.09365358602774,0.0,72.63264758695068,0.0,60.22727272727272,-3.4610059990770656
4585,33.663,71.06271663541682,0.0,67.60171063633976,0.0,63.636363636363626,-3.4610059990770656
4586,33.663,74.42017729304497,0.0,70.95917129396791,0.0,67.04545454545455,-3.4610059990770656
4587,33.663,69.76180633741511,0.0,66.30080033833805,0.0,70.45454545454545,-3.4610059990770656
4588,33.663,69.872797493332,0.0,66.41179149425494,0.0,73.86363636363637,-3.4610059990770656
4589,34.009,63.75940863255098,4.384797725212779,64.68320035868669,0.0,77.27272727272728,-3.4610059990770665
4590,34.862,72.22054566926631,12.463509251313793,81.22304892150305,0.0,80.68181818181819,-3.4610059990770665
4591,37.708,85.14687089949005,22.23786834712551,103.9237332475385,0.0,84.0909090909091,-3.4610059990770674
4592,34.207,86.07502353548642,33.097881620261354,115.71189915667071,0.0,87.5,-3.4610059990770665
4593,33.281,79.83827020023031,33.33380231536885,109.7110665165221,0.0,90.9090909090909,-3.4610059990770665
4594,33.357,104.24439345786793,45.0880950442617,145.87148250305256,0.0,94.31818181818181,-3.4610059990770665
4595,33.281,85.62877562787352,43.902973840973104,126.07074346976955,0.0,97.72727272727272,-3.4610059990770665
4596,33.281,96.54792081030048,51.30219535899501,144.38911017021843,0.0,101.13636363636364,-3.4610059990770665
4597,33.557,112.69297357073204,56.36429152230477,165.59625909395973,0.0,104.54545454545455,-3.4610059990770665
4598,33.818,99.8801668788876,46.869285709613486,143.288446589424,0.0,107.95454545454547,-3.461005999077063
4599,33.663,93.16105579723994,32.87961855361685,122.57966835177973,0.0,111.36363636363639,-3.4610059990770594
4600,33.663,77.3411674440735,29.215437155848967,103.09559860084542,0.0,114.77272727272731,-3.4610059990770594
4601,35.036,59.16875921485442,15.431621549241301,71.13937476501866,0.0,118.18181818181819,-3.4610059990770594
4602,38.075,51.255188199817255,6.000339563510136,53.794521764250334,0.0,121.5909090909091,-3.4610059990770594
4603,48.587,40.794892397319174,0.4280079486817169,90.4729003460009,0.0,125.0,49.25
4604,40.485,33.59059538393071,0.17521247040801427,33.765807854338725,0.0,75.0,0.0
4605,34.662,28.95090874748768,0.0,28.95090874748768,0.0,75.0,0.0
4606,34.003,23.422966972343936,0.0,23.422966972343936,0.0,75.0,0.0
4607,34.003,22.955468411275376,0.0,22.955468411275376,0.0,75.0,0.0
4608,34.457,19.12532283553076,0.0,19.12532283553076,0.0,75.0,0.0
4609,34.457,15.848016296379594,0.0,15.848016296379594,0.0,75.0,0.0
4610,34.457,9.953608891050585,0.0,9.953608891050585,0.0,75.0,0.0
4611,34.457,6.489706493467723,0.0,6.489706493467723,0.0,75.0,0.0
4612,34.457,3.7475250193563125,0.2902159444265055,4.037740963782818,0.0,75.0,0.0
4613,34.457,1.0967590482656278,4.969213249074448,6.065972297340076,0.0,75.0,0.0
4614,34.777,3.5654271946872154,11.497866876289613,15.063294070976829,0.0,75.0,0.0
4615,40.959,4.033439365098107,18.734007847245245,22.767447212343352,0.0,75.0,0.0
4616,35.608,2.814245690262601,37.65830380029831,40.472549490560915,0.0,75.0,0.0
4617,32.86,2.2958357957757687,48.41535600289265,50.711191798668416,0.0,75.0,0.0
4618,32.448,14.545581162148867,48.79237103468434,63.3379521968332,0.0,75.0,0.0
4619,30.906,3.0884894223974575,40.87513211004554,43.963621532443,0.0,75.0,0.0
4620,30.359,0.019201272634360365,69.09658403198564,59.542138113051166,0.0,75.0,-9.573647191568837
4621,30.359,0.0,42.498190065499564,32.924542873930726,0.0,84.4300424836953,-9.573647191568837
4622,31.543,3.675719426214897,41.021460567733556,35.123532802379614,0.0,93.8600849673906,-9.573647191568837
4623,33.61,9.466253259891802,38.910270148772724,38.80287621709569,0.0,103.29012745108591,-9.573647191568837
4624,34.777,7.04739266696822,31.045348796334572,28.519094271733955,0.0,112.72016993478121,-9.573647191568837
4625,35.616,1.8049110802219523,14.361243296969976,6.592507185623093,0.0,122.15021241847651,-9.573647191568837
4626,43.347,2.5952917245887583,6.978355466980084,0.0,0.0,131.58025490217182,-9.573647191568837
4627,37.904,6.269213159574095,1.9433403134275133,57.46255347300162,0.0,141.01029738586712,49.250000000000014
4628,44.261,5.1440968579633255,0.0,4.037050129115476,0.0,91.0102973858671,-1.1070467288478496
4629,35.879,6.634465397618008,0.0,5.527418668770158,0.0,92.10073841378224,-1.1070467288478496
4630,34.777,16.350260948735034,0.0,15.243214219887186,0.0,93.19117944169737,-1.1070467288478492
4631,34.457,23.582435753337094,0.0,22.475389024489246,0.0,94.2816204696125,-1.1070467288478492
4632,34.083,22.230138779494634,0.0,21.123092050646786,0.0,95.37206149752764,-1.1070467288478492
4633,33.754,17.06519341722845,0.0,15.958146688380602,0.0,96.46250252544277,-1.1070467288478492
4634,33.754,16.219336306676944,0.0,15.112289577829094,0.0,97.55294355335789,-1.10704672884785
4635,33.754,16.631586431224484,0.0,15.524539702376634,0.0,98.64338458127301,-1.10704672884785
4636,33.754,11.348756243632078,0.385293951726515,10.627003466510743,0.0,99.73382560918814,-1.107046728847851
4637,34.034,8.692646239967628,6.685901576542125,14.2715010876619,0.0,100.82426663710326,-1.107046728847851
4638,35.22,6.800681822872219,14.727323712350326,20.4209588063747,0.0,101.91470766501838,-1.10704672884785
4639,35.472,5.431239668306642,22.5695089735429,26.893701913001692,0.0,103.00514869293353,-1.10704672884785
4640,33.362,4.265692568880108,37.326472936742086,40.48511877677434,0.0,104.09558972084865,-1.10704672884785
4641,31.972,5.6978205374380195,38.1408534643659,42.73162727295607,0.0,105.18603074876378,-1.10704672884785
4642,31.025,13.160635754643092,52.95115667311868,65.00474569891392,0.0,106.2764717766789,-1.10704672884785
4643,31.025,16.78869127234252,65.8778235722683,81.55946811576297,0.0,107.36691280459405,-1.10704672884785
4644,31.025,24.304120416663885,60.14559633754393,83.34267002535996,0.0,108.45735383250917,-1.1070467288478518
4645,31.025,39.40213105597776,57.05265991059091,95.34774423772083,0.0,109.54779486042432,-1.1070467288478518
4646,32.884,46.53759599006725,46.226611205757465,91.65716046697688,0.0,110.63823588833945,-1.1070467288478518
4647,33.294,67.05344134370759,41.52982222163496,107.4762168364947,0.0,111.72867691625459,-1.1070467288478483
4648,34.368,85.06752403142144,33.33451217253329,117.29498947510689,0.0,112.8191179441697,-1.1070467288478483
4649,35.799,63.06470501301122,15.140945783405838,77.09860406756921,0.0,113.90955897208484,-1.1070467288478483
4650,48.232,63.998873884997856,2.3512182943095605,115.60009217930741,0.0,114.99999999999997,49.25
4651,47.544,70.10200235074889,1.2519124299904694,120.60391478073936,0.0,64.99999999999997,49.25
4652,38.546,75.81999887317774,0.0,64.39867907622342,0.0,14.999999999999972,-11.421319796954318
4653,34.045,83.43268476750099,0.0,72.01136497054667,0.0,26.249999999999975,-11.421319796954318
4654,33.417,93.78712599240968,0.0,82.36580619545536,0.0,37.49999999999996,-11.421319796954318
4655,33.417,83.36963050607592,0.0,71.9483107091216,0.0,48.74999999999994,-11.421319796954318
4656,31.821,94.67044333520353,0.0,83.24912353824921,0.0,59.99999999999994,-11.421319796954318
4657,31.821,103.77851865151571,0.0,92.35719885456139,0.0,71.24999999999996,-11.421319796954318
4658,31.821,100.35770157158791,0.0,88.93638177463359,0.0,82.49999999999997,-11.421319796954318
4659,31.821,92.13185120752271,0.0,80.7105314105684,0.0,93.74999999999997,-11.421319796954322
4660,31.821,91.53021634053732,0.0,80.108896543583,0.0,104.99999999999997,-11.421319796954318
4661,32.088,85.78885568729223,5.211132563613211,79.57866845395111,0.0,116.24999999999999,-11.421319796954315
4662,32.925,69.46434515378076,11.741203189646251,69.7842285464727,0.0,127.5,-11.421319796954307
4663,39.209,68.93261734221463,19.098743496637503,76.61004104189782,0.0,138.75,-11.421319796954307
4664,40.103,60.88066938690889,36.48496904174972,100.49972933774953,0.0,150.0,3.134090909090912
4665,33.034,52.460530219735084,59.43762479706217,115.03224592588818,0.0,146.8181818181818,3.1340909090909115
4666,33.257,52.33402649184537,62.95939376479575,118.42751116573204,0.0,143.63636363636363,3.1340909090909115
4667,32.258,39.154887568215955,63.012904599226815,105.30188307653368,0.0,140.45454545454544,3.1340909090909115
4668,32.121,31.922096740458507,76.45751622073843,111.51370387028783,0.0,137.27272727272725,3.134090909090908
4669,32.121,28.806086603177928,70.05294947188584,101.99312698415469,0.0,134.09090909090907,3.1340909090909115
4670,32.597,23.25006645669024,78.24897806856093,104.6331354343421,0.0,130.90909090909088,3.1340909090909115
4671,33.421,10.159256863796964,64.70981892095718,78.00316669384506,0.0,127.7272727272727,3.1340909090909115
4672,33.443,1.4598338614476516,43.346270328517,47.940195099055565,0.0,124.54545454545452,3.134090909090915
4673,33.453,0.0,13.396204164704603,16.530295073795518,0.0,121.36363636363635,3.134090909090915
4674,45.929,0.0,3.0075243096667004,6.141615218757615,0.0,118.18181818181816,3.134090909090915
4675,45.929,0.0,0.5856371599115691,49.83563715991157,0.0,114.99999999999997,49.25
4676,45.929,0.0,0.0,49.25,0.0,64.99999999999997,49.25
4677,36.224,0.0,0.0,0.0,0.0,14.999999999999972,0.0
4678,34.318,0.0,0.0,0.0,0.0,14.999999999999972,0.0
4679,33.443,2.018535428814834,0.0,2.018535428814834,0.0,14.999999999999972,0.0
4680,29.505,5.101156393104793,0.0,5.101156393104793,0.0,14.999999999999972,0.0
4681,29.505,8.541584652102419,0.0,8.541584652102419,0.0,14.999999999999972,0.0
4682,29.505,16.995057429513512,0.0,16.995057429513512,0.0,14.999999999999972,0.0
4683,29.505,23.955437148309905,0.0,23.955437148309905,0.0,14.999999999999972,0.0
4684,29.505,23.26144879362636,0.0,23.26144879362636,0.0,14.999999999999972,0.0
4685,29.585,17.821261007259444,0.0,17.821261007259444,0.0,14.999999999999972,0.0
4686,30.498,10.984573136997785,3.089853722507796,14.07442685950558,0.0,14.999999999999972,0.0
4687,29.596,3.7898239173873844,7.1154684963866845,10.905292413774069,0.0,14.99999999999997,0.0
4688,28.075,0.0,12.295912157886907,12.295912157886907,0.0,14.99999999999997,0.0
4689,26.873,0.0,15.237706553701344,15.237706553701344,0.0,14.999999999999972,0.0
4690,26.555,0.0,25.709926270316576,25.709926270316576,0.0,14.999999999999972,0.0
4691,23.551,0.0,32.32793825677356,32.32793825677356,0.0,14.999999999999972,0.0
4692,23.416,21.29222268559857,33.574499436390745,54.86672212198931,0.0,14.999999999999972,0.0
4693,23.416,92.6167073271873,66.95859248400915,159.57529981119643,0.0,14.999999999999972,0.0
4694,23.416,106.99095484460493,57.386031029422554,164.37698587402747,0.0,14.999999999999972,0.0
4695,23.416,108.77619652167505,49.356119280203785,158.13231580187883,0.0,14.999999999999972,0.0
4696,26.31,87.36454547921237,39.40251358182771,126.76705906104007,0.0,14.999999999999972,0.0
4697,30.001,83.8889166960508,12.662522868073934,96.55143956412473,0.0,14.999999999999972,0.0
4698,31.288,83.01206828815752,2.6113823461830856,85.62345063434061,0.0,14.999999999999972,0.0
4699,38.886,77.12045055691722,1.4055010010514097,78.52595155796863,0.0,14.999999999999972,0.0
4700,35.96,65.32884983205103,0.7601428588204324,64.05853583807958,0.0,14.999999999999972,-2.03045685279188
4701,30.415,59.4499934047969,0.0,57.41953655200502,0.0,16.99999999999997,-2.03045685279188
4702,28.608,61.0529028906998,0.0,59.02244603790792,0.0,18.999999999999986,-2.03045685279188
4703,28.301,51.95333457249944,0.0,49.922877719707564,0.0,20.999999999999986,-2.03045685279188
4704,24.312,52.094427626116094,0.0,50.063970773324215,0.0,22.99999999999998,-2.0304568527918803
4705,24.312,50.05717658560705,0.0,48.026719732815174,0.0,24.99999999999998,-2.0304568527918803
4706,24.312,42.948787775365545,0.0,40.918330922573666,0.0,26.99999999999998,-2.03045685279188
4707,24.312,38.79496667538505,0.0,36.76450982259317,0.0,28.99999999999997,-2.0304568527918803
4708,24.312,42.46538395572183,0.0,40.434927102929954,0.0,30.99999999999998,-2.0304568527918803
4709,24.312,43.954747521679174,4.730688135798955,46.65497880468625,0.0,32.99999999999998,-2.0304568527918807
4710,24.312,39.83043739950545,13.5064582355144,51.30643878222797,0.0,34.99999999999997,-2.0304568527918807
4711,24.312,39.612887655576394,26.900578950008093,64.4830097527926,0.0,36.99999999999997,-2.030456852791881
4712,22.815,45.19112878577611,44.50384361701115,87.66451554999537,0.0,38.999999999999964,-2.0304568527918816
4713,14.361,50.75859423301124,53.430697632139015,102.15883501235837,0.0,40.99999999999998,-2.0304568527918816
4714,14.361,67.52494403542678,67.0099312580782,132.5044184407131,0.0,42.99999999999998,-2.030456852791881
4715,14.361,78.1198384893969,76.3730381803591,152.46241981696414,0.0,44.99999999999997,-2.0304568527918816
4716,14.361,83.8473722235583,82.19208336942047,164.00899874018688,0.0,46.99999999999997,-2.030456852791882
4717,14.361,86.52401482140596,75.62348663702507,160.11704460563914,0.0,48.999999999999964,-2.030456852791882
4718,14.526,95.04711045538944,85.86442165903661,178.88107526163418,0.0,50.99999999999997,-2.0304568527918825
4719,14.7,97.84202911378438,52.804929128052876,148.61650138904537,0.0,52.999999999999964,-2.0304568527918816
4720,15.23,96.66850350342489,37.921433159651926,132.55947981028493,0.0,54.999999999999964,-2.0304568527918816
4721,24.013,88.77780083421612,14.126362033043002,100.87370601446723,0.0,56.999999999999964,-2.0304568527918816
4722,25.102,84.10791673291568,2.4588637694048336,84.53632364952863,0.0,58.99999999999997,-2.0304568527918807
4723,27.256,86.11484485331128,0.4925260757240867,84.57691407624348,0.0,60.99999999999998,-2.0304568527918807
4724,34.828,88.49803496003454,0.0,86.46757810724266,0.0,62.999999999999986,-2.0304568527918807
4725,29.923,88.61871570743514,0.0,86.58825885464326,0.0,64.99999999999999,-2.0304568527918807
4726,25.173,93.90021622190515,0.0,91.86975936911327,0.0,66.99999999999999,-2.030456852791879
4727,24.312,97.9351697663276,0.0,95.90471291353572,0.0,69.0,-2.030456852791879
4728,27.644,127.23932185145347,0.0,125.2088649986616,0.0,71.0,-2.030456852791872
4729,27.644,125.97657769016449,0.0,123.94612083737262,0.0,73.0,-2.030456852791872
4730,27.644,136.19998158308834,0.0,131.72103264310624,0.0,75.0,-4.478948939982089
4731,27.644,112.15981249185654,0.0,107.68086355187445,0.0,79.41176470588235,-4.478948939982089
4732,27.644,104.20324026819112,0.0,99.72429132820903,0.0,83.82352941176471,-4.478948939982086
4733,27.644,80.63524827478547,5.85787239469008,82.01417172949346,0.0,88.23529411764706,-4.478948939982082
4734,29.934,48.26925474024783,12.700413161057119,56.49071896132287,0.0,92.6470588235294,-4.478948939982082
4735,31.608,40.58712830828049,22.69679543328501,58.80497480158342,0.0,97.05882352941177,-4.478948939982084
4736,27.728,40.648106600258046,39.77981378841328,75.94897144868924,0.0,101.47058823529413,-4.478948939982086
4737,24.022,43.355238103047874,48.86646281214894,87.74275197521472,0.0,105.88235294117649,-4.478948939982086
4738,24.022,44.524741910562966,51.05338400737788,91.09917697795875,0.0,110.29411764705884,-4.478948939982084
4739,24.022,49.387386411768496,73.80753307259978,118.7159705443862,0.0,114.70588235294119,-4.478948939982084
4740,24.022,61.642225141331984,59.20887366841395,116.37214986976385,0.0,119.11764705882354,-4.478948939982083
4741,27.011,63.86370281362341,67.74356116748848,127.12831504112981,0.0,123.52941176470588,-4.478948939982082
4742,27.644,85.68728994246125,78.47293140723134,159.68127240971052,0.0,127.94117647058823,-4.478948939982083
4743,29.663,99.60132018624914,53.85250104681178,148.97487229307885,0.0,132.35294117647058,-4.478948939982082
4744,30.884,100.22570691124967,36.682940866023415,132.429698837291,0.0,136.76470588235293,-4.478948939982082
4745,31.792,83.6862244772594,14.65631731548446,93.86359285276177,0.0,141.17647058823528,-4.478948939982083
4746,32.9,73.69993154253821,5.905685399554607,75.12666800211073,0.0,145.58823529411765,-4.478948939982083
4747,38.103,54.6391532861411,0.725117780226756,55.364271066367856,0.0,150.0,0.0
4748,33.302,39.42974139660699,0.0,39.42974139660699,0.0,150.0,0.0
4749,32.6,30.885814587448532,0.0,30.885814587448532,0.0,150.0,0.0
4750,30.583,29.160169471118735,0.0,29.160169471118735,0.0,150.0,0.0
4751,29.402,32.511322378003825,0.0,32.511322378003825,0.0,150.0,0.0
4752,32.388,30.97154611453553,0.0,30.97154611453553,0.0,150.0,0.0
4753,32.388,34.71996228480177,0.0,34.71996228480177,0.0,150.00000000000003,0.0
4754,32.388,32.27935181914244,0.0,32.27935181914244,0.0,150.0,0.0
4755,32.388,32.52442760551946,0.0,32.52442760551946,0.0,150.0,0.0
4756,32.388,40.94903660522731,0.0,40.94903660522731,0.0,150.0,0.0
4757,32.6,54.17221102108585,5.932976130557184,60.10518715164304,0.0,150.0,0.0
4758,33.024,69.8159432238568,13.950731722292081,83.76667494614888,0.0,150.0,0.0
4759,33.729,65.9446142899201,27.26603608159393,93.21065037151402,0.0,150.0,0.0
4760,40.238,76.07673266637556,49.46574473357616,160.01747739995176,0.0,150.0,34.47500000000005
4761,32.827,94.53907572065492,55.75529669738691,150.29437241804183,0.0,114.99999999999997,0.0
4762,32.173,84.57580706631154,59.44260436784582,144.01841143415737,0.0,114.99999999999997,0.0
4763,31.564,97.70997671095884,70.78745492906528,168.4974316400241,0.0,114.99999999999997,0.0
4764,31.062,111.50306667105083,80.40392394624492,191.90699061729575,0.0,114.99999999999997,0.0
4765,31.062,127.38321174766267,76.61920039636692,204.0024121440296,0.0,114.99999999999997,0.0
4766,31.062,137.49316657899027,57.15276657921772,194.64593315820798,0.0,114.99999999999997,0.0
4767,31.616,171.06905237381878,42.34281650732227,213.41186888114106,0.0,114.99999999999997,0.0
4768,32.325,182.97414731891737,26.206417572724185,209.18056489164155,0.0,114.99999999999997,0.0
4769,32.582,149.3110827957725,14.321721905200874,163.6328047009734,0.0,114.99999999999997,0.0
4770,33.39,143.66607818132022,5.776788860306774,149.44286704162698,0.0,114.99999999999997,0.0
4771,40.167,133.2224682380071,0.8752397561639036,183.347707994171,0.0,114.99999999999997,49.25
4772,42.052,100.2294635072507,0.0,149.4794635072507,0.0,64.99999999999997,49.25
4773,33.549,90.41448964570372,0.0,90.41448964570372,0.0,14.999999999999972,0.0
4774,32.574,97.08458212359581,0.0,97.08458212359581,0.0,14.999999999999972,0.0
4775,31.99,84.68626813262803,0.0,84.68626813262803,0.0,14.999999999999972,0.0
4776,30.884,73.5224557270612,0.0,73.5224557270612,0.0,14.999999999999972,0.0
4777,30.884,66.85622252411748,0.0,66.85622252411748,0.0,14.999999999999972,0.0
4778,30.884,55.77829392675088,0.0,55.77829392675088,0.0,14.999999999999972,0.0
4779,30.884,54.60121753285502,0.0,54.60121753285502,0.0,14.999999999999972,0.0
4780,30.884,51.72378383665275,0.0,51.72378383665275,0.0,14.999999999999972,0.0
4781,30.884,48.54697680829193,5.0786043633477,53.62558117163963,0.0,14.999999999999972,0.0
4782,31.854,51.01527154571668,12.27359060589904,63.28886215161572,0.0,14.999999999999972,0.0
4783,31.985,50.1082817032476,22.756646552783113,59.41980199992443,0.0,14.999999999999972,-13.445126256106274
4784,30.637,35.86380727405715,38.46414841892962,60.882829436880485,0.0,28.243449362264652,-13.445126256106274
4785,20.773,24.321495369749947,47.68162834081964,58.55799745446331,0.0,41.48689872452933,-13.44512625610627
4786,22.928,18.7779464069131,56.70465401120419,62.037474162011016,0.0,54.73034808679401,-13.44512625610627
4787,17.135,12.585561530452637,51.673210581551785,50.81364585589815,0.0,67.9737974490587,-13.44512625610627
4788,17.135,4.12418063784407,31.135140709695776,21.814195091433575,0.0,81.21724681132338,-13.44512625610627
4789,17.135,3.179077818369662,37.935466819293175,27.669418381556564,0.0,94.46069617358805,-13.445126256106274
4790,17.313,11.262223092874738,32.07932278458822,29.896419621356685,0.0,107.70414553585272,-13.445126256106278
4791,26.896,2.363880699697634,18.657534147846402,7.576288591437759,0.0,120.9475948981174,-13.445126256106278
4792,32.458,0.0,10.469515001821886,0.0,0.0,134.19104426038209,-10.469515001821883
4793,33.226,0.0,5.580186256673457,0.0,0.0,144.50351653717664,-5.580186256673457
4794,34.819,0.5191917509565094,4.145368443848926,4.664560194805436,0.0,150.0,0.0
4795,40.937,5.136491835645445,0.3859405520824904,54.77243238772793,0.0,150.0,49.25
4796,35.412,6.622866916466845,0.0,55.87286691646685,0.0,100.0,49.25
4797,33.941,5.501600951974101,0.0,0.8869262865380119,0.0,50.0,-4.614674665436089
4798,32.869,19.372570050550184,0.0,14.757895385114095,0.0,54.54545454545455,-4.614674665436089
4799,32.099,54.4698646909917,0.0,49.85519002555561,0.0,59.09090909090909,-4.614674665436089
4800,32.469,46.93657953238713,0.0,42.32190486695104,0.0,63.63636363636364,-4.614674665436089
4801,32.573,44.55883921058667,0.0,39.94416454515058,0.0,68.18181818181817,-4.614674665436091
4802,32.573,41.55315865541899,0.0,36.9384839899829,0.0,72.72727272727272,-4.614674665436092
4803,32.573,28.415935974580506,0.0,23.801261309144415,0.0,77.27272727272725,-4.614674665436091
4804,32.573,14.999292564221719,0.0,10.384617898785628,0.0,81.8181818181818,-4.614674665436091
4805,32.573,17.318796816638358,5.358769582770416,18.062891733972684,0.0,86.36363636363635,-4.614674665436092
4806,32.434,10.857741460550576,11.802712537119506,18.04577933223399,0.0,90.90909090909088,-4.614674665436092
4807,32.428,7.180122118564863,26.777423733830407,29.34287118695918,0.0,95.45454545454541,-4.614674665436093
4808,29.98,5.4515205919455205,43.57996538244051,44.41681130894994,0.0,99.99999999999996,-4.614674665436091
4809,28.236,9.010905600535073,56.148349183897764,60.54458011899674,0.0,104.5454545454545,-4.614674665436091
4810,27.331,6.902660464747354,53.24903839790957,55.53702419722084,0.0,109.09090909090904,-4.614674665436093
4811,27.331,4.160873399834635,56.74400820890455,56.2902069433031,0.0,113.63636363636357,-4.614674665436093
4812,27.331,0.0,56.64678464850935,52.032109983073255,0.0,118.18181818181813,-4.614674665436095
4813,28.797,0.0,55.42491332049329,50.81023865505719,0.0,122.72727272727268,-4.614674665436095
4814,29.857,0.0,48.002329364263844,43.387654698827745,0.0,127.27272727272722,-4.614674665436098
4815,30.341,0.0,43.377064229988974,38.762389564552876,0.0,131.81818181818176,-4.614674665436098
4816,32.569,13.066361726192083,27.526606947492027,35.978294008248014,0.0,136.36363636363632,-4.614674665436098
4817,33.168,13.598080225302475,14.440772900357446,23.42417846022382,0.0,140.90909090909088,-4.614674665436098
4818,33.655,12.41780760848946,3.887079475222114,11.690212418275475,0.0,145.45454545454544,-4.614674665436098
4819,37.499,15.446822338052552,1.7566881395756753,66.45351047762823,0.0,150.0,49.25
4820,42.674,28.036999114015643,0.0,77.28699911401564,0.0,100.0,49.25
4821,33.956,37.00011803663904,0.0,34.692780703920995,0.0,50.0,-2.3073373327180438
4822,32.97,34.80266438009355,0.0,32.49532704737551,0.0,52.27272727272727,-2.3073373327180438
4823,32.469,31.457860636374598,0.0,29.150523303656552,0.0,54.54545454545453,-2.3073373327180446
4824,32.641,28.519344553847542,0.0,26.212007221129497,0.0,56.8181818181818,-2.3073373327180446
4825,32.641,26.3661306292326,0.0,24.05879329651456,0.0,59.09090909090908,-2.3073373327180438
4826,32.641,33.72950749394287,0.0,31.422170161224827,0.0,61.36363636363636,-2.3073373327180438
4827,32.641,41.67830217944801,0.0,39.37096484672997,0.0,63.63636363636363,-2.3073373327180438
4828,32.641,48.2544216795642,0.0,45.94708434684616,0.0,65.9090909090909,-2.307337332718042
4829,32.641,53.911058911250905,4.5126122105595075,56.11633378909237,0.0,68.18181818181819,-2.307337332718042
4830,32.558,65.97445480489195,13.138164711739808,76.8052821839137,0.0,70.45454545454545,-2.307337332718042
4831,33.714,77.525738608767,23.889807922807442,99.1082091988564,0.0,72.72727272727273,-2.307337332718042
4832,41.763,87.37269237864749,37.58963574705258,124.96232812570007,0.0,75.0,0.0
4833,32.438,95.99964444341502,64.61032236463353,160.60996680804857,0.0,75.0,0.0
4834,32.438,82.85937954660643,72.75184709833863,155.61122664494508,0.0,75.0,0.0
4835,32.405,100.87815520512476,82.5154552850874,183.39361049021215,0.0,75.0,0.0
4836,32.021,128.24245450589447,81.144917401772,209.38737190766648,0.0,75.0,0.0
4837,32.021,148.6387853975562,89.37606148744722,238.0148468850034,0.0,75.0,0.0
4838,32.03,153.97251012488695,74.9380696630365,228.91057978792344,0.0,75.0,0.0
4839,32.03,156.4638131268521,51.29134586988816,207.75515899674025,0.0,75.0,0.0
4840,32.558,171.1697914183614,35.26152060585843,226.13131202421985,0.0,75.0,19.700000000000017
4841,33.238,188.79713383697916,14.211969705916056,222.70910354289524,0.0,55.0,19.700000000000017
4842,46.48,186.16494325432467,1.3086907317055874,207.17363398603027,0.0,34.99999999999998,19.700000000000017
4843,37.705,177.5986269157319,1.127327869894516,178.7259547856264,0.0,14.999999999999972,0.0
4844,33.334,174.76791731436597,0.0,174.76791731436597,0.0,14.999999999999972,0.0
4845,33.334,181.83176619753087,0.0,181.83176619753087,0.0,14.999999999999972,0.0
4846,32.932,159.14996799889934,0.0,159.14996799889934,0.0,14.999999999999972,0.0
4847,32.558,175.0749746898908,0.0,175.0749746898908,0.0,14.999999999999972,0.0
4848,31.423,171.0069085174695,0.0,171.0069085174695,0.0,14.999999999999972,0.0
4849,31.423,164.72825278348128,0.0,164.72825278348128,0.0,14.999999999999972,0.0
4850,31.423,163.95085342118065,0.0,163.95085342118065,0.0,14.999999999999972,0.0
4851,31.423,159.38527400788485,0.0,159.38527400788485,0.0,14.999999999999972,0.0
4852,31.423,134.63686881749595,0.0,134.63686881749595,0.0,14.999999999999972,0.0
4853,31.423,117.30483721011208,3.5338841041557654,120.83872131426784,0.0,14.99999999999997,0.0
4854,31.423,118.00455421177924,9.531469979990106,127.53602419176934,0.0,14.999999999999972,0.0
4855,31.423,104.75885615298552,20.768832605071267,125.52768875805678,0.0,14.999999999999972,0.0
4856,30.233,68.37723607022185,37.869319050598605,106.24655512082046,0.0,14.999999999999972,0.0
4857,24.428,53.352099712788345,57.400465855233065,110.75256556802141,0.0,14.999999999999972,0.0
4858,23.709,62.93590946866627,77.13451227110683,140.0704217397731,0.0,14.999999999999972,0.0
4859,23.709,67.49678367413652,93.32287355961418,160.81965723375072,0.0,14.999999999999972,0.0
4860,23.709,71.21057434623454,86.53029013054993,157.74086447678445,0.0,14.999999999999972,0.0
4861,24.223,89.83913562256313,83.75919388751187,173.59832951007502,0.0,14.999999999999972,0.0
4862,24.662,125.99595891868671,77.45947417633364,203.45543309502034,0.0,14.999999999999972,0.0
4863,30.972,157.0052848347223,59.17420200844792,216.1794868431702,0.0,14.999999999999972,0.0
4864,32.028,161.70770360618474,37.37388717014319,199.08159077632791,0.0,14.999999999999972,0.0
4865,32.805,134.80145124056858,12.888835187894246,147.69028642846283,0.0,14.999999999999972,0.0
4866,34.394,95.84998100717802,1.1413589219278124,96.99133992910583,0.0,14.999999999999972,0.0
4867,45.767,75.73501344227701,2.0063140589068604,77.74132750118387,0.0,14.999999999999972,0.0
4868,35.591,61.11797262782967,0.02702513789080003,58.22891611543427,0.0,14.999999999999972,-2.916081650286209
4869,32.914,51.00541396903197,0.0,48.08933231874576,0.0,17.872340425531885,-2.916081650286209
4870,31.423,65.84371562195057,0.0,62.927633971664356,0.0,20.744680851063805,-2.916081650286209
4871,31.423,61.226057397821606,0.0,58.3099757475354,0.0,23.61702127659572,-2.916081650286209
4872,24.449,50.80059685574776,0.0,47.884515205461554,0.0,26.489361702127624,-2.916081650286209
4873,24.255,49.366964282417186,0.0,46.45088263213098,0.0,29.36170212765954,-2.916081650286209
4874,24.239,43.07147499106413,0.0,40.15539334077792,0.0,32.23404255319146,-2.916081650286209
4875,24.255,33.71300537036696,0.0,30.79692372008075,0.0,35.106382978723374,-2.916081650286209
4876,25.105,34.583302411718066,0.0,31.667220761431857,0.0,37.97872340425529,-2.916081650286209
4877,25.045,29.165657508121217,4.297073108268361,30.54664896610337,0.0,40.85106382978721,-2.916081650286209
4878,25.083,21.005372600710633,10.411729071319819,28.501020021744242,0.0,43.72340425531911,-2.9160816502862095
4879,24.362,30.318026109221886,28.632098549822693,56.03404300875837,0.0,46.59574468085101,-2.91608165028621
4880,22.424,31.286028985760506,41.15153217414155,69.52147950961584,0.0,49.468085106382915,-2.91608165028621
4881,15.066,30.663180324546182,59.2533435649019,87.00044223916187,0.0,52.34042553191486,-2.91608165028621
4882,14.561,51.44959138577862,84.24361622380697,132.77712595929938,0.0,55.21276595744678,-2.9160816502862095
4883,14.376,67.21720814869188,67.22160792926314,131.52273442766884,0.0,58.08510638297871,-2.9160816502862095
4884,14.376,84.50449316599865,79.75868154928285,161.3470930649953,0.0,60.95744680851061,-2.916081650286209
4885,14.376,114.24554179961663,79.77707428583007,191.1065344351605,0.0,63.82978723404254,-2.916081650286209
4886,14.376,133.91135197702195,58.442678344745225,189.43794867148097,0.0,66.70212765957446,-2.9160816502862095
4887,14.422,147.21747723708663,28.095079540603518,172.39647512740393,0.0,69.57446808510639,-2.9160816502862095
4888,20.976,95.50173845524733,14.43304097082277,107.01869777578389,0.0,72.4468085106383,-2.9160816502862095
4889,24.006,81.43584548387724,7.832686518218819,86.35245035180985,0.0,75.31914893617021,-2.9160816502862104
4890,24.622,86.16526278033336,2.6349831392671312,85.88416426931428,0.0,78.19148936170212,-2.9160816502862104
4891,27.756,117.59022320391806,1.106368977728523,115.78051053136036,0.0,81.06382978723404,-2.9160816502862095
4892,30.934,157.46325766195866,0.0,154.54717601167246,0.0,83.93617021276594,-2.91608165028621
4893,25.781,188.5068891709823,0.0,185.5908075206961,0.0,86.80851063829788,-2.91608165028621
4894,24.006,230.19886645427573,0.0,227.28278480398953,0.0,89.68085106382979,-2.91608165028621
4895,24.006,246.03921186647463,0.0,243.12313021618843,0.0,92.55319148936171,-2.91608165028621
4896,23.287,248.3655486366446,0.0,245.4494669863584,0.0,95.42553191489361,-2.916081650286211
4897,23.287,251.7718949865636,0.0,248.8558133362774,0.0,98.29787234042553,-2.916081650286211
4898,23.287,251.14869635401655,0.0,248.23261470373035,0.0,101.17021276595747,-2.916081650286211
4899,23.048,243.05187029890368,0.0,240.13578864861748,0.0,104.04255319148939,-2.916081650286209
4900,23.048,235.12377488696944,0.0,232.20769323668324,0.0,106.9148936170213,-2.916081650286208
4901,23.048,223.55587480060734,5.523046317868316,226.16283946818945,0.0,109.78723404255322,-2.916081650286209
4902,22.774,181.27420475049198,13.128595503864943,191.48671860407072,0.0,112.65957446808513,-2.916081650286209
4903,14.447,209.01634015586455,32.48870831879181,238.58896682437015,0.0,115.53191489361703,-2.916081650286211
4904,14.169,223.74195566838912,55.42976665961383,276.2556406777167,0.0,118.40425531914893,-2.916081650286209
4905,13.157,221.39574370406265,77.71649046467904,296.19615251845545,0.0,121.27659574468083,-2.916081650286211
4906,13.118,201.35465900593627,93.80371200312929,292.2422893587793,0.0,124.14893617021274,-2.916081650286211
4907,12.91,219.69835732993755,97.21279486028399,300.0,13.995070539935305,127.02127659574465,-2.916081650286209
4908,12.91,215.322732128736,97.23874456121318,300.0,9.64539503966298,129.89361702127658,-2.916081650286209
4909,12.97,208.65685917611987,100.0,300.0,5.740777525833629,132.7659574468085,-2.916081650286209
4910,13.226,201.5891135529318,89.72876209597202,288.40179399861756,0.0,135.63829787234042,-2.9160816502862126
4911,13.477,179.98869266415926,70.57331370082045,247.6459247146935,0.0,138.51063829787233,-2.916081650286209
4912,14.943,148.65058384622623,44.432600898143,190.16710309408302,0.0,141.38297872340425,-2.916081650286209
4913,24.39,123.74162201293365,12.634723707437118,133.46026407008455,0.0,144.25531914893617,-2.916081650286202
4914,33.917,110.1342525008881,2.2016537844756687,109.41982463507756,0.0,147.12765957446808,-2.916081650286202
4915,34.274,114.69936425135833,2.3027674393335893,117.00213169069193,0.0,150.0,0.0
4916,34.274,104.52184379671255,0.0,104.52184379671255,0.0,150.0,0.0
4917,33.917,100.5887408580395,0.0,100.5887408580395,0.0,150.0,0.0
4918,31.847,114.03874668745019,0.0,114.03874668745019,0.0,150.0,0.0
4919,30.894,110.55411912154055,0.0,110.55411912154055,0.0,150.0,0.0
4920,33.006,109.08126522802016,0.0,109.08126522802016,0.0,150.0,0.0
4921,33.006,98.61029678225466,0.0,98.61029678225466,0.0,150.0,0.0
4922,33.006,88.89359113230574,0.0,88.89359113230574,0.0,150.0,0.0
4923,33.006,84.27057192407959,0.0,84.27057192407959,0.0,150.0,0.0
4924,33.006,76.63249213539258,0.0,76.63249213539258,0.0,150.0,0.0
4925,33.006,68.89286082142696,5.424103019390348,74.31696384081731,0.0,150.0,0.0
4926,33.006,59.30079182461131,12.874855964353374,72.17564778896468,0.0,150.0,0.0
4927,31.535,42.31377426851633,31.991227948023393,74.30500221653972,0.0,150.0,0.0
4928,31.66,37.071122419849374,54.9367242206227,92.00784664047208,0.0,150.0,0.0
4929,30.908,34.90362963636595,75.18244495227158,110.08607458863753,0.0,150.0,0.0
4930,26.611,35.693169854687795,90.25383868686309,125.94700854155089,0.0,150.0,0.0
4931,26.611,46.36316338496921,99.47433397063912,145.83749735560832,0.0,150.0,0.0
4932,26.611,48.59304737012869,100.0,148.5930473701287,0.0,150.0,0.0
4933,29.528,41.5019017758706,100.0,141.5019017758706,0.0,150.0,0.0
4934,31.152,29.33311099673208,89.33603144553905,118.66914244227112,0.0,150.0,0.0
4935,33.207,20.04871241151019,71.08281382935132,91.13152624086152,0.0,150.0,0.0
4936,35.411,12.231383437550242,44.55846883979317,56.789852277343414,0.0,150.0,0.0
4937,38.462,5.709602182893416,14.220598896950545,19.93020107984396,0.0,150.0,0.0
4938,52.83,2.0418632298571753,2.5200579082523595,34.39952287655435,0.0,150.0,29.837601738444818
4939,52.83,0.0,2.2378394927805947,51.487839492780594,0.0,119.70801853964994,49.25
4940,45.304,0.0,0.0,0.0,0.0,69.70801853964994,0.0
4941,40.066,0.0,0.0,0.0,0.0,69.70801853964994,0.0
4942,39.033,0.0,0.0,0.0,0.0,69.70801853964994,0.0
4943,38.753,0.0,0.0,0.0,0.0,69.70801853964994,0.0
4944,39.608,0.0,0.0,0.0,0.0,69.70801853964994,0.0
4945,39.608,0.0,0.0,0.0,0.0,69.70801853964994,0.0
4946,39.608,0.0,0.0,0.0,0.0,69.70801853964994,0.0
4947,39.608,0.0,0.0,0.0,0.0,69.70801853964994,0.0
4948,39.608,0.0,0.0,0.0,0.0,69.70801853964994,0.0
4949,39.608,0.0,5.372570010507681,0.0,0.0,69.70801853964994,-5.37257001050768
4950,38.068,0.0,12.761400339521034,5.8393883413669005,0.0,75.0,-6.922011998154133
4951,35.502,0.0,32.04820506818446,25.126193070030325,0.0,81.81818181818181,-6.922011998154133
4952,33.981,0.0,55.40527956800193,48.4832675698478,0.0,88.63636363636364,-6.922011998154133
4953,32.787,0.0,75.72779952434769,68.80578752619355,0.0,95.45454545454547,-6.922011998154133
4954,31.604,0.0,89.77444684047346,82.85243484231933,0.0,102.27272727272728,-6.922011998154133
4955,31.604,0.0,98.52756286511163,91.6055508669575,0.0,109.09090909090912,-6.922011998154135
4956,31.624,0.0,100.0,93.07798800184587,0.0,115.90909090909093,-6.922011998154133
4957,32.953,2.2154730865972416,95.11321768714228,90.40667877558539,0.0,122.72727272727275,-6.922011998154131
4958,33.207,8.50460612360345,82.85308466343601,84.43567878888533,0.0,129.54545454545456,-6.9220119981541295
4959,35.926,24.96316411983095,66.21612786018908,84.25727998186589,0.0,136.36363636363637,-6.9220119981541295
4960,39.608,38.51847620091014,40.555838087762666,72.15230229051868,0.0,143.1818181818182,-6.9220119981541295
4961,40.787,33.75793294799557,13.938024152535133,82.17095710053076,0.0,150.0,34.47500000000005
4962,57.602,25.29955603982827,2.5779504997641682,77.12750653959245,0.0,114.99999999999997,49.25
4963,54.533,24.07951425645275,1.8884695943494005,75.21798385080214,0.0,64.99999999999997,49.25
4964,39.947,22.135182268438896,0.0,22.135182268438896,0.0,14.999999999999972,0.0
4965,39.608,20.311180729727127,0.0,20.311180729727127,0.0,14.999999999999972,0.0
4966,39.608,22.704280454948513,0.0,22.704280454948513,0.0,14.999999999999972,0.0
4967,39.608,24.0457337663004,0.0,24.0457337663004,0.0,14.999999999999972,0.0
4968,38.49,29.025642468553247,0.0,29.025642468553247,0.0,14.999999999999972,0.0
4969,38.49,39.97848525409026,0.0,39.97848525409026,0.0,14.999999999999972,0.0
4970,38.49,49.31798932034241,0.0,49.31798932034241,0.0,14.999999999999972,0.0
4971,38.49,49.43283410789982,0.0,49.43283410789982,0.0,14.999999999999972,0.0
4972,38.49,48.84989527653548,0.0,48.84989527653548,0.0,14.999999999999972,0.0
4973,38.49,47.50009295329481,5.2991552164940785,42.25649143413875,0.0,14.999999999999972,-10.54275673565014
4974,36.662,45.78371182614451,12.879476543279056,48.12043163377342,0.0,25.38461538461536,-10.54275673565014
4975,35.748,38.49478157360312,32.85316833128417,60.80519316923715,0.0,35.769230769230745,-10.542756735650139
4976,33.89,34.688717392967874,56.86879854469067,81.01475920200839,0.0,46.15384615384612,-10.54275673565014
4977,32.344,32.42161064514798,79.44103728893566,101.3198911984335,0.0,56.538461538461476,-10.54275673565014
4978,31.889,18.625319304195223,95.84751429008537,103.93007685863044,0.0,66.92307692307686,-10.54275673565014
4979,31.889,16.886993300203706,100.0,106.34423656455355,0.0,77.30769230769226,-10.54275673565014
4980,31.889,20.583355455124906,100.0,110.04059871947476,0.0,87.69230769230765,-10.542756735650142
4981,32.281,24.030407171451127,100.0,113.48765043580099,0.0,98.07692307692304,-10.542756735650144
4982,33.099,27.478615813262042,94.87511492997001,111.8109740075819,0.0,108.46153846153842,-10.542756735650144
4983,35.731,30.1145276695247,75.52303176587546,95.09480269975002,0.0,118.84615384615383,-10.542756735650144
4984,38.49,30.10244065002371,47.7468022968844,67.30648621125798,0.0,129.23076923076923,-10.54275673565013
4985,39.184,28.946695471978675,15.718354723752084,34.12229346008063,0.0,139.6153846153846,-10.54275673565013
4986,55.827,25.284783940996462,3.1503461155953665,77.68513005659183,0.0,150.0,49.25
4987,55.555,20.153292273544945,2.8042558001863873,72.20754807373133,0.0,100.0,49.25
4988,46.038,14.847471831133507,0.0,49.32247183113354,0.0,50.0,34.47500000000004
4989,39.101,9.214479137443162,0.0,9.214479137443162,0.0,14.999999999999972,0.0
4990,38.49,4.093821500770036,0.0,4.093821500770036,0.0,14.999999999999972,0.0
4991,38.49,1.1169264126664036,0.0,1.1169264126664036,0.0,14.999999999999972,0.0
4992,38.586,0.20655345026367247,0.0,0.20655345026367247,0.0,14.999999999999972,0.0
4993,38.586,0.6050837836213236,0.0,0.6050837836213236,0.0,14.999999999999972,0.0
4994,38.586,0.0,0.0,0.0,0.0,14.999999999999972,0.0
4995,38.586,0.0,0.0,0.0,0.0,14.999999999999972,0.0
4996,38.586,0.0,0.0,0.0,0.0,14.999999999999972,0.0
4997,38.586,0.0,5.246383625985616,5.246383625985616,0.0,14.999999999999972,0.0
4998,31.985,0.0,12.811610513647818,12.811610513647818,0.0,14.999999999999972,0.0
4999,34.817,0.0,31.812913825275928,31.812913825275928,0.0,14.999999999999972,0.0
5000,32.857,0.0,55.39002508118228,55.39002508118228,0.0,14.999999999999972,0.0
5001,28.204,0.0,76.13312250851388,76.13312250851388,0.0,14.999999999999972,0.0
5002,27.244,0.0,91.22087084931266,91.22087084931266,0.0,14.999999999999972,0.0
5003,25.355,0.0,99.69520865647284,99.69520865647284,0.0,14.999999999999972,0.0
5004,24.654,1.042984597684503,100.0,101.04298459768451,0.0,14.999999999999972,0.0
5005,24.654,3.2427213717681926,99.65693400833948,102.89965538010767,0.0,14.999999999999972,0.0
5006,24.892,6.879223187585187,89.235151730731,96.11437491831619,0.0,14.999999999999972,0.0
5007,25.859,10.40563602052147,70.83098236442015,81.23661838494162,0.0,14.999999999999972,0.0
5008,28.741,13.918210268795342,43.853541924314364,57.771752193109705,0.0,14.999999999999972,0.0
5009,29.185,5.09854803179498,11.458286216426433,16.556834248221413,0.0,14.999999999999972,0.0
5010,28.891,0.21558352023058266,0.7584611287490235,0.9740446489796062,0.0,14.999999999999972,0.0
5011,32.445,0.0,0.0,0.0,0.0,14.999999999999972,0.0
5012,28.891,0.0,0.0,0.0,0.0,14.999999999999972,0.0
5013,28.891,0.0,0.0,0.0,0.0,14.999999999999972,0.0
5014,29.258,0.0,0.0,0.0,0.0,14.999999999999972,0.0
5015,29.258,0.0,0.0,0.0,0.0,14.999999999999972,0.0
5016,25.322,0.0,0.0,0.0,0.0,14.999999999999972,0.0
5017,25.322,0.0,0.0,0.0,0.0,14.999999999999972,0.0
5018,25.322,0.0,0.0,0.0,0.0,14.999999999999972,0.0
5019,25.322,0.0,0.0,0.0,0.0,14.999999999999972,0.0
5020,25.322,0.0,0.0,0.0,0.0,14.999999999999972,0.0
5021,25.322,3.845185688555605,1.2935221171665656,5.13870780572217,0.0,14.999999999999972,0.0
5022,25.322,13.954367194694623,4.231258075512052,18.185625270206675,0.0,14.999999999999972,0.0
5023,25.098,18.085553180793436,11.829928167961077,29.91548134875451,0.0,14.999999999999972,0.0
5024,23.541,31.85760483678406,10.135475777763517,41.99308061454758,0.0,14.999999999999972,0.0
5025,15.284,39.46301811388248,19.081976401688145,58.54499451557062,0.0,14.999999999999972,0.0
5026,14.993,41.92016520306076,20.95164698148002,62.87181218454079,0.0,14.999999999999972,0.0
5027,14.993,37.52374337817393,13.855257775080151,51.37900115325408,0.0,14.999999999999972,0.0
5028,14.7,44.475718193444315,16.087443498221912,60.563161691666224,0.0,14.999999999999972,0.0
5029,14.7,53.675063167107304,26.411155051569846,80.08621821867715,0.0,14.999999999999972,0.0
5030,14.7,50.05939323236769,44.193887166632315,94.253280399,0.0,14.999999999999972,0.0
5031,14.7,64.86137983709085,52.962988062003056,117.82436789909391,0.0,14.999999999999972,0.0
5032,17.132,77.27808949928912,40.59398887709824,117.87207837638736,0.0,14.999999999999972,0.0
5033,24.301,50.31667262587803,13.052537869785521,63.36921049566355,0.0,14.999999999999972,0.0
5034,25.476,41.83611827370781,2.358950610934584,44.195068884642396,0.0,14.999999999999972,0.0
5035,27.053,32.81058059390077,1.7473993959742873,34.55797998987505,0.0,14.999999999999972,0.0
5036,27.504,22.99874553253953,0.0,22.99874553253953,0.0,14.999999999999972,0.0
5037,26.76,19.360968543484812,0.0,19.360968543484812,0.0,14.999999999999972,0.0
5038,25.322,10.570825751911494,0.0,10.570825751911494,0.0,14.999999999999972,0.0
5039,25.322,6.895270572642713,0.0,6.895270572642713,0.0,14.999999999999972,0.0
5040,28.069,9.00680682771831,0.0,9.00680682771831,0.0,14.999999999999972,0.0
5041,28.069,7.754128035709582,0.0,7.754128035709582,0.0,14.999999999999972,0.0
5042,28.069,8.311119281834618,0.0,8.311119281834618,0.0,14.999999999999972,0.0
5043,28.069,4.487320595691326,0.0,4.487320595691326,0.0,14.999999999999972,0.0
5044,28.069,0.0,0.0,0.0,0.0,14.999999999999972,0.0
5045,28.069,0.0,4.792059323711715,0.4735355936729766,0.0,14.999999999999972,-4.318523730038739
5046,28.069,0.0,11.269954797642571,6.951431067603832,0.0,19.253745874088132,-4.318523730038739
5047,28.069,0.10682868344355743,6.050807379226346,1.8391123326311645,0.0,23.507491748176285,-4.318523730038739
5048,25.254,2.1457104821562853,3.015521320267191,0.8427080723847364,0.0,27.76123762226444,-4.31852373003874
5049,19.849,1.2164126306217873,18.051230348889945,14.949119249472991,0.0,32.014983496352585,-4.31852373003874
5050,14.7,4.479648766739291,32.604296798989566,32.76542183569011,0.0,36.26872937044074,-4.31852373003874
5051,14.7,2.7472547792754063,40.399281617192514,38.82801266642918,0.0,40.5224752445289,-4.31852373003874
5052,14.7,3.1845037178778623,33.364593233613036,32.230573221452154,0.0,44.77622111861706,-4.3185237300387405
5053,14.7,1.0166952669097726,14.931004100165154,11.629175637036186,0.0,49.02996699270521,-4.318523730038741
5054,18.656,0.0,20.17513328075996,15.85660955072122,0.0,53.283712866793365,-4.318523730038741
5055,24.301,0.0,15.386276087315675,11.067752357276934,0.0,57.53745874088153,-4.318523730038741
5056,30.978,0.0,22.269443396392404,17.950919666353663,0.0,61.79120461496969,-4.318523730038741
5057,33.882,0.0,12.966213589788959,8.647689859750217,0.0,66.04495048905785,-4.318523730038741
5058,36.449,0.0,4.74146605391144,0.42294232387269837,0.0,70.29869636314601,-4.318523730038741
5059,40.727,0.0,0.45437336321403976,0.0,0.0,74.55244223723417,-0.45437336321403876
5060,40.513,0.0,0.0,49.25000000000001,0.0,75.0,49.25000000000001
5061,38.96,0.0,0.0,0.0,0.0,25.0,0.0
5062,35.595,3.7835152877005584,0.0,3.7835152877005584,0.0,25.0,0.0
5063,34.473,5.522123678304462,0.0,5.522123678304462,0.0,25.0,0.0
5064,34.493,4.542901546371086,0.0,4.542901546371086,0.0,25.0,0.0
5065,34.493,4.517575710755327,0.0,4.517575710755327,0.0,25.0,0.0
5066,34.493,4.5924034064576755,0.0,4.5924034064576755,0.0,25.0,0.0
5067,34.493,5.228844997026327,0.0,5.228844997026327,0.0,25.0,0.0
5068,34.493,7.410943979558412,0.0,7.410943979558412,0.0,25.0,0.0
5069,34.493,8.799465096294691,4.5984294082968695,13.39789450459156,0.0,25.0,0.0
5070,34.782,9.398172940071495,12.503894444552394,21.90206738462389,0.0,25.0,0.0
5071,38.001,10.013958569669253,25.98069939570375,25.41936185708197,0.0,25.0,-10.575296108291031
5072,32.593,9.237127123795076,42.370976076475095,41.03280709197914,0.0,35.416666666666664,-10.575296108291031
5073,31.32,11.158947633020599,56.87379583697296,57.457447361702535,0.0,45.83333333333333,-10.575296108291031
5074,28.95,17.839639133716283,55.174049741409014,62.43839276683427,0.0,56.249999999999986,-10.575296108291031
5075,23.442,18.181481729512473,61.42353072417862,69.02971634540006,0.0,66.66666666666664,-10.575296108291031
5076,23.253,13.208037170647469,60.79416384163745,63.426904903993886,0.0,77.08333333333333,-10.575296108291031
5077,23.253,12.73741397726371,56.951223730708655,59.113341599681334,0.0,87.5,-10.57529610829103
5078,28.358,19.097138176719405,42.04703184446016,50.568873912888535,0.0,97.91666666666667,-10.575296108291031
5079,32.441,28.007490764556756,42.927611715399586,60.359806371665314,0.0,108.33333333333334,-10.575296108291028
5080,34.493,28.537460731982023,27.084782594307622,45.04694721799862,0.0,118.75000000000001,-10.575296108291028
5081,35.74,30.81216672571993,13.315045426676795,33.55191604410571,0.0,129.16666666666669,-10.575296108291013
5082,36.429,48.72368344476094,1.4355059089731,39.58389324544302,0.0,139.58333333333334,-10.575296108291013
5083,44.368,43.04418885749168,0.37984568973921234,68.51779400407918,0.0,150.0,25.093759456848275
5084,48.733,36.199629855828086,0.0,36.199629855828086,0.0,124.52410207426573,0.0
5085,35.012,35.39246054564719,0.0,35.39246054564719,0.0,124.52410207426573,0.0
5086,34.058,42.2254849379352,0.0,42.2254849379352,0.0,124.52410207426573,0.0
5087,34.058,55.09232121545401,0.0,55.09232121545401,0.0,124.52410207426573,0.0
5088,33.938,57.73957791768404,0.0,57.73957791768404,0.0,124.52410207426573,0.0
5089,33.938,55.443831293079576,0.0,55.443831293079576,0.0,124.52410207426573,0.0
5090,33.938,65.52873207764998,0.0,65.52873207764998,0.0,124.52410207426573,0.0
5091,33.938,66.72252454431505,0.0,66.72252454431505,0.0,124.52410207426573,0.0
5092,33.938,65.58155529983249,0.0,65.58155529983249,0.0,124.52410207426573,0.0
5093,35.08,62.52490526606029,2.3019180203325185,64.82682328639281,0.0,124.52410207426573,0.0
5094,34.153,62.72414650068121,8.75354248525078,71.47768898593199,0.0,124.52410207426573,0.0
5095,37.854,72.33721446743182,20.95686799524307,93.2940824626749,0.0,124.52410207426573,0.0
5096,38.109,79.86997841909863,38.922387803746666,118.79236622284529,0.0,124.52410207426573,0.0
5097,34.04,77.96623102890112,58.7995338310123,136.76576485991342,0.0,124.52410207426573,0.0
5098,33.531,76.41940821549872,65.82322657731814,142.24263479281686,0.0,124.52410207426573,0.0
5099,33.565,76.87295239838107,71.2690814930206,148.14203389140167,0.0,124.52410207426573,0.0
5100,33.565,69.50891868685827,84.42774996386264,153.9366686507209,0.0,124.52410207426573,0.0
5101,33.938,71.26391803519515,99.14592948994473,170.40984752513987,0.0,124.52410207426573,0.0
5102,33.938,78.58124753767218,78.57606267010681,157.157310207779,0.0,124.52410207426573,0.0
5103,33.938,78.75484129940872,65.51464183047226,144.269483129881,0.0,124.52410207426573,0.0
5104,34.132,64.29613932699114,39.744952873316,104.04109220030713,0.0,124.52410207426573,0.0
5105,34.132,47.062838416794875,11.941876815090795,59.00471523188567,0.0,124.52410207426573,0.0
5106,36.773,30.589654899169975,0.7747834557655007,31.364438354935476,0.0,124.52410207426573,0.0
5107,47.416,24.87492349265047,1.4369823280101457,26.311905820660616,0.0,124.52410207426573,0.0
5108,34.741,23.41668213563509,0.0,23.41668213563509,0.0,124.52410207426573,0.0
5109,33.938,19.265088474015943,0.0,19.265088474015943,0.0,124.52410207426573,0.0
5110,33.938,17.773434337029297,0.0,17.773434337029297,0.0,124.52410207426573,0.0
5111,35.312,14.911053753908206,0.0,14.911053753908206,0.0,124.52410207426573,0.0
5112,30.298,10.259455464010001,0.0,10.259455464010001,0.0,124.52410207426573,0.0
5113,30.298,4.650313576004165,0.0,4.650313576004165,0.0,124.52410207426573,0.0
5114,30.298,0.8826365277032471,0.0,0.8826365277032471,0.0,124.52410207426573,0.0
5115,37.098,0.0,0.0,0.0,0.0,124.52410207426573,0.0
5116,37.098,2.889408787287144,0.0,2.889408787287144,0.0,124.52410207426573,0.0
5117,37.098,7.337222242084568,2.1362104095255257,8.792804868395176,0.0,124.52410207426573,-0.6806277832149163
5118,36.507,8.730733257546719,6.271453718655698,14.3215591929875,0.0,125.19452044073242,-0.6806277832149163
5119,34.476,5.8305313858301595,15.310817325695874,20.46072092831112,0.0,125.86493880719911,-0.6806277832149163
5120,32.6,11.565545526224867,25.506632819609017,36.39155056261897,0.0,126.5353571736658,-0.6806277832149163
5121,31.147,11.652643756479762,29.89816946643708,40.87018543970193,0.0,127.20577554013249,-0.6806277832149163
5122,28.039,14.035233018469587,25.078603045801074,38.43320828105574,0.0,127.87619390659918,-0.6806277832149163
5123,28.039,18.190797154889935,28.588642120214153,46.09881149188917,0.0,128.54661227306588,-0.6806277832149163
5124,28.039,18.413067505360438,37.68263679275753,55.41507651490305,0.0,129.21703063953257,-0.6806277832149163
5125,28.328,22.168368889246537,58.04793286159927,79.5356739676309,0.0,129.88744900599926,-0.6806277832149163
5126,29.475,27.00643044056945,47.33177635959089,73.65757901694542,0.0,130.55786737246595,-0.6806277832149163
5127,29.625,28.014204947684764,48.082254362651696,75.41583152712154,0.0,131.22828573893264,-0.6806277832149163
5128,29.848,18.06561698119621,37.12575659741425,54.51074579539555,0.0,131.89870410539933,-0.6806277832149163
5129,30.852,3.9676821192262923,11.337296033868897,14.624350369880274,0.0,132.56912247186602,-0.6806277832149163
5130,32.683,0.0,0.680627783214918,0.0,0.0,133.23954083833272,-0.6806277832149163
5131,33.551,0.19680166124470394,0.9407773022480748,0.4569511802778623,0.0,133.9099592047994,-0.6806277832149163
5132,33.153,3.2561373130771765,0.0,2.57550952986226,0.0,134.5803775712661,-0.6806277832149163
5133,32.322,11.628808018368995,0.0,10.948180235154078,0.0,135.2507959377328,-0.6806277832149163
5134,30.177,32.17742673178605,0.0,31.496798948571133,0.0,135.92121430419948,-0.6806277832149163
5135,30.172,46.01865114856783,0.0,45.33802336535291,0.0,136.59163267066617,-0.6806277832149163
5136,33.207,52.02387922928182,0.0,51.3432514460669,0.0,137.26205103713286,-0.6806277832149163
5137,33.207,71.04637634095515,0.0,70.36574855774023,0.0,137.93246940359955,-0.6806277832149163
5138,33.207,90.01828176041161,0.0,89.3376539771967,0.0,138.60288777006625,-0.6806277832149163
5139,33.207,77.11952288842188,0.0,76.43889510520697,0.0,139.27330613653294,-0.6806277832149163
5140,33.207,74.43108277567839,0.0,73.75045499246347,0.0,139.94372450299963,-0.6806277832149163
5141,33.207,69.23822932126592,0.0,68.557601538051,0.0,140.61414286946632,-0.6806277832149163
5142,33.186,46.145896454464726,4.537501730871493,50.0027704021213,0.0,141.284561235933,-0.6806277832149163
5143,32.806,24.097127558462773,5.098037646445167,28.514537421693024,0.0,141.9549796023997,-0.6806277832149163
5144,32.075,17.607638775401604,15.037989140674702,31.96500013286139,0.0,142.6253979688664,-0.6806277832149163
5145,29.768,9.972782643906958,21.444154435309926,30.73630929600197,0.0,143.2958163353331,-0.6806277832149163
5146,29.768,20.809324628332316,17.943305710938276,38.07200255605568,0.0,143.96623470179978,-0.6806277832149163
5147,30.207,20.77116240973149,36.583265755122866,56.67380038163944,0.0,144.63665306826647,-0.6806277832149163
5148,31.022,39.242293782218695,41.58226841243226,80.14393441143604,0.0,145.30707143473316,-0.6806277832149163
5149,32.505,43.22406364210474,25.872970621511083,68.41640648040091,0.0,145.97748980119985,-0.6806277832149163
5150,33.207,32.5143101773307,26.631070092062515,58.4647524861783,0.0,146.64790816766654,-0.6806277832149163
5151,34.241,28.230801274388128,27.084058463549987,54.6342319547232,0.0,147.31832653413323,-0.6806277832149163
5152,35.584,25.925440338601295,24.069118343413905,49.31393089880028,0.0,147.98874490059993,-0.6806277832149163
5153,36.749,28.329571839255102,12.42121373551993,40.07015779156011,0.0,148.65916326706662,-0.6806277832149163
5154,40.249,35.018440527519715,1.0220849436445936,35.35989768794939,0.0,149.3295816335333,-0.6806277832149163
5155,48.715,40.03938599730107,4.2353046713116935,93.52469066861276,0.0,150.0,49.25
5156,46.293,40.213292014442516,0.0,89.46329201444252,0.0,100.0,49.25
5157,38.864,33.79614799554284,0.0,33.79614799554284,0.0,50.0,0.0
5158,36.392,32.76883568586232,0.0,32.76883568586232,0.0,50.0,0.0
5159,35.605,29.89009283150803,0.0,29.89009283150803,0.0,50.0,0.0
5160,38.192,26.066474196347592,0.0,26.066474196347592,0.0,50.0,0.0
5161,38.192,16.214833777966856,0.0,16.214833777966856,0.0,50.0,0.0
5162,38.192,13.687135202509868,0.0,13.687135202509868,0.0,50.0,0.0
5163,38.192,9.425550984869442,0.0,43.90055098486948,0.0,50.0,34.47500000000004
5164,38.192,11.128935157448362,0.0,11.128935157448362,0.0,14.999999999999972,0.0
5165,38.648,13.540379852116786,3.8831300358369147,5.240768771202426,0.0,14.999999999999972,-12.182741116751274
5166,36.091,8.04747449113345,11.266804529461707,7.131537903843885,0.0,26.999999999999975,-12.182741116751274
5167,35.611,11.30582785593849,27.12744554981379,26.250532289001008,0.0,38.999999999999986,-12.182741116751274
5168,34.705,11.793954072255179,47.577145169781964,47.18835812528587,0.0,50.999999999999986,-12.182741116751274
5169,32.794,16.40284305404948,59.7669042690694,63.98700620636761,0.0,62.999999999999986,-12.182741116751274
5170,32.235,10.977568467901456,74.24678707023067,86.31879998257658,0.0,75.0,1.0944444444444477
5171,32.235,15.56054978662174,73.79252807254434,90.44752230361053,0.0,73.88888888888889,1.0944444444444477
5172,32.521,12.325505848046172,63.594755361146895,77.01470565363752,0.0,72.77777777777777,1.0944444444444468
5173,32.759,14.125621148647783,69.57782425836638,84.7978898514586,0.0,71.66666666666666,1.0944444444444485
5174,32.847,21.64150316765469,70.82863010404475,93.56457771614389,0.0,70.55555555555554,1.0944444444444485
5175,34.411,32.814185771463265,45.465077532361775,79.3737077482695,0.0,69.44444444444443,1.0944444444444485
5176,38.192,28.9578035724778,33.17903984655848,63.23128786348073,0.0,68.33333333333331,1.0944444444444485
5177,38.648,24.639963114527085,11.475590592462037,37.20999815143357,0.0,67.2222222222222,1.0944444444444485
5178,55.124,16.621014647580225,1.6585186091709323,19.373977701195606,0.0,66.11111111111109,1.0944444444444485
5179,55.124,13.818845805765534,3.7276991815746654,66.7965449873402,0.0,64.99999999999997,49.25
5180,43.922,11.334543283888475,0.0,11.334543283888475,0.0,14.999999999999972,0.0
5181,41.958,13.383338718514718,0.0,7.153527920175996,0.0,14.999999999999972,-6.229810798338722
5182,38.648,12.37701249488947,0.0,6.1472016965507486,0.0,21.136363636363612,-6.229810798338722
5183,38.648,14.79527420759588,0.0,8.565463409257157,0.0,27.272727272727252,-6.229810798338722
5184,35.429,12.57218601522317,0.0,6.342375216884449,0.0,33.40909090909088,-6.229810798338722
5185,35.429,11.227828540478567,0.0,4.998017742139845,0.0,39.545454545454504,-6.229810798338723
5186,35.429,15.476332965526964,0.0,9.24652216718824,0.0,45.68181818181816,-6.229810798338724
5187,35.429,21.048882942887193,0.0,14.819072144548471,0.0,51.818181818181785,-6.229810798338723
5188,35.429,18.37255646060171,0.0,12.142745662262989,0.0,57.954545454545425,-6.229810798338722
5189,35.429,17.248097191043186,3.820259656043301,14.838546048747766,0.0,64.09090909090907,-6.229810798338723
5190,35.429,21.517067362923846,11.611367483632593,26.898624048217716,0.0,70.22727272727269,-6.229810798338723
5191,33.085,13.440977491577032,21.193405164568087,28.404571857806395,0.0,76.36363636363632,-6.229810798338724
5192,31.834,8.977801271830812,42.839464258790294,45.58745473228238,0.0,82.49999999999996,-6.229810798338722
5193,27.902,9.841566656537074,68.13223563082987,71.74399148902822,0.0,88.63636363636358,-6.229810798338722
5194,24.653,7.180629682218962,70.00287169520573,70.95369057908597,0.0,94.77272727272722,-6.229810798338722
5195,24.653,16.36957209539034,76.03113265565639,86.17089395270801,0.0,100.90909090909085,-6.229810798338722
5196,24.653,25.712792616834076,79.32327568042832,98.80625749892369,0.0,107.0454545454545,-6.229810798338722
5197,25.325,24.36752843701104,57.59957457203618,75.7372922107085,0.0,113.18181818181814,-6.229810798338722
5198,28.865,16.608155250169403,50.76324684131137,61.14159129314205,0.0,119.31818181818178,-6.229810798338725
5199,32.756,18.944733429818818,36.96039423933697,49.67531687081706,0.0,125.45454545454541,-6.229810798338725
5200,35.429,22.353907812664985,26.491017407509045,42.61511442183531,0.0,131.59090909090907,-6.229810798338725
5201,37.924,26.818472271504533,11.61703298548051,32.20569445864632,0.0,137.72727272727272,-6.229810798338718
5202,51.136,31.13114903236402,1.3771970862711655,26.27853532029647,0.0,143.86363636363637,-6.229810798338718
5203,51.136,22.800738642642926,4.130836972609674,76.1815756152526,0.0,150.0,49.25
5204,49.322,17.88940582077469,0.0,17.22730032529908,0.0,100.0,-0.662105495475612
5205,40.493,17.969723776536693,0.0,17.30761828106108,0.0,100.65217391304348,-0.662105495475612
5206,38.427,16.5549773277409,0.0,15.892871832265289,0.0,101.30434782608697,-0.662105495475612
5207,36.176,17.086933899226178,0.0,16.424828403750567,0.0,101.95652173913045,-0.6621054954756111
5208,38.502,18.11398084239505,0.0,17.45187534691944,0.0,102.60869565217394,-0.6621054954756111
5209,37.672,24.905629557638488,0.0,24.243524062162876,0.0,103.26086956521742,-0.6621054954756111
5210,37.672,21.707455693574165,0.0,21.045350198098554,0.0,103.91304347826089,-0.6621054954756111
5211,37.672,15.259601637435315,0.0,14.597496141959704,0.0,104.56521739130437,-0.6621054954756111
5212,37.672,10.585893843753086,0.0,9.923788348277474,0.0,105.21739130434784,-0.6621054954756111
5213,37.672,7.9255691804245965,2.6489723811318737,9.91243606608086,0.0,105.86956521739133,-0.6621054954756111
5214,37.672,4.194769871331801,10.889008205626377,14.421672581482568,0.0,106.5217391304348,-0.6621054954756111
5215,37.432,0.0,20.112242721738046,19.450137226262434,0.0,107.17391304347827,-0.6621054954756094
5216,33.078,0.0,36.14526454209101,35.483159046615405,0.0,107.82608695652176,-0.6621054954756076
5217,31.434,0.0,57.20858760656028,56.54648211108467,0.0,108.47826086956523,-0.6621054954756076
5218,31.434,0.0,75.11862919357367,74.45652369809807,0.0,109.1304347826087,-0.6621054954756076
5219,31.434,0.38864916160875496,87.43414774152552,87.16069140765867,0.0,109.78260869565219,-0.6621054954756058
5220,31.434,1.4659229742768611,88.60641913115114,89.41023660995239,0.0,110.43478260869567,-0.6621054954756076
5221,32.56,2.0645389679411656,92.3484806178629,93.75091409032845,0.0,111.08695652173913,-0.6621054954756076
5222,32.964,2.61055281437985,86.01724587273806,87.96569319164229,0.0,111.73913043478262,-0.6621054954756076
5223,34.457,1.2111839499330885,67.40993337425837,67.95901182871586,0.0,112.3913043478261,-0.6621054954756076
5224,37.346,0.0,41.23675672662838,40.57465123115277,0.0,113.04347826086956,-0.6621054954756076
5225,38.049,0.0,12.773441619064041,12.111336123588433,0.0,113.69565217391302,-0.6621054954756076
5226,49.708,0.0,1.6864323948427888,1.0243268993671812,0.0,114.3478260869565,-0.6621054954756076
5227,53.732,0.0,3.617075195753324,52.86707519575332,0.0,114.99999999999997,49.25
5228,47.042,0.0,0.0,49.25,0.0,64.99999999999997,49.25
5229,41.926,0.0,0.0,0.0,0.0,14.999999999999972,0.0
5230,39.483,16.351120581927525,0.0,13.305435302739706,0.0,14.999999999999972,-3.0456852791878184
5231,39.197,18.386919479648206,0.0,15.341234200460388,0.0,17.99999999999997,-3.0456852791878184
5232,34.182,18.3129268864779,0.0,15.267241607290082,0.0,20.99999999999997,-3.0456852791878184
5233,34.182,15.830785563529187,0.0,12.785100284341368,0.0,23.99999999999997,-3.0456852791878184
5234,34.182,15.234827933917257,0.0,12.189142654729439,0.0,26.99999999999997,-3.0456852791878184
5235,34.182,8.652357254900904,0.0,5.606671975713086,0.0,29.99999999999997,-3.045685279187818
5236,34.182,3.1487523301552374,0.0,0.10306705096741897,0.0,32.999999999999986,-3.0456852791878184
5237,34.233,3.1918502288290562,0.0,0.14616494964123783,0.0,35.99999999999997,-3.0456852791878184
5238,34.182,6.641269492295038,0.0,3.5955842131072195,0.0,38.99999999999997,-3.0456852791878184
5239,37.56,9.996751741512858,1.0387453044522192,7.989811766777258,0.0,41.99999999999997,-3.0456852791878184
5240,35.594,12.169233664296298,4.207957887544649,13.33150627265313,0.0,44.99999999999997,-3.0456852791878184
5241,33.625,14.814364314682296,13.432018820401884,25.20069785589636,0.0,47.999999999999986,-3.0456852791878184
5242,32.556,13.585883443973756,31.055940272983918,41.59613843776985,0.0,50.999999999999986,-3.0456852791878184
5243,31.564,16.835007274288557,33.431241945164224,47.22056394026497,0.0,53.999999999999986,-3.0456852791878184
5244,31.556,34.57120863801591,47.854626086501,79.38014944532908,0.0,56.999999999999986,-3.0456852791878184
5245,31.556,79.0014053526957,56.15454782508537,132.11026789859326,0.0,59.999999999999986,-3.0456852791878184
5246,32.448,79.314299216518,75.73402117806604,152.00263511539623,0.0,62.999999999999986,-3.045685279187819
5247,33.731,93.0794483293001,49.597041345871716,139.630804395984,0.0,66.0,-3.0456852791878193
5248,34.182,84.32520609792054,32.96916088539978,114.2486817041325,0.0,69.0,-3.045685279187819
5249,34.659,60.12009570976577,11.12450161341982,68.19891204399777,0.0,72.0,-3.0456852791878193
5250,35.034,45.69589427010584,0.984115575610416,43.634324566528434,0.0,75.0,-3.0456852791878197
5251,43.618,49.42314347953032,2.8180400030541235,49.19549820339662,0.0,77.99999999999999,-3.0456852791878193
5252,35.034,53.828295118471445,0.0,50.78260983928362,0.0,80.99999999999997,-3.04568527918782
5253,34.621,60.611391129382426,0.0,57.565705850194604,0.0,83.99999999999999,-3.0456852791878197
5254,34.182,85.05796690112166,0.0,82.01228162193384,0.0,87.0,-3.0456852791878193
5255,34.182,90.95506167437267,0.0,87.90937639518485,0.0,90.0,-3.04568527918782
5256,32.581,88.8960601462451,0.0,85.85037486705728,0.0,92.99999999999999,-3.04568527918782
5257,32.581,85.15688591475728,0.0,82.11120063556946,0.0,95.99999999999999,-3.045685279187821
5258,32.581,78.54310519670099,0.0,75.49741991751317,0.0,99.0,-3.045685279187822
5259,32.581,78.35762850351821,0.0,75.31194322433039,0.0,101.99999999999999,-3.045685279187821
5260,32.581,74.91877053118532,0.0,71.8730852519975,0.0,104.99999999999997,-3.045685279187822
5261,32.581,63.602372649599516,0.9779396826578891,61.534627053069585,0.0,107.99999999999997,-3.045685279187823
5262,32.695,66.84127514922571,8.287063759800395,72.08265362983828,0.0,110.99999999999996,-3.0456852791878237
5263,33.812,77.9528539299206,16.12523730644844,91.03240595718121,0.0,113.99999999999994,-3.0456852791878255
5264,32.65,126.27360534628055,33.59655343850921,156.82447350560193,0.0,116.99999999999994,-3.0456852791878237
5265,31.029,110.93102627819687,42.41068212883927,150.29602312784831,0.0,119.99999999999993,-3.0456852791878255
5266,30.118,93.02527585885393,55.73982236164341,145.7194129413095,0.0,122.99999999999991,-3.0456852791878273
5267,28.901,76.69798979196611,68.03025625100784,141.6825607637861,0.0,125.99999999999991,-3.0456852791878255
5268,28.901,101.79481087331834,83.08338801582211,181.8325136099526,0.0,128.99999999999994,-3.0456852791878255
5269,28.498,133.14359469503844,95.28991306339202,225.38782247924263,0.0,131.99999999999994,-3.0456852791878255
5270,31.316,155.50233310626524,79.4608440737986,231.917491900876,0.0,134.99999999999994,-3.045685279187829
5271,32.281,162.42385494601317,59.26918011068555,218.64734977751087,0.0,137.99999999999994,-3.045685279187829
5272,33.24,155.401661558297,41.75873806255337,194.11471434166253,0.0,140.99999999999997,-3.045685279187822
5273,34.477,155.97863320537448,10.907916015429725,163.8408639416164,0.0,144.0,-3.0456852791878077
5274,46.773,162.5741931167893,0.477266745347744,160.00577458294924,0.0,147.0,-3.0456852791878077
5275,45.223,177.84571067790026,2.353619524136902,194.97433020203715,0.0,150.0,14.775
5276,38.25,173.2752507738986,0.0,188.0502507738986,0.0,135.0,14.774999999999999
5277,37.532,168.21348176422566,0.0,182.98848176422567,0.0,120.0,14.774999999999999
5278,33.958,176.3285788938991,0.0,191.1035788938991,0.0,105.00000000000001,14.775000000000006
5279,32.581,184.24624012997558,0.0,199.02124012997558,0.0,90.00000000000001,14.775000000000006
5280,36.461,188.60538658103815,0.0,184.37526813772172,0.0,75.0,-4.230118443316421
5281,36.461,181.22012347617982,0.0,176.9900050328634,0.0,79.16666666666667,-4.230118443316421
5282,36.461,170.51828940587689,0.0,166.28817096256046,0.0,83.33333333333334,-4.230118443316414
5283,36.461,167.07991949689546,0.0,162.84980105357903,0.0,87.5,-4.230118443316414
5284,36.461,152.42006779072986,0.0,148.18994934741346,0.0,91.66666666666667,-4.230118443316414
5285,36.461,138.5207738946884,2.1760792449967212,136.4667346963687,0.0,95.83333333333334,-4.230118443316416
5286,35.323,126.8611021802182,9.75912618670754,132.39010992360932,0.0,100.00000000000001,-4.230118443316414
5287,35.17,160.508979945863,24.551002213069268,180.82986371561583,0.0,104.16666666666669,-4.230118443316414
5288,33.852,173.0904032529522,35.43792290562779,204.2982077152636,0.0,108.33333333333334,-4.230118443316412
5289,32.157,177.37724301231557,67.84110981619516,240.98823438519432,0.0,112.5,-4.230118443316412
5290,32.238,163.69409869320774,57.34891655588849,216.81289680577984,0.0,116.66666666666667,-4.230118443316413
5291,32.745,143.58907876155618,80.79204926332785,220.15100958156765,0.0,120.83333333333334,-4.230118443316412
5292,34.567,138.76892854098494,88.23722563709825,222.7760357347668,0.0,125.0,-4.230118443316411
5293,35.779,145.07644102683187,73.29917682980242,214.14549941331788,0.0,129.16666666666666,-4.23011844331641
5294,35.906,158.63862324307223,57.74763728078882,212.15614208054464,0.0,133.33333333333331,-4.23011844331641
5295,36.173,176.08241651064404,47.28067062691627,219.1329686942439,0.0,137.49999999999997,-4.230118443316411
5296,36.461,178.83224707635847,33.55766175812097,208.15979039116306,0.0,141.66666666666666,-4.230118443316411
5297,38.052,154.39125098894792,11.386745225240432,161.54787777087196,0.0,145.83333333333331,-4.230118443316411
5298,47.132,121.01034050195553,1.0076993221664121,171.26803982412196,0.0,150.0,49.25
5299,41.767,99.72401407623497,1.932541725491167,136.13155580172617,0.0,100.0,34.47500000000004
5300,42.868,85.17535879553415,0.0,134.42535879553415,0.0,64.99999999999997,49.25
5301,40.841,81.43047741494883,0.0,81.43047741494883,0.0,14.999999999999972,0.0
5302,37.817,63.93063001622005,0.0,63.93063001622005,0.0,14.999999999999972,0.0
5303,36.937,72.25740757844287,0.0,72.25740757844287,0.0,14.999999999999972,0.0
5304,38.988,78.97807167597931,0.0,78.97807167597931,0.0,14.999999999999972,0.0
5305,38.988,89.24547446858597,0.0,89.24547446858597,0.0,14.999999999999972,0.0
5306,38.988,94.59498292462939,0.0,94.59498292462939,0.0,14.999999999999972,0.0
5307,38.988,100.4481831350365,0.0,100.4481831350365,0.0,14.999999999999972,0.0
5308,38.988,94.69700967192131,0.0,94.69700967192131,0.0,14.999999999999972,0.0
5309,38.988,79.85813588389667,2.2766597128858725,82.13479559678254,0.0,14.999999999999972,0.0
5310,38.724,75.62497232341025,10.726330337046736,74.92998286350266,0.0,14.999999999999972,-11.421319796954315
5311,35.933,96.23288290056144,25.890951610169306,110.70251471377642,0.0,26.24999999999997,-11.421319796954315
5312,35.627,95.41156803334331,40.45005596551252,124.44030420190151,0.0,37.49999999999997,-11.421319796954316
5313,33.28,86.12447132962163,57.1351324440432,131.8382839767105,0.0,48.74999999999996,-11.421319796954318
5314,33.316,83.24122240225554,59.37105221029045,131.19095481559168,0.0,59.99999999999994,-11.421319796954318
5315,33.28,80.79654341749205,66.83278779037441,136.20801141091215,0.0,71.24999999999996,-11.421319796954318
5316,33.28,76.15367088598316,63.196394017555534,127.92874510658436,0.0,82.49999999999997,-11.421319796954318
5317,34.263,72.6303708359917,81.91697619857202,143.12602723760938,0.0,93.74999999999997,-11.421319796954322
5318,34.502,74.10519167828532,42.275676771819256,104.95954865315025,0.0,104.99999999999997,-11.421319796954318
5319,35.97,76.6412628587945,50.31514190265467,115.53508496449487,0.0,116.24999999999999,-11.421319796954315
5320,37.927,77.55961018506223,29.128752661559876,95.26704304966779,0.0,127.5,-11.421319796954307
5321,38.988,73.60908596746053,11.18001321075057,73.3677793812568,0.0,138.75,-11.421319796954307
5322,55.609,65.94624187671405,0.3562624232701304,115.55250429998418,0.0,150.0,49.25
5323,55.609,54.8005949330952,2.19049916739495,106.24109410049014,0.0,100.0,49.25
5324,39.415,55.879649988083415,0.0,90.35464998808345,0.0,50.0,34.47500000000004
5325,38.988,57.015820405493194,0.0,57.015820405493194,0.0,14.999999999999972,0.0
5326,38.988,61.121969965473774,0.0,61.121969965473774,0.0,14.999999999999972,0.0
5327,38.988,82.05999807157072,0.0,82.05999807157072,0.0,14.999999999999972,0.0
5328,37.755,75.58524336419765,0.0,75.58524336419765,0.0,14.999999999999972,0.0
5329,37.755,83.67677261381816,0.0,83.67677261381816,0.0,14.999999999999972,0.0
5330,37.755,85.40667999494377,0.0,85.40667999494377,0.0,14.999999999999972,0.0
5331,37.755,93.51584358467075,0.0,93.51584358467075,0.0,14.999999999999972,0.0
5332,37.755,107.29914409934179,0.0,107.29914409934179,0.0,14.999999999999972,0.0
5333,37.755,102.16450439005983,1.675384289252606,103.83988867931244,0.0,14.999999999999972,0.0
5334,38.88,98.74881644291655,8.478164176249276,95.80566082221151,0.0,14.999999999999972,-11.421319796954318
5335,36.074,159.7024774590774,25.78392547867892,174.065083140802,0.0,26.249999999999975,-11.421319796954318
5336,35.067,151.28005298102124,30.65215532586359,170.5108885099305,0.0,37.49999999999996,-11.421319796954318
5337,33.048,124.92456719740059,40.87716825529842,154.38041565574468,0.0,48.74999999999994,-11.421319796954318
5338,32.752,90.03487145431936,47.233356541260825,125.84690819862587,0.0,59.99999999999994,-11.421319796954318
5339,32.752,78.48187328246006,65.1040139280919,132.16456741359764,0.0,71.24999999999996,-11.421319796954318
5340,32.974,64.22954775752589,46.45631339639567,99.26454135696724,0.0,82.49999999999997,-11.421319796954318
5341,33.636,52.65401702772743,38.453326145202396,79.68602337597551,0.0,93.74999999999997,-11.421319796954322
5342,33.779,50.47287014764566,39.06516938549415,78.11671973618549,0.0,104.99999999999997,-11.421319796954318
5343,35.26,42.612094674485824,29.820047821839925,61.01082269937144,0.0,116.24999999999999,-11.421319796954315
5344,37.755,39.426157257861206,30.83636064325907,58.84119810416597,0.0,127.5,-11.421319796954307
5345,38.153,36.02940813557203,10.34416401984629,34.95225235846401,0.0,138.75,-11.421319796954307
5346,53.85,31.857654504993846,0.4696593189066268,81.57731382390048,0.0,150.0,49.25
5347,51.828,30.840415767889663,2.0929097333040265,82.18332550119369,0.0,100.0,49.25
5348,38.628,26.438120667679605,0.0,60.91312066767964,0.0,50.0,34.47500000000004
5349,38.908,19.24587868485739,0.0,19.24587868485739,0.0,14.999999999999972,0.0
5350,37.906,15.576327760364164,0.0,15.576327760364164,0.0,14.999999999999972,0.0
5351,37.906,8.256779751285167,0.0,8.256779751285167,0.0,14.999999999999972,0.0
5352,33.415,5.048395648902446,0.0,5.048395648902446,0.0,14.999999999999972,0.0
5353,33.412,3.015375995940722,0.0,3.015375995940722,0.0,14.999999999999972,0.0
5354,33.412,1.3371756191890019,0.0,1.3371756191890019,0.0,14.999999999999972,0.0
5355,33.415,0.0,0.0,0.0,0.0,14.999999999999972,0.0
5356,33.412,0.0,0.0,0.0,0.0,14.999999999999972,0.0
5357,36.298,0.0,2.2684153927022566,2.2684153927022566,0.0,14.999999999999972,0.0
5358,33.412,0.0,10.204635552838802,10.204635552838802,0.0,14.999999999999972,0.0
5359,32.408,0.0,16.674380222501874,16.674380222501874,0.0,14.999999999999972,0.0
5360,32.107,0.0,32.46774058886318,32.46774058886318,0.0,14.999999999999972,0.0
5361,31.179,0.0,49.71206439815928,49.71206439815928,0.0,14.999999999999972,0.0
5362,29.934,0.0,82.03435089943653,82.03435089943653,0.0,14.999999999999972,0.0
5363,29.934,0.0,94.88795590596636,94.88795590596636,0.0,14.999999999999972,0.0
5364,29.983,0.0,94.80359826262887,94.80359826262887,0.0,14.999999999999972,0.0
5365,31.199,0.0,67.51493053682577,67.51493053682577,0.0,14.999999999999972,0.0
5366,31.565,0.0,64.87192067956038,64.87192067956038,0.0,14.999999999999972,0.0
5367,31.767,0.12264718219974896,49.967836667684786,50.090483849884535,0.0,14.999999999999972,0.0
5368,33.412,1.0128775052452015,38.6117968520702,39.6246743573154,0.0,14.999999999999972,0.0
5369,34.914,1.3051602740979653,10.129660634700148,11.434820908798113,0.0,14.999999999999972,0.0
5370,48.561,2.149200120165005,2.0046654232404952,4.1538655434055,0.0,14.999999999999972,0.0
5371,48.224,3.667414936465753,2.3904094571469967,6.05782439361275,0.0,14.999999999999972,0.0
5372,34.91,4.1152325333888555,0.0,3.9087378790699177,0.0,14.999999999999972,-0.20649465431893788
5373,34.047,3.5432801682747073,0.0,3.3367855139557694,0.0,15.203397234504125,-0.20649465431893788
5374,33.412,2.699421608150456,0.0,2.492926953831518,0.0,15.406794469008279,-0.20649465431893788
5375,33.412,1.9777243395898811,0.0,1.7712296852709433,0.0,15.610191703512433,-0.20649465431893788
5376,32.194,2.0102236467258368,0.0,1.8037289924068989,0.0,15.813588938016586,-0.20649465431893788
5377,32.194,1.9478943936042155,0.0,1.7413997392852776,0.0,16.016986172520742,-0.20649465431893788
5378,32.194,0.955484492582628,0.0,0.7489898382636901,0.0,16.220383407024897,-0.20649465431893788
5379,32.194,0.514947278051571,0.0,0.30845262373263316,0.0,16.423780641529053,-0.20649465431893788
5380,32.194,0.20649465431894384,0.0,0.0,0.0,16.62717787603321,-0.20649465431893788
5381,32.629,0.47251813522236924,2.1475972551674904,2.413620736070922,0.0,16.830575110537364,-0.20649465431893788
5382,32.194,0.0,10.355149610698135,2.999054730627263,0.0,17.03397234504152,-7.356094880070872
5383,29.303,0.0,21.387940835262373,14.031845955191502,0.0,24.279725801911326,-7.356094880070872
5384,24.7,0.0,40.156961806156104,32.800866926085234,0.0,31.52547925878114,-7.356094880070872
5385,15.389,0.0,71.6646761112928,64.30858123122194,0.0,38.77123271565095,-7.356094880070872
5386,14.853,0.0,91.50585781496902,84.14976293489815,0.0,46.01698617252076,-7.356094880070872
5387,14.853,0.0,100.0,92.64390511992913,0.0,53.26273962939057,-7.35609488007087
5388,14.853,0.0,95.595646444742,88.23955156467113,0.0,60.50849308626039,-7.3560948800708665
5389,14.984,0.0,89.40061837282501,82.04452349275414,0.0,67.7542465431302,-7.3560948800708665
5390,15.192,0.0,77.83140362954572,67.9669380305883,0.0,75.0,-9.864465598957416
5391,24.449,0.0,57.237890771052335,47.37342517209492,0.0,84.71649861497306,-9.864465598957416
5392,29.272,0.0,35.30186515653954,25.437399557582125,0.0,94.43299722994612,-9.864465598957416
5393,33.211,0.0,9.864465598957421,0.0,0.0,104.14949584491919,-9.864465598957416
5394,38.143,5.95271098564888,1.8374690941755176,0.0,0.0,113.86599445989225,-7.790180079824395
5395,39.949,13.537176900734297,2.1104158832359388,14.443672387968512,0.0,121.53932183851929,-1.2039203960017235
5396,37.131,21.348511042880887,0.0,20.144590646879163,0.0,122.72518342858098,-1.2039203960017235
5397,36.727,23.963746352036875,0.0,22.75982595603515,0.0,123.91104501864267,-1.203920396001724
5398,33.747,34.19345447740298,0.0,32.98953408140126,0.0,125.09690660870437,-1.203920396001724
5399,33.082,30.796605769605705,0.0,29.59268537360398,0.0,126.28276819876606,-1.2039203960017248
5400,34.981,27.022008814880323,0.0,25.8180884188786,0.0,127.46862978882776,-1.2039203960017248
5401,34.981,22.225949116550723,0.0,21.022028720548995,0.0,128.65449137888945,-1.2039203960017257
5402,34.981,18.895521891695747,0.0,17.69160149569402,0.0,129.84035296895115,-1.2039203960017266
5403,34.981,16.71359795486801,0.0,15.509677558866285,0.0,131.02621455901286,-1.2039203960017257
5404,34.981,15.04466312078296,0.0,13.840742724781235,0.0,132.21207614907453,-1.2039203960017257
5405,35.258,14.7758424885529,2.0491589215990906,15.621081014150265,0.0,133.39793773913624,-1.2039203960017257
5406,35.401,12.734760508947588,10.347437275486634,21.878277388432494,0.0,134.58379932919792,-1.2039203960017275
5407,37.043,7.108879729134635,26.86358169715655,32.76854103028946,0.0,135.76966091925962,-1.2039203960017275
5408,34.054,8.027057578509151,52.80897444143772,59.63211162394514,0.0,136.9555225093213,-1.2039203960017275
5409,31.71,12.405042640907691,70.25543412855049,81.45655637345645,0.0,138.14138409938298,-1.2039203960017293
5410,30.978,18.881138174158856,87.7897044517148,105.46692222987193,0.0,139.32724568944468,-1.2039203960017275
5411,30.978,32.86605920737246,95.24111695552845,126.90325576689918,0.0,140.5131072795064,-1.2039203960017275
5412,31.18,39.27125142466083,88.49854338056402,126.56587440922311,0.0,141.6989688695681,-1.2039203960017275
5413,32.712,36.86384705914435,92.87938057947719,128.5393072426198,0.0,142.8848304596298,-1.2039203960017275
5414,34.981,36.56732477451204,88.43135502050339,123.79475939901369,0.0,144.0706920496915,-1.2039203960017275
5415,35.233,41.31058301331884,68.05584504033261,108.16250765764971,0.0,145.25655363975318,-1.2039203960017275
5416,36.439,44.8056432237959,42.79951202410919,86.40123485190335,0.0,146.44241522981488,-1.2039203960017275
5417,37.414,35.51200239921614,13.305750307454936,47.61383231066936,0.0,147.6282768198766,-1.2039203960017204
5418,37.211,33.00290876037508,2.9623006922200203,34.76128905659338,0.0,148.8141384099383,-1.2039203960017204
5419,46.158,33.91895195804344,1.9521172169641328,35.87106917500758,0.0,150.0,0.0
5420,36.623,33.81305757860854,0.0,33.81305757860854,0.0,150.0,0.0
5421,35.411,35.263210223020145,0.0,35.263210223020145,0.0,150.0,0.0
5422,34.981,42.66020254378977,0.0,42.66020254378977,0.0,150.0,0.0
5423,34.981,45.3141005350551,0.0,45.3141005350551,0.0,150.0,0.0
5424,35.284,45.97629226708635,0.0,45.97629226708635,0.0,150.0,0.0
5425,35.284,46.32205288905448,0.0,46.32205288905448,0.0,150.0,0.0
5426,35.284,44.741981774520454,0.0,44.741981774520454,0.0,150.0,0.0
5427,35.284,40.94956135111684,0.0,40.94956135111684,0.0,150.0,0.0
5428,35.284,36.92604761174851,0.0,36.92604761174851,0.0,150.0,0.0
5429,35.284,37.779191353477884,1.8679675619838798,39.647158915461766,0.0,150.0,0.0
5430,34.777,32.97863135380441,10.23228972690357,43.210921080707976,0.0,150.0,0.0
5431,36.249,25.814070053678122,29.97099195005728,55.785062003735405,0.0,150.0,0.0
5432,35.567,26.85223100669144,55.655276612988914,82.50750761968035,0.0,150.0,0.0
5433,33.079,35.58390126532578,79.13718093904588,114.72108220437165,0.0,150.0,0.0
5434,32.873,44.99283893369113,89.66192677464979,134.6547657083409,0.0,150.0,0.0
5435,32.873,48.05115039573012,95.91721738965599,143.9683677853861,0.0,150.0,0.0
5436,32.873,45.26970949874708,100.0,145.2697094987471,0.0,150.0,0.0
5437,35.269,37.54259133326042,100.0,137.54259133326042,0.0,150.0,0.0
5438,35.727,29.460004516651868,92.04159010250869,121.50159461916056,0.0,150.0,0.0
5439,36.628,22.389093681724507,70.13307531075735,92.52216899248185,0.0,150.0,0.0
5440,38.802,17.151727264746395,36.88308100304892,54.03480826779531,0.0,150.0,0.0
5441,50.926,15.683260866358776,11.051265496131933,75.98452636249071,0.0,150.0,49.25
5442,51.313,16.051980075102215,1.7086440237929708,67.01062409889519,0.0,100.0,49.25
5443,50.649,19.125488833427433,1.1839457220288667,54.784434555456336,0.0,50.0,34.47500000000004
5444,38.695,25.613493431149976,0.0,19.087024975747504,0.0,14.999999999999972,-6.526468455402471
5445,36.45,29.241711792992543,0.0,22.715243337590074,0.0,21.428571428571402,-6.526468455402471
5446,35.284,36.743159941021126,0.0,30.216691485618654,0.0,27.85714285714282,-6.526468455402471
5447,35.284,32.14879689073348,0.0,25.622328435331006,0.0,34.285714285714235,-6.526468455402472
5448,33.582,27.371996674336845,0.0,20.845528218934373,0.0,40.71428571428568,-6.526468455402473
5449,33.582,25.454349100611726,0.0,18.927880645209253,0.0,47.142857142857096,-6.526468455402473
5450,33.582,22.236033480483925,0.0,15.709565025081453,0.0,53.57142857142851,-6.526468455402473
5451,33.582,18.224183226031176,0.0,11.697714770628703,0.0,59.99999999999994,-6.5264684554024734
5452,33.582,19.186620460371046,0.0,12.660152004968573,0.0,66.42857142857136,-6.5264684554024734
5453,33.582,21.715245592427095,1.6572345417637826,16.8460116787884,0.0,72.85714285714279,-6.526468455402474
5454,32.983,19.106888247439954,10.09127568592245,22.671695477959933,0.0,79.2857142857142,-6.5264684554024734
5455,33.642,10.476988997098454,29.749918602852926,33.70043914454891,0.0,85.71428571428562,-6.526468455402474
5456,32.048,9.119355025655109,51.50121018432227,54.094096754574906,0.0,92.14285714285705,-6.526468455402474
5457,22.238,11.521541375211669,77.05331534300852,82.04838826281771,0.0,98.57142857142848,-6.526468455402474
5458,15.082,17.850351334032993,93.54715613432533,104.87103901295585,0.0,104.99999999999993,-6.526468455402474
5459,15.032,24.530556031280945,99.31473170361863,117.3188192794971,0.0,111.42857142857136,-6.526468455402476
5460,14.891,24.773931772709616,97.04183397725427,115.28929729456141,0.0,117.8571428571428,-6.526468455402476
5461,14.891,24.20394303149681,98.46737475924485,116.14484933533919,0.0,124.28571428571425,-6.526468455402473
5462,21.489,26.849402883125002,91.0407813942014,111.36371582192393,0.0,130.7142857142857,-6.526468455402473
5463,31.731,38.1174495409115,72.0928400713363,103.68382115684534,0.0,137.14285714285714,-6.5264684554024655
5464,33.582,45.94046522212831,44.678849777009525,84.09284654373536,0.0,143.57142857142858,-6.5264684554024655
5465,37.207,42.96438848567107,13.4450932864114,56.40948177208247,0.0,150.0,0.0
5466,34.369,43.38750972969764,3.02154250771499,46.40905223741263,0.0,150.0,0.0
5467,33.247,47.88169852895993,1.392477332251168,49.2741758612111,0.0,150.0,0.0
5468,34.505,52.940847045363185,0.0,52.940847045363185,0.0,150.0,0.0
5469,33.048,55.54030806597224,0.0,55.54030806597224,0.0,150.0,0.0
5470,32.386,61.38010483184368,0.0,61.38010483184368,0.0,150.0,0.0
5471,32.386,57.80531621273109,0.0,57.80531621273109,0.0,150.0,0.0
5472,32.803,52.40557502756253,0.0,52.40557502756253,0.0,150.0,0.0
5473,32.803,57.99487504240969,0.0,57.99487504240969,0.0,150.0,0.0
5474,32.803,61.566047008114296,0.0,61.566047008114296,0.0,150.0,0.0
5475,32.803,64.90087180660345,0.0,64.90087180660345,0.0,150.0,0.0
5476,32.803,76.33267561279813,0.0,76.33267561279813,0.0,150.0,0.0
5477,32.803,78.41807088403125,0.3729680880524014,78.79103897208365,0.0,150.0,0.0
5478,32.803,70.6984321170049,6.209192418202203,76.9076245352071,0.0,150.0,0.0
5479,33.809,51.97765590659406,11.969845986684078,63.94750189327814,0.0,150.0,0.0
5480,33.579,47.57324404866,16.353675799210805,63.926919847870806,0.0,150.0,0.0
5481,33.694,61.98268163110043,21.117908388383842,83.10059001948427,0.0,150.0,0.0
5482,34.367,40.00963112044557,18.667668053367382,58.677299173812955,0.0,150.0,0.0
5483,34.434,34.499349496038874,6.501531143991987,41.000880640030864,0.0,150.0,0.0
5484,34.434,33.881675659226616,3.086535141598776,36.96821080082539,0.0,150.0,0.0
5485,36.152,16.42345146697068,9.025292652382557,25.448744119353236,0.0,150.0,0.0
5486,36.411,9.999821021860612,16.552492640317826,26.552313662178438,0.0,150.0,0.0
5487,37.541,7.948833552489479,28.562105090489965,36.51093864297944,0.0,150.0,0.0
5488,38.372,5.150444409858212,25.185120554330197,30.335564964188407,0.0,150.0,0.0
5489,38.984,5.1519662157764,9.465822004629201,14.6177882204056,0.0,150.0,0.0
5490,48.219,4.560760580303175,0.8030215934397537,54.613782173742926,0.0,150.0,49.25
5491,48.265,5.530778852011268,1.0887921783433694,55.869571030354635,0.0,100.0,49.25
5492,47.702,9.810518300494822,0.0,12.29414328878651,0.0,50.0,2.4836249882916874
5493,47.702,10.253189379686374,0.0,10.253189379686374,0.0,47.478553311379,0.0
5494,38.568,9.950720789713412,0.0,0.0,0.0,47.478553311379,-9.950720789713408
5495,37.623,8.54693714143257,0.0,0.0,0.0,57.28001328924671,-8.546937141432563
5496,37.069,5.722503226103631,0.0,2.351851669627483,0.0,65.69874637355778,-3.3706515564761474
5497,35.713,3.370651556476152,0.0,0.0,0.0,69.01883815668678,-3.3706515564761474
5498,35.713,1.3507969848650891,0.0,0.0,0.0,72.33892993981578,-1.3507969848650845
5499,35.713,1.7296100638551217,0.0,0.37881307899003724,0.0,73.66946496990789,-1.3507969848650845
5500,35.713,1.4131536668009699,0.0,2.1167250953724004,0.0,75.0,0.7035714285714304
5501,35.713,1.9860216099877934,0.0,2.6895930385592237,0.0,74.28571428571429,0.7035714285714304
5502,34.565,5.097954165245047,5.548564149663782,11.35008974348026,0.0,73.57142857142857,0.703571428571431
5503,37.661,6.415977883958195,17.056623917635104,24.17617323016473,0.0,72.85714285714286,0.703571428571431
5504,34.895,9.919865233422541,26.347088172963495,36.970524834957466,0.0,72.14285714285714,0.703571428571431
5505,32.409,10.733860535694173,44.051883728666105,55.489315692931704,0.0,71.42857142857142,0.703571428571431
5506,31.81,6.552928321880023,53.880670322088896,61.13717007254035,0.0,70.71428571428571,0.703571428571431
5507,32.107,9.354873105396413,65.51591931866746,75.5743638526353,0.0,69.99999999999999,0.703571428571431
5508,32.138,10.004293911918136,77.15969185151388,87.86755719200346,0.0,69.28571428571428,0.7035714285714327
5509,32.618,8.950821518746222,66.06660619645261,75.72099914377027,0.0,68.57142857142857,0.7035714285714345
5510,33.198,9.456564540295313,64.2734563739779,74.43359234284465,0.0,67.85714285714285,0.7035714285714327
5511,34.524,8.317094726811892,54.687521862563756,63.70818801794708,0.0,67.14285714285712,0.7035714285714327
5512,38.122,7.456538907490646,35.55343276979882,43.71354310586089,0.0,66.4285714285714,0.7035714285714292
5513,45.431,7.024891334007834,8.881087460873841,16.6095502234531,0.0,65.71428571428568,0.7035714285714221
5514,51.546,11.906191634506254,1.1248093331447317,62.28100096765098,0.0,64.99999999999997,49.25
5515,51.546,23.650826748732555,0.3043830292141239,18.244549879469517,0.0,14.999999999999972,-5.710659898477162
5516,39.308,40.28569577734047,0.0,34.57503587886331,0.0,20.624999999999975,-5.710659898477162
5517,35.502,56.34699860517724,0.0,50.63633870670008,0.0,26.24999999999998,-5.710659898477161
5518,34.058,67.42938292621407,0.0,61.718723027736914,0.0,31.874999999999986,-5.710659898477161
5519,33.198,70.86169893800779,0.0,65.15103903953063,0.0,37.499999999999986,-5.710659898477161
5520,32.093,63.65948419756654,0.0,57.94882429908938,0.0,43.124999999999986,-5.710659898477161
5521,31.933,76.44884374427032,0.0,70.73818384579316,0.0,48.749999999999986,-5.710659898477161
5522,31.933,84.563305416733,0.0,78.85264551825584,0.0,54.375000000000014,-5.710659898477161
5523,31.933,86.55052716805514,0.0,80.83986726957798,0.0,60.000000000000014,-5.71065989847716
5524,31.933,81.56117834292691,0.0,75.85051844444975,0.0,65.62500000000001,-5.710659898477159
5525,31.933,56.52468881661439,0.012605780110946995,50.82663469824818,0.0,71.25000000000001,-5.71065989847716
5526,31.933,29.51939507942218,8.593032909900622,32.401768090845636,0.0,76.875,-5.71065989847716
5527,31.411,17.572261015102946,21.545610292920582,33.40721140954636,0.0,82.5,-5.710659898477161
5528,30.893,14.940140852377148,41.573319667789846,50.80280062168983,0.0,88.12499999999999,-5.710659898477159
5529,29.263,9.486746497036712,59.15263366461742,62.92872026317697,0.0,93.74999999999997,-5.710659898477161
5530,29.134,15.157261727841977,75.29649762856778,84.7430994579326,0.0,99.37499999999996,-5.710659898477161
5531,29.134,20.581345184189466,73.60979762150012,88.48048290721243,0.0,104.99999999999996,-5.710659898477161
5532,29.134,22.514144756799816,79.68022231627559,96.48370717459824,0.0,110.62499999999997,-5.710659898477161
5533,29.134,42.65028716029736,75.89043036716483,112.83005762898503,0.0,116.24999999999997,-5.710659898477161
5534,30.169,49.027933894174986,44.83926274317444,88.15653673887226,0.0,121.87499999999997,-5.710659898477164
5535,31.281,50.23226437099781,49.83544459091742,94.35704906343807,0.0,127.49999999999997,-5.710659898477161
5536,32.679,71.58840053840463,38.132982113276334,104.0107227532038,0.0,133.125,-5.710659898477154
5537,34.583,109.78754167438372,11.345795252959539,115.4226770288661,0.0,138.75,-5.710659898477147
5538,44.268,112.51517681591542,2.3276549552673824,109.13217187270565,0.0,144.375,-5.710659898477147
5539,43.743,102.65588706592449,0.23846713250353907,102.89435419842803,0.0,150.0,0.0
5540,34.845,91.97275035437046,0.0,91.97275035437046,0.0,150.0,0.0
5541,34.016,78.02120432651023,0.0,78.02120432651023,0.0,150.0,0.0
5542,32.365,67.46996556496715,0.0,67.46996556496715,0.0,150.0,0.0
5543,32.035,46.4368320553189,0.0,46.4368320553189,0.0,150.0,0.0
5544,33.35,29.27580209017649,0.0,29.27580209017649,0.0,150.0,0.0
5545,33.35,21.87677144367862,0.0,21.87677144367862,0.0,150.0,0.0
5546,33.35,17.82414288361444,0.0,17.82414288361444,0.0,150.0,0.0
5547,33.35,12.65968039442617,0.0,12.65968039442617,0.0,150.0,0.0
5548,33.35,12.085933772147332,0.0,12.085933772147332,0.0,150.0,0.0
5549,33.603,7.07603139279874,0.45544369752349695,7.531475090322236,0.0,150.0,0.0
5550,33.665,1.0425464612457318,8.27638870636869,9.318935167614422,0.0,150.0,0.0
5551,33.543,0.0,23.25614055886268,23.25614055886268,0.0,150.0,0.0
5552,31.262,0.0,42.847783246182644,42.847783246182644,0.0,150.0,0.0
5553,29.984,0.0,60.43792950210095,60.43792950210095,0.0,150.0,0.0
5554,29.988,0.29371122695372703,81.63741955423338,81.93113078118711,0.0,150.0,0.0
5555,30.257,4.637278200266407,88.13194402475487,92.76922222502128,0.0,150.0,0.0
5556,30.257,3.481453398370916,98.80846586867435,102.28991926704526,0.0,150.0,0.0
5557,31.558,3.5490588695822134,93.4646372371741,97.01369610675631,0.0,150.0,0.0
5558,33.279,4.183413482738956,86.7846566459548,90.96807012869375,0.0,150.0,0.0
5559,33.543,2.2408899421827435,68.23017744444961,70.47106738663236,0.0,150.0,0.0
5560,34.56,2.735484306135352,41.71759128415838,44.453075590293736,0.0,150.0,0.0
5561,42.977,4.006732067612413,11.491510884561862,15.498242952174275,0.0,150.0,0.0
5562,48.501,2.3962268042321098,1.2370673679825146,52.883294172214626,0.0,150.0,49.25
5563,48.501,1.5106793687328166,0.01093530028998589,50.7716146690228,0.0,100.0,49.25
5564,48.135,0.010615807892001191,0.0,34.48561580789204,0.0,50.0,34.47500000000004
5565,42.977,1.4663696260771706,0.0,1.4663696260771706,0.0,14.999999999999972,0.0
5566,38.247,14.988158801224948,0.0,14.988158801224948,0.0,14.999999999999973,0.0
5567,36.069,27.566439606082483,0.0,27.566439606082483,0.0,14.999999999999972,0.0
5568,36.806,36.992267815855286,0.0,36.992267815855286,0.0,14.999999999999972,0.0
5569,36.806,39.85414155465897,0.0,39.85414155465897,0.0,14.999999999999972,0.0
5570,36.806,45.812917818242305,0.0,45.812917818242305,0.0,14.999999999999972,0.0
5571,36.806,0.0,0.0,0.0,0.0,14.999999999999972,0.0
5572,36.806,15.472345113466826,0.0,15.472345113466826,0.0,14.999999999999972,0.0
5573,36.806,20.979822524618488,0.22045386294150707,21.200276387559995,0.0,14.999999999999972,0.0
5574,36.806,4.246127686288069,7.860556820022185,12.106684506310254,0.0,14.999999999999972,0.0
5575,36.025,0.0,24.454481663320852,24.454481663320852,0.0,14.999999999999972,0.0
5576,36.035,14.59122396966954,46.93521183077187,61.52643580044141,0.0,14.999999999999972,0.0
5577,33.517,18.301248888571497,59.691271077255536,77.99251996582703,0.0,14.999999999999972,0.0
5578,33.044,13.994592032226626,80.01286988769603,94.00746191992265,0.0,14.999999999999972,0.0
5579,32.882,10.928311484611948,94.66468009715902,105.59299158177097,0.0,14.999999999999972,0.0
5580,32.882,25.611471584454577,93.69916058881633,119.3106321732709,0.0,14.999999999999972,0.0
5581,32.882,43.75183561809494,94.76766847120042,138.51950408929537,0.0,14.999999999999972,0.0
5582,34.355,42.30201609983048,84.32173772966745,126.62375382949793,0.0,14.999999999999972,0.0
5583,35.49,32.05198597321632,71.2069671557058,103.25895312892212,0.0,14.999999999999972,0.0
5584,35.897,29.321201310911356,42.978112027253665,72.29931333816502,0.0,14.999999999999972,0.0
5585,36.806,27.764889969088095,12.038537317943197,39.80342728703129,0.0,14.999999999999972,0.0
5586,40.813,25.392287628145557,1.6268307184821234,27.01911834662768,0.0,14.999999999999972,0.0
5587,47.455,18.634183989441112,0.0,18.634183989441112,0.0,14.999999999999972,0.0
5588,50.012,13.775019231135463,0.0,8.45715604525197,0.0,14.999999999999972,-5.317863185883493
5589,38.747,12.02780980951546,0.0,6.709946623631968,0.0,20.23809523809521,-5.317863185883493
5590,36.806,13.747912901217473,0.0,8.43004971533398,0.0,25.47619047619044,-5.317863185883493
5591,36.806,17.170243738888953,0.0,11.85238055300546,0.0,30.71428571428568,-5.317863185883493
5592,34.209,17.252011396460233,0.0,11.93414821057674,0.0,35.952380952380935,-5.317863185883493
5593,34.209,15.006769847929732,0.0,9.68890666204624,0.0,41.19047619047616,-5.317863185883493
5594,34.209,15.802128495628097,0.0,10.484265309744604,0.0,46.428571428571416,-5.317863185883493
5595,34.209,14.00095568221344,0.0,8.683092496329948,0.0,51.66666666666667,-5.317863185883493
5596,34.209,13.06081648042396,0.0,7.742953294540467,0.0,56.9047619047619,-5.317863185883493
5597,34.209,13.317167418936396,0.0,7.999304233052904,0.0,62.142857142857146,-5.317863185883493
5598,36.85,13.954474355977146,6.639149722341055,15.275760892434707,0.0,67.38095238095238,-5.317863185883493
5599,37.512,11.369428221040984,17.928218055543404,23.979783090700895,0.0,72.6190476190476,-5.317863185883493
5600,37.178,12.4205834398266,31.976070959280467,39.07879121322357,0.0,77.85714285714283,-5.317863185883493
5601,35.371,10.412827603499686,33.665834715372945,38.760799132989135,0.0,83.09523809523807,-5.317863185883493
5602,33.91,11.733837823577996,54.85091761946978,61.26689225716429,0.0,88.33333333333333,-5.317863185883493
5603,33.606,12.54333014016092,64.68048202758663,71.90594898186406,0.0,93.57142857142857,-5.317863185883491
5604,33.606,12.199738101172544,38.524177988590054,45.40605290387911,0.0,98.80952380952382,-5.317863185883489
5605,36.596,4.758118800061192,54.323509088554346,53.76376470273205,0.0,104.04761904761907,-5.317863185883489
5606,38.033,4.092512005049892,45.37274139674546,44.14739021591186,0.0,109.2857142857143,-5.317863185883489
5607,38.776,7.151245961204275,39.45588084270235,41.289263618023135,0.0,114.52380952380952,-5.317863185883489
5608,41.062,5.095962521983456,27.37082402947354,27.148923365573502,0.0,119.76190476190476,-5.317863185883489
5609,53.524,0.8793224426033217,7.699120088161067,57.82844253076439,0.0,125.0,49.25
5610,59.095,0.768656597184338,0.6889692906742583,50.7076258878586,0.0,75.0,49.25
5611,49.374,4.718017520667134,0.0,14.568017520667164,0.0,25.0,9.85000000000003
5612,46.775,4.03978737585091,0.0,4.03978737585091,0.0,14.999999999999972,0.0
5613,41.062,0.4715558804995522,0.0,0.4715558804995522,0.0,14.999999999999972,0.0
5614,41.062,0.23591684202213573,0.0,0.23591684202213573,0.0,14.999999999999972,0.0
5615,41.062,0.09048530105586731,0.0,0.0,0.0,14.999999999999972,-0.09048530105586394
5616,34.27,1.8694388394055466,0.0,0.7502563762227439,0.0,15.089128021539997,-1.1191824631828027
5617,34.241,1.119182463182805,0.0,0.0,0.0,16.191522747775057,-1.1191824631828027
5618,33.581,2.7560534594070494,0.0,1.6368709962242467,0.0,17.29391747401012,-1.1191824631828027
5619,33.581,4.685766682004574,0.0,3.566584218821771,0.0,18.39631220024518,-1.1191824631828027
5620,33.581,15.441286269689417,0.0,14.322103806506615,0.0,19.498706926480242,-1.1191824631828027
5621,33.581,17.165214490073755,0.0,16.046032026890952,0.0,20.601101652715304,-1.1191824631828027
5622,34.146,25.284376244512817,1.582560992291575,25.74775477362159,0.0,21.703496378950366,-1.1191824631828027
5623,34.329,39.75342871940916,8.895740560419489,44.95970999353961,0.0,22.805891105185427,-3.689459286289039
5624,32.812,50.85750789973878,9.392757208766419,56.56080582221616,0.0,26.44000850218013,-3.689459286289039
5625,24.732,56.77549864585069,13.017468826736547,66.1035081862982,0.0,30.074125899174835,-3.6894592862890385
5626,19.602,59.371421564567264,28.863865218001273,84.5458274962795,0.0,33.70824329616954,-3.689459286289039
5627,14.381,109.26561970750842,51.657110971149244,157.23327139236864,0.0,37.34236069316424,-3.689459286289038
5628,14.381,156.85255306222484,82.81217172824617,235.97526550418198,0.0,40.97647809015896,-3.689459286289038
5629,14.381,165.67974980786303,69.0933460854256,231.0836366069996,0.0,44.61059548715366,-3.6894592862890385
5630,14.794,169.7139485166753,50.37964813421611,216.40413736460238,0.0,48.24471288414837,-3.689459286289039
5631,23.836,197.24383015143283,63.63506442360796,257.1894352887518,0.0,51.87883028114307,-3.689459286289039
5632,33.011,181.23282439313158,34.48000497486566,212.0233700817082,0.0,55.51294767813775,-3.68945928628904
5633,33.787,152.97236362268842,8.21595307867085,157.49885741507023,0.0,59.147065075132446,-3.6894592862890403
5634,34.825,172.57967005709855,0.9610370036840559,169.85124777449357,0.0,62.78118247212714,-3.6894592862890394
5635,34.527,160.4683560772591,0.0,156.77889679097007,0.0,66.41529986912184,-3.68945928628904
5636,35.756,147.61103209290607,0.0,143.92157280661704,0.0,70.04941726611655,-3.68945928628904
5637,33.318,134.82850087454213,0.0,131.1390415882531,0.0,73.68353466311126,-3.68945928628904
5638,32.852,123.70571176654649,0.0,120.01625248025745,0.0,77.31765206010596,-3.6894592862890403
5639,32.852,124.64478049320839,0.0,120.95532120691935,0.0,80.95176945710065,-3.6894592862890407
5640,33.694,101.00353057446287,0.0,97.31407128817384,0.0,84.58588685409535,-3.6894592862890416
5641,33.694,81.23951897992826,0.0,77.55005969363923,0.0,88.22000425109007,-3.6894592862890416
5642,33.694,78.30826542181238,0.0,74.61880613552334,0.0,91.85412164808477,-3.6894592862890407
5643,33.694,87.1280412233415,0.0,83.43858193705246,0.0,95.48823904507947,-3.68945928628904
5644,33.694,85.4054453626199,0.0,81.71598607633086,0.0,99.12235644207418,-3.6894592862890407
5645,33.694,87.66594554340547,0.0,83.97648625711643,0.0,102.75647383906886,-3.6894592862890416
5646,34.623,99.69332294547823,6.752917675186381,102.75678133437557,0.0,106.39059123606356,-3.6894592862890416
5647,35.095,99.31558279481169,18.1650821544025,113.79120566292515,0.0,110.02470863305825,-3.68945928628904
5648,34.396,113.11762756737862,34.248444134974534,143.67661241606413,0.0,113.65882603005295,-3.6894592862890416
5649,31.645,105.26389975100082,43.1384467330161,144.7128871977279,0.0,117.29294342704765,-3.6894592862890416
5650,31.193,110.36359299519117,53.451328774843844,160.125462483746,0.0,120.92706082404234,-3.6894592862890416
5651,31.193,102.097692825351,85.60343022840023,184.0116637674622,0.0,124.56117822103705,-3.68945928628904
5652,31.627,102.39366050457801,74.45652466235217,173.16072588064114,0.0,128.19529561803176,-3.68945928628904
5653,32.85,107.55754518793303,85.60380754089016,189.47189344253417,0.0,131.8294130150265,-3.68945928628904
5654,34.358,109.15162563241797,49.924887508405064,155.387053854534,0.0,135.46353041202119,-3.6894592862890363
5655,35.364,94.86501780038883,22.623495222583283,113.79905373668308,0.0,139.0976478090159,-3.689459286289029
5656,37.84,74.29983087448151,22.967125771373208,93.5774973595657,0.0,142.7317652060106,-3.689459286289022
5657,41.556,51.5916305373873,7.8737471043077045,55.775918355405985,0.0,146.3658826030053,-3.689459286289022
5658,48.632,47.893141361734855,1.4671583009941929,83.8352996627291,0.0,150.0,34.47500000000005
5659,49.043,38.506133477402564,0.0,87.75613347740256,0.0,114.99999999999997,49.25
5660,49.034,30.916793281962537,0.0,80.16679328196254,0.0,64.99999999999997,49.25
5661,41.556,23.68670899298882,0.0,21.394776307211785,0.0,14.999999999999972,-2.2919326857770344
5662,37.618,22.926541397903353,0.0,20.63460871212632,0.0,17.25755369549035,-2.2919326857770344
5663,35.571,17.044242460905096,0.0,14.752309775128062,0.0,19.51510739098073,-2.2919326857770344
5664,38.02,19.105237097621085,0.0,16.81330441184405,0.0,21.77266108647111,-2.2919326857770344
5665,38.02,13.368559390024004,0.0,11.07662670424697,0.0,24.03021478196149,-2.2919326857770344
5666,38.02,5.24605731109298,0.0,2.954124625315946,0.0,26.28776847745187,-2.2919326857770344
5667,38.02,2.379768277673212,0.0,0.08783559189617751,0.0,28.54532217294225,-2.2919326857770344
5668,38.02,2.2919326857770392,0.0,0.0,0.0,30.80287586843263,-2.2919326857770344
5669,38.02,3.2547293486516087,0.0,0.9627966628745743,0.0,33.06042956392301,-2.2919326857770344
5670,37.482,2.4626132433472785,2.764372501684312,2.9350530592545567,0.0,35.31798325941339,-2.2919326857770344
5671,40.127,3.3347948480910032,10.541583799656577,11.584445961970545,0.0,37.57553695490377,-2.2919326857770344
5672,40.073,4.2363624824174,18.192248865897113,14.797453038709861,0.0,39.83309065039415,-7.631158309604651
5673,36.078,6.384761382802991,31.97470983517198,30.72831290837032,0.0,47.34978158535472,-7.631158309604651
5674,34.876,9.02595953409565,63.05830193214644,64.45310315663744,0.0,54.8664725203153,-7.631158309604651
5675,34.876,6.565192398816752,79.11594937809964,78.04998346731173,0.0,62.38316345527589,-7.631158309604652
5676,34.876,7.678329402058849,71.12616948084923,71.17334057330342,0.0,69.89985439023647,-7.631158309604652
5677,35.324,14.514286593192633,70.60227027811047,77.48539856169845,0.0,77.41654532519706,-7.631158309604654
5678,36.997,7.431673991642693,63.11416123580235,62.91467691784038,0.0,84.93323626015764,-7.631158309604654
5679,37.676,5.04273502327136,37.04148122495436,34.45305793862107,0.0,92.44992719511824,-7.6311583096046505
5680,38.02,6.689412800505993,20.934081450718345,19.992335941619686,0.0,99.96661813007881,-7.6311583096046505
5681,54.228,3.8465493768402363,7.748299780029674,3.9636908472652603,0.0,107.48330906503939,-7.6311583096046505
5682,55.293,0.8124884032748082,0.01261626359926597,50.075104666874076,0.0,114.99999999999997,49.25
5683,54.228,0.0,0.0,49.25,0.0,64.99999999999997,49.25
5684,39.317,0.0,0.0,0.0,0.0,14.999999999999972,0.0
5685,38.02,0.0,0.0,0.0,0.0,14.999999999999972,0.0
5686,38.02,0.0,0.0,0.0,0.0,14.999999999999972,0.0
5687,38.02,0.0,0.0,0.0,0.0,14.999999999999972,0.0
5688,35.74,0.0,0.0,0.0,0.0,14.999999999999972,0.0
5689,33.731,6.4013006496485705,0.0,2.8181414976628996,0.0,14.999999999999972,-3.583159151985671
5690,33.412,10.52011759371782,0.0,6.93695844173215,0.0,18.529411764705856,-3.583159151985671
5691,33.349,6.910068334232317,0.0,3.326909182246647,0.0,22.05882352941174,-3.5831591519856705
5692,33.349,10.063736177525135,0.0,6.480577025539464,0.0,25.58823529411763,-3.5831591519856705
5693,33.349,20.80860106474389,0.0,17.22544191275822,0.0,29.117647058823508,-3.5831591519856705
5694,33.349,24.998619369345104,3.396314348443768,24.811774565803198,0.0,32.64705882352939,-3.5831591519856705
5695,32.973,17.82491911272713,11.641460691811039,25.883220652552502,0.0,36.17647058823527,-3.58315915198567
5696,31.352,15.075579623097203,11.790068118755395,23.28248858986693,0.0,39.705882352941146,-3.5831591519856705
5697,28.68,11.977358820879918,12.783623945274334,21.177823614168577,0.0,43.23529411764702,-3.5831591519856714
5698,26.519,11.97082330824799,18.0692863603463,26.456950516608618,0.0,46.7647058823529,-3.5831591519856714
5699,23.299,20.564581375997047,4.827742226764639,21.809164450776013,0.0,50.29411764705879,-3.5831591519856714
5700,22.786,24.79610307412559,4.542438724840487,25.755382646980408,0.0,53.82352941176468,-3.5831591519856705
5701,22.786,7.0375910630616865,5.882509941973612,9.336941853049627,0.0,57.352941176470566,-3.5831591519856723
5702,22.919,0.26026306788586673,17.45416712201316,14.131271037913356,0.0,60.88235294117645,-3.5831591519856705
5703,27.185,3.6957136219328044,18.041969162407423,18.154523632354557,0.0,64.41176470588235,-3.5831591519856687
5704,33.283,9.723980096661588,16.436802290021195,22.577623234697114,0.0,67.94117647058823,-3.5831591519856687
5705,34.634,7.082872636936077,7.526433938986518,11.026147423936926,0.0,71.47058823529412,-3.5831591519856687
5706,35.937,7.070711489287161,1.2205289753061057,8.291240464593267,0.0,75.0,0.0
5707,34.374,7.610135990470304,0.0,7.610135990470304,0.0,75.0,0.0
5708,33.378,6.672341061371769,0.0,6.672341061371769,0.0,75.0,0.0
5709,33.283,5.192546226336775,0.0,5.192546226336775,0.0,75.0,0.0
5710,33.283,4.151050256973623,0.0,4.151050256973623,0.0,75.0,0.0
5711,33.283,5.652838138011421,0.0,5.652838138011421,0.0,75.0,0.0
5712,25.222,7.661087050678538,0.0,7.661087050678538,0.0,75.0,0.0
5713,25.034,4.4670225372092025,0.0,4.4670225372092025,0.0,75.0,0.0
5714,25.034,0.0,0.0,0.0,0.0,75.0,0.0
5715,25.034,0.0,0.0,0.0,0.0,75.0,0.0
5716,25.034,0.0,0.0,0.0,0.0,75.0,0.0
5717,25.034,0.0,0.0,0.0,0.0,75.0,0.0
5718,25.034,0.0,2.8531724058466694,2.8531724058466694,0.0,75.0,0.0
5719,24.754,2.7646452368918677,11.54267495387108,14.307320190762947,0.0,75.0,0.0
5720,21.68,9.007835479397647,22.46009479142961,29.2284558008362,0.0,75.0,-2.239474469991059
5721,16.8,15.189384302437563,35.86208648152169,48.8119963139682,0.0,77.20588235294119,-2.239474469991059
5722,16.766,11.908896495287799,46.09470259164868,55.76412461694542,0.0,79.41176470588238,-2.239474469991052
5723,14.684,16.147542014739205,70.16081138680597,84.06887893155412,0.0,81.61764705882355,-2.2394744699910483
5724,14.684,30.69308012713647,99.00434297232474,127.45794862947017,0.0,83.82352941176472,-2.2394744699910447
5725,14.684,58.9158980707747,95.51099552540487,152.18741912618853,0.0,86.0294117647059,-2.2394744699910447
5726,15.404,111.02138680230966,88.92400066339367,197.70591299571228,0.0,88.23529411764707,-2.239474469991043
5727,24.45,167.67075012333777,71.74312641139176,237.17440206473847,0.0,90.44117647058825,-2.239474469991043
5728,25.162,201.80030022172755,40.703643593097254,240.26446934483377,0.0,92.64705882352942,-2.239474469991043
5729,32.369,192.25634282495403,11.21992836456439,201.23679671952738,0.0,94.85294117647061,-2.239474469991043
5730,35.366,193.08862073803675,3.1173482121110925,193.9664944801568,0.0,97.05882352941178,-2.239474469991044
5731,35.277,192.76189024212164,0.0,190.52241577213059,0.0,99.26470588235297,-2.239474469991043
5732,35.276,199.38753458549957,0.0,197.1480601155085,0.0,101.47058823529414,-2.239474469991044
5733,35.112,199.26788829109674,0.0,197.0284138211057,0.0,103.67647058823533,-2.239474469991044
5734,34.722,217.78602344372123,0.0,215.54654897373018,0.0,105.8823529411765,-2.239474469991044
5735,32.57,195.8937070374285,0.0,193.65423256743745,0.0,108.08823529411768,-2.239474469991044
5736,32.221,171.9059170394021,0.0,169.66644256941106,0.0,110.29411764705887,-2.239474469991044
5737,32.221,168.5378015025883,0.0,166.29832703259726,0.0,112.50000000000006,-2.2394744699910447
5738,32.221,186.79884255771228,0.0,184.55936808772123,0.0,114.70588235294123,-2.2394744699910447
5739,32.221,163.83353904367073,0.0,161.59406457367967,0.0,116.9117647058824,-2.2394744699910443
5740,32.221,129.63407163840026,0.0,127.39459716840922,0.0,119.11764705882358,-2.2394744699910443
5741,32.221,99.41228487144005,0.0,97.172810401449,0.0,121.32352941176475,-2.2394744699910447
5742,32.5,69.29258899215831,7.1749583197725935,74.22807284193988,0.0,123.52941176470594,-2.2394744699910443
5743,29.895,46.31731617191481,24.48026156835473,68.5581032702785,0.0,125.73529411764711,-2.239474469991045
5744,28.734,39.83792541827039,42.388214458371706,79.98666540665106,0.0,127.94117647058829,-2.2394744699910443
5745,28.362,23.579611157093428,64.63487222618181,85.97500891328419,0.0,130.14705882352948,-2.239474469991045
5746,24.107,13.576053326666326,86.5103752153504,97.84695407202567,0.0,132.35294117647067,-2.2394744699910465
5747,24.107,10.647339954839698,100.0,108.40786548484864,0.0,134.55882352941185,-2.239474469991047
5748,26.779,4.586273070041982,100.0,102.34679860005093,0.0,136.76470588235304,-2.2394744699910465
5749,31.808,4.4659729638307795,98.20761966155577,100.4341181553955,0.0,138.9705882352942,-2.2394744699910465
5750,34.004,3.8568929723909333,90.61118436783158,92.22860287023147,0.0,141.17647058823536,-2.239474469991046
5751,35.172,2.8768686420140566,70.44219399045413,71.07958816247714,0.0,143.38235294117652,-2.239474469991045
5752,37.513,1.7258884107788035,43.514673798092105,43.00108773887986,0.0,145.58823529411768,-2.2394744699910443
5753,49.452,1.897920525547997,11.99498967289922,11.653435728456172,0.0,147.79411764705884,-2.2394744699910443
5754,49.452,4.864853555010729,2.5366058978263597,56.65145945283709,0.0,150.0,49.25
5755,46.877,11.657494700706064,0.0,60.90749470070607,0.0,100.0,49.25
5756,46.877,22.6274135183906,0.0,20.420395200138557,0.0,50.0,-2.2070183182520413
5757,37.513,37.329245039429125,0.0,35.122226721177086,0.0,52.17391304347826,-2.2070183182520413
5758,34.813,66.54780981582482,0.0,64.34079149757278,0.0,54.347826086956516,-2.2070183182520413
5759,33.819,83.86617875579192,0.0,81.65916043753988,0.0,56.52173913043478,-2.2070183182520413
5760,33.276,95.11523307650177,0.0,92.90821475824973,0.0,58.69565217391305,-2.2070183182520413
5761,33.276,113.1757058300168,0.0,110.96868751176476,0.0,60.86956521739131,-2.2070183182520413
5762,33.276,121.26825296000968,0.0,119.06123464175764,0.0,63.04347826086956,-2.2070183182520413
5763,33.028,135.78477268862835,0.0,133.5777543703763,0.0,65.21739130434783,-2.2070183182520413
5764,33.028,158.2649013659461,0.0,156.05788304769405,0.0,67.39130434782608,-2.2070183182520413
5765,33.028,154.24409323358057,0.0,152.03707491532853,0.0,69.56521739130434,-2.2070183182520413
5766,33.176,155.79121872227125,1.5174172846396456,155.10161768865885,0.0,71.73913043478261,-2.2070183182520413
5767,35.411,145.7339339555621,5.217872946291783,148.74478858360183,0.0,73.91304347826086,-2.2070183182520418
5768,33.266,114.25265970347954,4.275189785302834,116.32083117053033,0.0,76.08695652173914,-2.2070183182520413
5769,31.565,100.11592419285896,12.414389420966437,110.32329529557336,0.0,78.2608695652174,-2.2070183182520413
5770,29.304,83.12056697607338,19.50749480986069,100.42104346768203,0.0,80.43478260869567,-2.2070183182520413
5771,29.304,132.37168144175973,25.637801942907156,155.80246506641484,0.0,82.60869565217394,-2.207018318252041
5772,29.526,131.5582462574456,17.900348913779613,147.2515768529732,0.0,84.7826086956522,-2.207018318252041
5773,29.526,136.2785523000124,19.476100846177015,153.54763482793737,0.0,86.95652173913047,-2.2070183182520413
5774,29.526,103.60867686412844,12.980351535860017,114.38201008173641,0.0,89.13043478260875,-2.2070183182520413
5775,33.088,48.7395106932958,17.787199221042115,64.31969159608587,0.0,91.304347826087,-2.2070183182520413
5776,33.676,39.66077578028948,17.629385136801957,55.083142598839395,0.0,93.47826086956525,-2.207018318252042
5777,34.871,38.35250657496353,6.731371755039758,42.87686001175125,0.0,95.6521739130435,-2.2070183182520426
5778,41.5,30.568863065569005,1.282048827999652,29.643893575316614,0.0,97.82608695652175,-2.207018318252042
5779,35.411,23.053744065258847,0.0,20.846725747006804,0.0,100.0,-2.207018318252043
5780,35.411,19.163186266083656,0.0,16.956167947831613,0.0,102.17391304347827,-2.207018318252043
5781,35.588,13.921618711040988,0.0,11.714600392788945,0.0,104.34782608695653,-2.207018318252043
5782,41.284,5.499347261625296,0.0,3.292328943373252,0.0,106.52173913043478,-2.207018318252044
5783,37.97,4.663414122128373,0.0,2.456395803876328,0.0,108.69565217391303,-2.207018318252045
5784,38.366,4.892576949177041,0.0,2.6855586309249952,0.0,110.86956521739128,-2.2070183182520458
5785,38.366,4.30483067029791,0.0,2.097812352045864,0.0,113.04347826086956,-2.2070183182520458
5786,38.366,6.420716055231825,0.0,4.21369773697978,0.0,115.21739130434781,-2.207018318252045
5787,38.366,7.951515946216991,0.0,5.744497627964946,0.0,117.39130434782606,-2.207018318252045
5788,38.366,6.005618240110454,0.0,3.7985999218584094,0.0,119.56521739130434,-2.207018318252045
5789,38.366,5.968848331503751,0.0,3.761830013251706,0.0,121.7391304347826,-2.207018318252045
5790,36.53,6.371446349809443,6.437764313519735,10.602192345077134,0.0,123.91304347826086,-2.207018318252045
5791,35.143,11.152252075239431,14.4619997464705,23.40723350345789,0.0,126.08695652173913,-2.207018318252043
5792,34.607,23.389880903804222,29.988871982383213,51.17173456793539,0.0,128.26086956521738,-2.207018318252043
5793,33.575,29.81631104688712,42.351381871723845,69.96067460035893,0.0,130.43478260869563,-2.207018318252045
5794,33.047,20.878190061930923,54.94918054795773,73.6203522916366,0.0,132.60869565217388,-2.207018318252043
5795,32.938,21.982874496128133,64.5611825638404,84.3370387417165,0.0,134.78260869565216,-2.207018318252043
5796,32.938,23.14428457870971,70.95741243352187,91.89467869397953,0.0,136.95652173913044,-2.2070183182520395
5797,33.276,23.798293518541787,52.820117197475284,74.41139239776503,0.0,139.13043478260872,-2.2070183182520395
5798,34.241,23.344707376186022,46.531560013856065,67.66924907179006,0.0,141.30434782608697,-2.2070183182520324
5799,35.593,23.143440667485162,40.696136207624484,61.63255855685761,0.0,143.47826086956525,-2.2070183182520324
5800,38.366,18.8298864484367,24.03473245281427,40.657600582998946,0.0,145.6521739130435,-2.2070183182520253
5801,48.535,12.861552121966099,7.420307297925448,18.07484110163952,0.0,147.82608695652175,-2.2070183182520253
5802,48.015,24.812491216034978,4.229917169836736,29.042408385871713,0.0,150.0,0.0
5803,36.779,42.21409702971189,0.0,42.21409702971189,0.0,150.0,0.0
5804,34.058,68.780985955092,0.0,68.780985955092,0.0,150.0,0.0
5805,33.267,92.98807433329286,0.0,92.98807433329286,0.0,150.0,0.0
5806,33.267,68.23700982608545,0.0,68.23700982608545,0.0,150.0,0.0
5807,33.267,79.59977420590963,0.0,79.59977420590963,0.0,150.0,0.0
5808,33.531,103.7676217141082,0.0,103.7676217141082,0.0,150.0,0.0
5809,33.531,100.67453036189278,0.0,100.67453036189278,0.0,150.0,0.0
5810,33.531,117.6794322703015,0.0,117.6794322703015,0.0,150.0,0.0
5811,33.531,91.45736643840218,0.0,91.45736643840218,0.0,150.0,0.0
5812,33.531,59.66854519422887,0.0,59.66854519422887,0.0,150.0,0.0
5813,33.531,38.457149206294424,0.0,38.457149206294424,0.0,150.0,0.0
5814,34.558,27.75117796786399,4.934279789908471,32.68545775777246,0.0,150.0,0.0
5815,36.847,25.771011346615197,19.307392378638937,45.078403725254134,0.0,150.0,0.0
5816,36.847,33.68624096930538,31.507242810185964,65.19348377949134,0.0,150.0,0.0
5817,34.231,31.546446341483552,40.490292546359704,72.03673888784326,0.0,150.0,0.0
5818,34.231,22.969354114800655,54.46963170375747,77.43898581855812,0.0,150.0,0.0
5819,34.911,21.558935418901378,64.77807647572847,86.33701189462985,0.0,150.0,0.0
5820,34.911,11.570444396044241,71.9454007444543,83.51584514049854,0.0,150.0,0.0
5821,37.452,8.405160656678662,77.76763178797393,86.17279244465259,0.0,150.0,0.0
5822,38.292,10.817070556011354,65.12270749592494,75.9397780519363,0.0,150.0,0.0
5823,38.637,11.986415508403734,51.48557350393735,63.47198901234108,0.0,150.0,0.0
5824,43.711,9.609985702574619,34.07101830337068,43.6810040059453,0.0,150.0,0.0
5825,54.079,6.136873730075834,9.753666188059423,52.82491401010563,0.0,150.0,36.93437409197037
5826,53.037,4.884323230223829,4.980137941121568,59.1144611713454,0.0,112.50317351069,49.25
5827,48.396,5.301959706491878,0.0,0.0,0.0,62.50317351069001,-5.301959706491878
5828,48.396,3.9181285902096756,0.0,0.0,0.0,67.72560382158451,-3.918128590209669
5829,46.321,3.467045194983721,0.0,0.0,0.0,71.58496048294104,-3.4670451949837187
5830,38.17,10.763094931478943,0.0,17.329761598145613,0.0,75.0,6.56666666666667
5831,37.185,9.493053512260147,0.0,16.059720178926817,0.0,68.33333333333334,6.56666666666667
5832,36.088,9.889847774906244,0.0,16.456514441572914,0.0,61.66666666666667,6.56666666666667
5833,35.624,21.508294439362082,0.0,28.074961106028752,0.0,55.00000000000001,6.56666666666667
5834,35.252,29.16619381125231,0.0,35.73286047791898,0.0,48.33333333333334,6.566666666666672
5835,35.252,31.753216289756672,0.0,38.31988295642334,0.0,41.666666666666664,6.566666666666673
5836,35.252,36.88050943321517,0.0,43.447176099881844,0.0,34.999999999999986,6.5666666666666735
5837,35.624,34.42168311565756,0.0,40.988349782324235,0.0,28.333333333333314,6.5666666666666735
5838,39.574,26.531519516198895,6.043427594010165,39.14161377687573,0.0,21.666666666666643,6.5666666666666735
5839,39.546,22.032781499564106,17.359968869707803,39.39275036927191,0.0,14.999999999999972,0.0
5840,38.691,26.332243457427797,40.72290076441153,67.05514422183933,0.0,14.999999999999972,0.0
5841,34.885,22.79201607566448,69.44719969935649,92.23921577502097,0.0,14.999999999999972,0.0
5842,33.882,42.45538876360892,88.60656210468993,131.06195086829885,0.0,14.999999999999972,0.0
5843,33.589,36.143006526033275,78.31263381616783,114.45564034220111,0.0,14.999999999999972,0.0
5844,33.724,31.490353912724736,88.76155308026597,120.25190699299071,0.0,14.999999999999972,0.0
5845,33.773,23.291897973203277,75.67310808471184,98.96500605791512,0.0,14.999999999999972,0.0
5846,34.447,16.055229177898365,81.85662307262403,97.9118522505224,0.0,14.999999999999972,0.0
5847,35.099,15.44225436959076,64.56457500609906,80.00682937568982,0.0,14.999999999999972,0.0
5848,35.323,20.496553116633606,27.384134299256424,47.88068741589003,0.0,14.999999999999972,0.0
5849,35.624,17.58918109178517,6.150398961530471,23.739580053315642,0.0,14.999999999999972,0.0
5850,41.249,18.512559618935274,3.1645272724852638,21.677086891420537,0.0,14.999999999999972,0.0
5851,35.108,16.63765641053871,0.0,13.721574760252501,0.0,14.999999999999972,-2.9160816502862095
5852,35.108,15.579357647920084,0.0,12.663275997633875,0.0,17.87234042553189,-2.9160816502862095
5853,34.289,30.186246624756553,0.0,27.270164974470344,0.0,20.744680851063805,-2.916081650286209
5854,34.289,53.90531940173533,0.0,50.989237751449124,0.0,23.61702127659572,-2.916081650286209
5855,34.289,70.02176493007164,0.0,67.10568327978544,0.0,26.489361702127624,-2.916081650286209
5856,32.806,71.57534684732362,0.0,68.6592651970374,0.0,29.36170212765954,-2.916081650286209
5857,32.806,50.51045244478768,0.0,47.59437079450147,0.0,32.23404255319146,-2.916081650286209
5858,32.806,48.944139390914586,0.0,46.02805774062838,0.0,35.106382978723374,-2.916081650286209
5859,32.806,57.88940161631284,0.0,54.97331996602663,0.0,37.97872340425529,-2.916081650286209
5860,32.806,43.273275873724195,0.0,40.357194223437986,0.0,40.85106382978721,-2.916081650286209
5861,32.812,31.076276869608268,0.0,28.16019521932206,0.0,43.72340425531911,-2.9160816502862095
5862,35.748,22.157927558446804,5.396308959360749,24.638154867521344,0.0,46.59574468085101,-2.91608165028621
5863,33.772,18.46773736824262,21.163224541115124,36.714880259071535,0.0,49.468085106382915,-2.91608165028621
5864,33.799,18.116686088498366,46.756790143494584,61.957394581706744,0.0,52.34042553191486,-2.91608165028621
5865,33.235,19.27351519950792,67.25689878158332,83.61433233080503,0.0,55.21276595744678,-2.9160816502862095
5866,33.02,37.458819749482124,79.92930800740244,114.47204610659834,0.0,58.08510638297871,-2.9160816502862095
5867,32.531,35.08594520508702,75.14997901619772,107.31984257099853,0.0,60.95744680851061,-2.916081650286209
5868,30.712,30.944959183918442,84.17338764343972,112.20226517707195,0.0,63.82978723404254,-2.916081650286209
5869,30.712,29.463279670072897,83.00113096709676,109.54832898688343,0.0,66.70212765957446,-2.9160816502862095
5870,30.712,30.9319436861033,65.61280493448704,93.62866697030412,0.0,69.57446808510639,-2.9160816502862095
5871,30.712,43.31431717792954,51.47754167993628,91.8757772075796,0.0,72.4468085106383,-2.9160816502862095
5872,31.191,57.17018803478514,27.65480719861483,81.90891358311376,0.0,75.31914893617021,-2.9160816502862104
5873,33.2,59.03384098694123,5.770265736854047,61.88802507350906,0.0,78.19148936170212,-2.9160816502862104
5874,36.179,68.10379258790584,0.6490771466665014,65.83678808428613,0.0,81.06382978723404,-2.9160816502862095
5875,34.433,76.21876034548994,0.0,73.30267869520372,0.0,83.93617021276594,-2.91608165028621
5876,34.433,86.20040736842323,0.0,83.28432571813701,0.0,86.80851063829788,-2.91608165028621
5877,32.806,101.87547042953632,0.0,98.9593887792501,0.0,89.68085106382979,-2.91608165028621
5878,32.455,108.70058859003082,0.0,105.7845069397446,0.0,92.55319148936171,-2.91608165028621
5879,32.455,122.34502901580312,0.0,119.4289473655169,0.0,95.42553191489361,-2.916081650286211
5880,31.825,121.84602589371467,0.0,118.92994424342845,0.0,98.29787234042553,-2.916081650286211
5881,31.825,112.9443324614291,0.0,110.02825081114288,0.0,101.17021276595747,-2.916081650286211
5882,31.825,117.76079152328867,0.0,114.84470987300247,0.0,104.04255319148939,-2.916081650286209
5883,31.825,108.07233425022321,0.0,105.156252599937,0.0,106.9148936170213,-2.916081650286208
5884,31.825,104.44696233133264,0.0,101.53088068104643,0.0,109.78723404255322,-2.916081650286209
5885,31.825,92.93143615786171,0.0,90.0153545075755,0.0,112.65957446808513,-2.916081650286209
5886,31.995,73.91691841747317,3.244285773317253,74.24512254050421,0.0,115.53191489361703,-2.916081650286211
5887,32.453,65.18077117403,11.649701434714398,73.9143909584582,0.0,118.40425531914893,-2.916081650286209
5888,31.575,85.16001843062344,21.66925074979015,103.91318753012737,0.0,121.27659574468083,-2.916081650286211
5889,31.169,88.52940515223065,41.23148783727503,126.84481133921948,0.0,124.14893617021274,-2.916081650286211
5890,31.169,86.37325279566554,38.6539840005477,122.11115514592703,0.0,127.02127659574465,-2.916081650286209
5891,31.169,84.41910786106705,32.13252388569323,113.63555009647408,0.0,129.89361702127658,-2.916081650286209
5892,31.812,85.89688291534299,18.589529061532048,101.57033032658882,0.0,132.7659574468085,-2.916081650286209
5893,32.485,97.01294854467528,21.55959856737064,115.65646546175971,0.0,135.63829787234042,-2.9160816502862126
5894,33.91,84.30640888999669,12.744362880196784,94.13469011990728,0.0,138.51063829787233,-2.916081650286209
5895,34.785,69.38245866714617,11.883193042513755,78.34957005937372,0.0,141.38297872340425,-2.916081650286209
5896,35.331,37.52535199317262,13.438015595971104,48.04728593885752,0.0,144.25531914893617,-2.916081650286202
5897,39.552,20.951258080641477,5.63858377525142,23.673760205606694,0.0,147.12765957446808,-2.916081650286202
5898,47.381,13.629419025615377,1.9631291222815161,64.84254814789689,0.0,150.0,49.25
5899,45.934,11.253088008333949,0.0,45.728088008333984,0.0,100.0,34.47500000000004
5900,47.381,12.25957203091849,0.0,61.50957203091849,0.0,64.99999999999997,49.25
5901,41.606,16.0525967148077,0.0,16.0525967148077,0.0,14.999999999999972,0.0
5902,39.733,15.1710575788663,0.0,12.632986512876451,0.0,14.999999999999972,-2.538071065989848
5903,34.553,12.836813129026476,0.0,10.298742063036627,0.0,17.49999999999997,-2.538071065989848
5904,36.264,16.943791421137206,0.0,14.40572035514736,0.0,19.99999999999997,-2.5380710659898478
5905,36.264,17.05701912671326,0.0,14.518948060723414,0.0,22.49999999999998,-2.5380710659898478
5906,36.264,14.364799368348255,0.0,11.826728302358408,0.0,24.99999999999998,-2.5380710659898478
5907,36.264,15.410701592101155,0.0,12.872630526111308,0.0,27.49999999999998,-2.5380710659898478
5908,36.264,17.637490110774035,0.0,15.099419044784188,0.0,29.99999999999998,-2.5380710659898478
5909,37.628,17.751175171619444,0.0,15.213104105629597,0.0,32.49999999999997,-2.5380710659898473
5910,47.381,17.244776482697684,2.557873311209138,17.264578727916977,0.0,34.99999999999997,-2.538071065989848
5911,38.748,15.306357954284964,10.52797848056591,23.29626536886103,0.0,37.499999999999964,-2.538071065989848
5912,37.366,18.67421851743427,19.705565305347807,35.84171275679223,0.0,39.999999999999964,-2.5380710659898478
5913,35.084,16.065540137161868,26.48160970970357,40.00907878087559,0.0,42.499999999999964,-2.5380710659898478
5914,34.905,13.485919961990621,48.25962696562502,59.20747586162579,0.0,44.999999999999964,-2.5380710659898478
5915,35.89,17.20476824925145,74.96606672229343,89.63276390555502,0.0,47.49999999999997,-2.5380710659898478
5916,35.358,24.765568486929435,74.39251912006445,96.62001654100403,0.0,49.99999999999997,-2.5380710659898487
5917,35.358,38.86245541061594,70.54188079040823,106.86626513503431,0.0,52.499999999999964,-2.5380710659898487
5918,35.637,43.178588201287766,51.026971188898116,91.66748832419603,0.0,54.999999999999964,-2.5380710659898487
5919,35.733,37.053992122639094,41.299363551356485,75.81528460800573,0.0,57.49999999999997,-2.5380710659898504
5920,36.264,24.186281552310508,17.841840977617803,39.49005146393846,0.0,59.999999999999964,-2.5380710659898504
5921,52.341,16.541503461069468,5.434369917514562,19.43780231259418,0.0,62.49999999999997,-2.5380710659898504
5922,51.78,20.140869508301616,1.9520914272148353,71.34296093551646,0.0,64.99999999999997,49.25
5923,37.519,18.409642876448675,0.0,14.826483724463005,0.0,14.999999999999972,-3.583159151985671
5924,38.766,17.25951697929049,0.0,13.676357827304818,0.0,18.529411764705856,-3.583159151985671
5925,36.264,25.29489780103985,0.0,21.711738649054176,0.0,22.05882352941174,-3.5831591519856705
5926,36.264,23.481951643021333,0.0,19.898792491035664,0.0,25.58823529411763,-3.5831591519856705
5927,36.264,31.01807789623551,0.0,27.434918744249842,0.0,29.117647058823508,-3.5831591519856705
5928,33.233,26.85304828582411,0.0,23.26988913383844,0.0,32.64705882352939,-3.5831591519856705
5929,33.137,36.08346155379582,0.0,32.50030240181015,0.0,36.17647058823527,-3.58315915198567
5930,33.137,43.1237155911338,0.0,39.54055643914813,0.0,39.705882352941146,-3.5831591519856705
5931,32.676,50.83998787384346,0.0,47.256828721857794,0.0,43.23529411764702,-3.5831591519856714
5932,32.676,54.17614649338188,0.0,50.59298734139621,0.0,46.7647058823529,-3.5831591519856714
5933,32.676,61.46555579940791,0.0,57.88239664742224,0.0,50.29411764705879,-3.5831591519856714
5934,33.79,78.06641475782689,4.098510179983215,78.58176578582443,0.0,53.82352941176468,-3.5831591519856705
5935,33.605,99.93257786576321,9.830897477831936,106.18031619160948,0.0,57.352941176470566,-3.5831591519856723
5936,32.817,152.3568697999467,18.52386227556392,167.29757292352494,0.0,60.88235294117645,-3.5831591519856705
5937,31.613,173.02050886173342,10.099834404734416,179.53718411448216,0.0,64.41176470588235,-3.5831591519856687
5938,30.72,156.82489248945421,15.116085325864864,168.35781866333343,0.0,67.94117647058823,-3.5831591519856687
5939,30.042,176.56689930865213,18.50867971791228,191.49241987457873,0.0,71.47058823529412,-3.5831591519856687
5940,30.042,185.41631509311105,14.606927706578896,200.02324279968994,0.0,75.0,0.0
5941,31.433,143.53361335451422,12.782858755440396,156.31647210995462,0.0,75.0,0.0
5942,32.787,97.22919394258695,10.494956190463164,107.7241501330501,0.0,75.0,0.0
5943,32.807,71.30664009671801,17.328102934476014,88.63474303119403,0.0,75.0,0.0
5944,33.626,51.73907985332623,12.502967911449256,64.24204776477549,0.0,75.0,0.0
5945,33.791,41.48398586807801,5.323666509376395,46.8076523774544,0.0,75.0,0.0
5946,44.938,42.882697399721835,2.5610079496352034,45.44370534935704,0.0,75.0,0.0
5947,33.694,49.76442033061676,0.0,46.45389285323869,0.0,75.0,-3.310527477378064
5948,33.434,53.08271055424391,0.0,49.77218307686584,0.0,78.26086956521739,-3.310527477378064
5949,33.05,55.036016413200024,0.0,51.72548893582196,0.0,81.52173913043478,-3.3105274773780646
5950,32.676,54.06021002792803,0.0,50.74968255054996,0.0,84.78260869565217,-3.3105274773780646
5951,32.676,65.42370100250399,0.0,62.11317352512592,0.0,88.04347826086956,-3.3105274773780646
5952,31.408,83.90014420336804,0.0,80.58961672598998,0.0,91.30434782608695,-3.3105274773780655
5953,31.408,107.52366812842507,0.0,104.21314065104701,0.0,94.56521739130436,-3.3105274773780655
5954,31.408,121.17589277749137,0.0,117.86536530011331,0.0,97.82608695652175,-3.3105274773780646
5955,31.408,130.12437141192467,0.0,126.81384393454661,0.0,101.08695652173913,-3.3105274773780646
5956,31.408,144.42106886060952,0.0,141.11054138323146,0.0,104.34782608695653,-3.3105274773780646
5957,31.786,150.82496016891488,0.0,147.51443269153683,0.0,107.6086956521739,-3.3105274773780646
5958,35.216,147.67998329338192,4.218804608528436,148.5882604245323,0.0,110.86956521739131,-3.3105274773780646
5959,31.932,138.33268958713916,12.292494282499348,147.31465639226045,0.0,114.13043478260869,-3.310527477378063
5960,31.034,198.39875121291263,23.076363587430258,218.16458732296482,0.0,117.39130434782608,-3.310527477378063
5961,30.09,187.69391801798992,42.00468614947351,226.38807669008537,0.0,120.65217391304347,-3.310527477378063
5962,27.355,153.0086873607156,34.301079603875976,183.99923948721352,0.0,123.91304347826086,-3.310527477378061
5963,27.222,140.26558078886399,38.97809471236876,175.9331480238547,0.0,127.17391304347827,-3.3105274773780593
5964,27.222,126.74284359675674,47.058323575645275,170.49063969502396,0.0,130.43478260869566,-3.3105274773780593
5965,29.708,142.76688857939325,33.45467446677207,172.91103556878727,0.0,133.69565217391306,-3.3105274773780593
5966,30.849,168.9483799315325,36.9555093482383,202.59336180239274,0.0,136.95652173913044,-3.3105274773780593
5967,32.398,165.2973655093401,31.37133021702047,193.3581682489825,0.0,140.21739130434784,-3.310527477378052
5968,33.485,155.08344118221825,23.40594674145754,175.17886044629773,0.0,143.47826086956525,-3.310527477378045
5969,35.507,160.89392860340874,5.111115498466625,162.69451662449734,0.0,146.73913043478262,-3.310527477378045
5970,45.333,190.1605793451449,1.9264617036596623,241.33704104880456,0.0,150.0,49.25
5971,39.326,208.75153569795108,0.0,258.0015356979511,0.0,100.0,49.25
5972,37.405,211.59343549247535,0.0,214.72752640156625,0.0,50.0,3.134090909090911
5973,34.624,207.9989980573745,0.0,211.1330889664654,0.0,46.81818181818181,3.1340909090909115
5974,33.294,183.0299169092884,0.0,186.1640078183793,0.0,43.636363636363626,3.134090909090911
5975,32.938,195.2178890103694,0.0,198.3519799194603,0.0,40.45454545454544,3.134090909090911
5976,32.428,189.40380894668448,0.0,192.53789985577538,0.0,37.27272727272726,3.134090909090911
5977,32.428,160.50048767145086,0.0,163.63457858054176,0.0,34.09090909090908,3.134090909090911
5978,32.656,134.6630782245798,0.0,137.7971691336707,0.0,30.909090909090892,3.1340909090909115
5979,32.787,118.07344198739366,0.0,121.20753289648458,0.0,27.727272727272705,3.1340909090909106
5980,32.787,103.84519501981082,0.0,106.97928592890173,0.0,24.545454545454522,3.1340909090909106
5981,33.117,77.01988933281758,0.0,80.1539802419085,0.0,21.36363636363634,3.1340909090909115
5982,36.756,56.04192816080855,2.2311381924698845,61.40715726236935,0.0,18.181818181818155,3.1340909090909115
5983,37.054,45.70005847735173,17.511149554670414,63.21120803202214,0.0,14.999999999999972,0.0
5984,33.629,66.68113984576154,32.05081862497408,98.7319584707356,0.0,14.999999999999972,0.0
5985,30.902,76.45885840089765,37.05757249204552,113.51643089294318,0.0,14.999999999999972,0.0
5986,30.661,81.03799542146936,25.505810076032393,106.54380549750175,0.0,14.999999999999972,0.0
5987,30.262,103.93547686583918,28.363734753071473,132.29921161891065,0.0,14.999999999999972,0.0
5988,30.262,89.36615480946523,26.879178619966964,116.2453334294322,0.0,14.999999999999972,0.0
5989,31.078,108.85572046412233,23.144909195305306,132.00062965942763,0.0,14.999999999999972,0.0
5990,31.078,109.58121857168814,16.076457606219517,125.65767617790766,0.0,14.999999999999972,0.0
5991,32.065,162.66370525467957,5.759477564680828,168.4231828193604,0.0,14.999999999999972,0.0
5992,33.56,236.75582821169758,2.3042526451791754,239.06008085687674,0.0,14.999999999999972,0.0
5993,34.457,303.59443695572156,1.6493822196496686,300.0,0.0,14.999999999999972,-5.243819175371243
5994,39.932,328.09108927908915,0.0,300.0,0.0,20.165161887740645,-28.091089279089147
5995,34.322,314.2622845264887,0.0,300.0,0.0,47.83488482764345,-14.262284526488713
5996,33.453,315.05017635632146,0.0,300.0,0.7878918298327449,61.88323508623483,-14.262284526488713
5997,32.787,307.7884041432506,0.0,300.0,0.0,75.93158534482622,-7.788404143250602
5998,32.398,276.2669046720295,0.0,272.89650687639136,0.0,83.60316342592806,-3.370397795638172
5999,32.398,268.4829848309021,0.0,265.11258703526397,0.0,86.92300525463166,-3.370397795638172
6000,30.517,214.40586587594285,0.0,211.03546808030467,0.0,90.24284708333525,-3.3703977956381728
6001,30.517,168.99179578098293,0.0,165.62139798534474,0.0,93.56268891203887,-3.3703977956381728
6002,30.517,146.5970125907687,0.0,143.22661479513053,0.0,96.88253074074245,-3.370397795638172
6003,30.517,141.2358519499633,0.0,137.8654541543251,0.0,100.20237256944606,-3.370397795638171
6004,30.517,117.57821848957394,0.0,114.20782069393577,0.0,103.52221439814966,-3.370397795638172
6005,30.517,98.44357770081166,0.0,95.07317990517349,0.0,106.84205622685323,-3.3703977956381728
6006,33.408,95.04111498713434,1.119585924311604,92.79030311580777,0.0,110.16189805555683,-3.3703977956381728
6007,32.942,102.76491334952047,5.899472393716752,105.29398794759905,0.0,113.48173988426042,-3.370397795638171
6008,28.643,98.4254801013005,10.821693952368076,105.8767762580304,0.0,116.80158171296401,-3.3703977956381728
6009,22.636,116.33290991787003,19.397375493154197,132.35988761538604,0.0,120.1214235416676,-3.3703977956381728
6010,21.722,105.81101720972957,41.399095237247934,143.83971465133934,0.0,123.44126537037118,-3.3703977956381728
6011,16.727,109.52536886725827,72.7027099726345,178.85768104425458,0.0,126.76110719907479,-3.3703977956381728
6012,16.727,119.94089199902925,74.88345086727087,191.45394507066194,0.0,130.0809490277784,-3.3703977956381728
6013,16.727,129.74303656492867,72.62886798647015,199.00150675576063,0.0,133.400790856482,-3.3703977956381763
6014,27.601,153.91526153015852,54.491872253674856,205.03673598819523,0.0,136.7206326851856,-3.370397795638169
6015,30.884,179.04360961845947,38.24954558752326,213.92275741034456,0.0,140.04047451388922,-3.370397795638162
6016,32.787,157.28486112397178,21.711892899827145,175.62635622816077,0.0,143.36031634259282,-3.370397795638155
6017,34.027,134.736862045184,4.787783968725796,136.15424821827165,0.0,146.68015817129643,-3.370397795638155
6018,44.863,113.58348466582025,1.3489827568978712,125.16131357656428,0.0,150.0,10.228846153846156
6019,35.398,97.12021900202794,0.0,107.34906515587409,0.0,139.6153846153846,10.228846153846156
6020,34.394,93.78774119266507,0.0,104.01658734651123,0.0,129.23076923076925,10.228846153846158
6021,33.869,93.75435223772269,0.0,103.98319839156885,0.0,118.84615384615387,10.22884615384616
6022,33.673,111.14969874148561,0.0,121.37854489533177,0.0,108.46153846153848,10.228846153846158
6023,32.682,114.74253025887617,0.0,124.97137641272234,0.0,98.07692307692308,10.228846153846158
6024,34.152,115.82175819643977,0.0,126.05060435028594,0.0,87.6923076923077,10.228846153846156
6025,34.152,117.6784631750121,0.0,127.90730932885826,0.0,77.3076923076923,10.228846153846158
6026,34.152,122.7573686742673,0.0,132.98621482811345,0.0,66.92307692307692,10.22884615384616
6027,34.152,112.23599746149567,0.0,122.46484361534183,0.0,56.53846153846153,10.22884615384616
6028,34.152,81.78462835321156,0.0,92.01347450705772,0.0,46.153846153846146,10.228846153846163
6029,34.152,61.60726142972478,0.0,71.83610758357095,0.0,35.76923076923076,10.228846153846165
6030,35.849,58.47527509467148,1.5309211561449587,70.23504240466261,0.0,25.384615384615365,10.228846153846163
6031,34.152,54.077525454115126,10.131962475470747,51.74986633290844,0.0,14.999999999999972,-12.459621596677437
6032,31.349,72.71252258583993,19.83565665621729,80.08855764537978,0.0,27.27272727272724,-12.459621596677437
6033,28.481,95.80969267061424,35.50110622898844,118.85117730292524,0.0,39.545454545454504,-12.459621596677437
6034,26.216,79.18451052380756,43.062649611759284,109.78753853888941,0.0,51.81818181818177,-12.459621596677437
6035,21.945,77.44785083723932,59.94645308419009,124.93468232475198,0.0,64.09090909090905,-12.459621596677437
6036,21.915,73.64447348182482,81.57939316770731,142.76424505285468,0.0,76.36363636363633,-12.459621596677437
6037,21.915,82.93955261905755,93.12820362559994,163.60813464798005,0.0,88.63636363636363,-12.459621596677437
6038,23.489,77.42314791222944,82.19870042134725,147.16222673689924,0.0,100.90909090909089,-12.459621596677433
6039,28.026,64.97727872279931,62.688874674998054,115.20653180111992,0.0,113.18181818181819,-12.45962159667743
6040,34.152,65.04113792427043,32.6166826371743,85.19819896476731,0.0,125.45454545454547,-12.459621596677422
6041,35.844,50.509454400629394,6.2989132086435875,44.34874601259556,0.0,137.72727272727275,-12.459621596677422
6042,49.74,33.494323434529505,1.05819068192433,83.80251411645384,0.0,150.0,49.25
6043,36.347,31.039779710840065,0.0,59.145260117006345,0.0,100.0,28.10548040616628
6044,36.142,26.58526728681454,0.0,26.58526728681454,0.0,71.46651735414592,0.0
6045,35.314,19.194354147361082,0.0,19.194354147361082,0.0,71.46651735414592,0.0
6046,35.892,7.521725313203509,0.0,7.521725313203509,0.0,71.46651735414592,0.0
6047,35.892,2.7828579796330093,0.0,1.5870939708837373,0.0,71.46651735414592,-1.195764008749272
6048,25.511,1.2860476623972819,0.0,0.09028365364800983,0.0,72.64434490276395,-1.195764008749272
6049,33.412,1.1957640087492731,0.0,0.0,0.0,73.82217245138197,-1.195764008749272
6050,33.412,2.454155156791903,0.0,0.0,0.0,75.0,-2.454155156791898
6051,33.412,6.461246591014641,0.0,4.007091434222742,0.0,77.41734282944002,-2.454155156791898
6052,33.412,10.150133868771848,0.0,7.695978711979949,0.0,79.83468565888003,-2.454155156791898
6053,33.412,11.618195718072025,0.0,8.972823929252034,0.0,82.25202848832005,-2.645371788819991
6054,26.259,13.34560124173029,0.5299878903508619,11.23021734326116,0.0,84.85771970030774,-2.645371788819991
6055,26.259,15.720531291531849,4.866261974453057,17.941421477164916,0.0,87.46341091229543,-2.6453717888199915
6056,23.391,32.27550558111,11.141026277657398,40.7711600699474,0.0,90.06910212428312,-2.6453717888199915
6057,19.157,44.84136417082357,22.642867993811937,64.83886037581551,0.0,92.67479333627082,-2.6453717888199915
6058,18.433,46.19163800774926,26.689119439290472,70.23538565821976,0.0,95.28048454825853,-2.6453717888199906
6059,18.433,57.408787703745475,46.316246418342,101.07966233326748,0.0,97.88617576024623,-2.6453717888199906
6060,18.433,50.643929553450334,49.03962605050033,97.03818381513068,0.0,100.49186697223391,-2.6453717888199915
6061,18.433,38.995308943490286,72.09841880028436,108.44835595495466,0.0,103.09755818422158,-2.6453717888199924
6062,22.63,29.0507815245945,62.67192527084398,89.07733500661848,0.0,105.70324939620929,-2.6453717888199932
6063,25.313,17.575420689947926,59.01768354902839,73.94773245015632,0.0,108.30894060819696,-2.6453717888199924
6064,26.09,12.626358499193746,32.488213000469834,42.46919971084359,0.0,110.91463182018465,-2.6453717888199924
6065,25.978,15.313448071673118,6.89493604003279,19.563012322885914,0.0,113.52032303217234,-2.6453717888199932
6066,29.981,35.17686707326956,0.8710529826894914,33.40254826713906,0.0,116.12601424416002,-2.6453717888199932
6067,28.116,69.44305182646043,0.0,66.79768003764045,0.0,118.73170545614771,-2.6453717888199932
6068,27.494,91.46282150836915,0.0,88.81744971954916,0.0,121.3373966681354,-2.6453717888199915
6069,26.096,100.41998965842113,0.0,97.77461786960114,0.0,123.94308788012307,-2.6453717888199932
6070,24.957,106.42608018504383,0.0,103.78070839622383,0.0,126.54877909211075,-2.645371788819995
6071,24.957,97.30692212957071,0.0,94.66155034075071,0.0,129.15447030409842,-2.645371788819997
6072,31.088,82.98158625881952,0.0,80.33621446999952,0.0,131.76016151608613,-2.645371788819997
6073,31.088,78.54073175966477,0.0,75.89535997084477,0.0,134.3658527280738,-2.645371788819997
6074,31.088,78.29365587770097,0.0,75.64828408888097,0.0,136.9715439400615,-2.6453717888200003
6075,31.088,76.97016471414344,0.0,74.32479292532344,0.0,139.57723515204918,-2.6453717888200003
6076,31.212,81.384021406999,0.0,78.738649618179,0.0,142.1829263640369,-2.6453717888200003
6077,31.352,91.63239591418312,0.0,88.98702412536312,0.0,144.7886175760246,-2.6453717888200003
6078,33.375,101.02365206340028,2.2796024442468106,100.65788271882708,0.0,147.3943087880123,-2.6453717888200003
6079,36.892,82.6840472116551,16.001433511294273,109.76673072294938,0.0,150.0,11.081250000000004
6080,32.448,75.09425957606965,34.873588011274194,121.04909758734384,0.0,138.75,11.081250000000002
6081,31.615,83.16254427439593,62.73308568140211,156.97687995579804,0.0,127.5,11.081250000000002
6082,30.88,90.01086876776057,68.77542765798722,169.8675464257478,0.0,116.24999999999999,11.08125
6083,27.999,91.48744612403917,74.25019437010974,176.81889049414892,0.0,104.99999999999997,11.08125
6084,27.999,105.7729513125021,65.8462965366754,182.7004978491775,0.0,93.74999999999997,11.081249999999999
6085,29.319,108.65810206317838,42.03034193079379,161.76969399397217,0.0,82.49999999999997,11.081249999999999
6086,32.448,120.06937948213998,53.19964676214941,184.3502762442894,0.0,71.24999999999997,11.08125
6087,33.283,130.72816577404174,34.62757256238291,176.43698833642466,0.0,59.99999999999997,11.08125
6088,35.03,152.02281555478393,19.277343517270413,182.38140907205437,0.0,48.74999999999997,11.08125
6089,33.657,152.95070622810266,3.617308039881241,167.6492642679839,0.0,37.49999999999997,11.081250000000002
6090,42.596,114.82305854537502,0.17774721913330455,126.08205576450833,0.0,26.24999999999997,11.08125
6091,34.236,106.63549978838411,0.0,106.63549978838411,0.0,14.999999999999972,0.0
6092,34.034,103.27039944706962,0.0,103.27039944706962,0.0,14.999999999999972,0.0
6093,33.419,104.75087996047617,0.0,104.75087996047617,0.0,14.999999999999972,0.0
6094,32.018,110.58562189044427,0.0,110.58562189044427,0.0,14.999999999999972,0.0
6095,31.212,143.3469129009158,0.0,143.3469129009158,0.0,14.999999999999972,0.0
6096,30.575,163.0577931768051,0.0,163.0577931768051,0.0,14.999999999999972,0.0
6097,30.212,187.2637811476835,0.0,187.2637811476835,0.0,14.999999999999972,0.0
6098,30.212,184.13397687123384,0.0,184.13397687123384,0.0,14.999999999999972,0.0
6099,30.212,180.47307701096548,0.0,180.47307701096548,0.0,14.999999999999972,0.0
6100,30.212,233.58565971121897,0.0,233.58565971121897,0.0,14.999999999999972,0.0
6101,30.517,277.9873021655533,0.0,277.9873021655533,0.0,14.999999999999972,0.0
6102,30.517,278.39384219473845,0.6050179409528028,278.99886013569125,0.0,14.999999999999972,0.0
6103,31.781,267.68522516564485,3.9534242242693365,259.17902779323674,0.0,14.999999999999972,-12.459621596677437
6104,28.926,230.89451962220724,6.38183441585264,224.81673244138244,0.0,27.27272727272724,-12.459621596677437
6105,20.764,219.472351711195,7.6236416626330765,214.63637177715063,0.0,39.545454545454504,-12.459621596677437
6106,14.459,204.63276342229,7.504505171187612,199.67764699680018,0.0,51.81818181818177,-12.459621596677437
6107,14.307,139.05261049741472,6.227347538584197,132.82033643932147,0.0,64.09090909090905,-12.459621596677437
6108,14.423,94.22986748519342,7.615238547253661,89.38548443576965,0.0,76.36363636363633,-12.459621596677437
6109,15.066,45.57143121507499,9.839822203881484,42.95163182227903,0.0,88.63636363636363,-12.459621596677437
6110,20.276,29.3470979633175,12.534530105733138,29.4220064723732,0.0,100.90909090909089,-12.459621596677433
6111,28.398,36.40898572619159,16.455386379292367,40.40475050880652,0.0,113.18181818181819,-12.45962159667743
6112,32.133,45.189506021690605,18.770315144669354,51.500199569682536,0.0,125.45454545454547,-12.459621596677422
6113,32.475,51.662375102311586,4.504931460402673,43.70768496603684,0.0,137.72727272727275,-12.459621596677422
6114,37.319,48.56699521567273,0.19753816399542307,48.76453337966816,0.0,150.0,0.0
6115,34.034,27.288491992978166,0.0,27.288491992978166,0.0,150.0,0.0
6116,32.32,30.660506221257982,0.0,30.660506221257982,0.0,150.0,0.0
6117,30.883,47.74515045310295,0.0,47.74515045310295,0.0,150.0,0.0
6118,30.883,48.34737498649149,0.0,48.34737498649149,0.0,150.0,0.0
6119,30.883,53.155782637443146,0.0,53.155782637443146,0.0,150.0,0.0
6120,32.254,64.49726650655133,0.0,64.49726650655133,0.0,150.0,0.0
6121,32.254,63.597242457831136,0.0,63.597242457831136,0.0,150.0,0.0
6122,32.254,62.948628005944116,0.0,62.948628005944116,0.0,150.0,0.0
6123,32.254,74.7480877521369,0.0,74.7480877521369,0.0,150.0,0.0
6124,32.254,67.92174471651781,0.0,67.92174471651781,0.0,150.0,0.0
6125,32.254,56.06404122633516,0.0,56.06404122633516,0.0,150.0,0.0
6126,34.034,59.346275381877334,2.1607322029930716,61.50700758487041,0.0,150.0,0.0
6127,34.034,44.525687798508855,12.823172134800052,57.34885993330891,0.0,150.0,0.0
6128,43.939,40.838364464837206,30.13744369419599,70.97580815903319,0.0,150.0,0.0
6129,34.609,37.31216662379384,47.76845766020114,85.08062428399498,0.0,150.0,0.0
6130,32.254,70.3470674123292,61.17634393371609,131.5234113460453,0.0,150.0,0.0
6131,32.254,56.81338484787446,56.53195837928229,113.34534322715675,0.0,150.0,0.0
6132,32.402,76.33228677194094,79.3817632478924,155.71405001983334,0.0,150.0,0.0
6133,32.7,76.32219174743238,77.24887212185953,153.57106386929192,0.0,150.0,0.0
6134,32.595,70.92210808569568,75.62169463131865,146.54380271701433,0.0,150.0,0.0
6135,33.117,53.76777007572284,49.0694213508342,102.83719142655704,0.0,150.0,0.0
6136,34.552,37.57598021848163,29.066533570956278,66.64251378943791,0.0,150.0,0.0
6137,36.409,35.20437288506924,4.3715565111864025,39.575929396255646,0.0,150.0,0.0
6138,46.553,25.965376627685778,0.08212408412399139,75.29750071180976,0.0,150.0,49.25
6139,36.188,19.983211087408407,0.0,69.2332110874084,0.0,100.0,49.25
6140,35.553,19.72406731667117,0.0,54.199067316671204,0.0,50.0,34.47500000000004
6141,35.411,15.965025714954859,0.0,4.684709866111094,0.0,14.999999999999972,-11.280315848843765
6142,35.11,12.90382969021928,0.0,1.623513841375516,0.0,26.11111111111108,-11.280315848843765
6143,33.559,11.99499719080437,0.0,0.7146813419606044,0.0,37.2222222222222,-11.280315848843765
6144,32.912,12.451849511880008,0.0,1.171533663036243,0.0,48.333333333333314,-11.280315848843765
6145,32.912,16.750454718766534,0.0,5.470138869922769,0.0,59.444444444444436,-11.280315848843765
6146,32.912,13.630579939662397,0.0,2.35026409081863,0.0,70.55555555555554,-11.280315848843767
6147,32.912,13.224885009852668,0.0,1.9445691610089053,0.0,81.66666666666666,-11.280315848843763
6148,34.829,17.561166113907415,0.0,6.280850265063652,0.0,92.77777777777776,-11.280315848843763
6149,35.513,21.98422372667734,0.0,10.703907877833576,0.0,103.88888888888886,-11.280315848843763
6150,43.97,23.889022771751925,2.168561815008164,75.30758458676009,0.0,114.99999999999997,49.25
6151,40.186,14.394829771210418,11.551344049972592,75.19617382118301,0.0,64.99999999999997,49.25
6152,35.436,6.206830343674717,40.859016013595316,47.06584635727003,0.0,14.999999999999972,0.0
6153,34.523,28.414260025569998,66.52657714849131,94.94083717406131,0.0,14.999999999999972,0.0
6154,34.505,24.437897316898454,65.04215911555752,89.48005643245598,0.0,14.999999999999972,0.0
6155,34.505,16.8495334958342,50.1057241575643,54.77251653664723,0.0,14.999999999999972,-12.182741116751274
6156,25.605,31.022695544428192,48.02285118928834,66.86280561696526,0.0,26.99999999999998,-12.182741116751272
6157,25.605,41.62843217510207,31.961520976560863,61.407212034911666,0.0,38.99999999999999,-12.18274111675127
6158,25.605,58.014376751783566,35.14247394985164,80.97410958488393,0.0,51.0,-12.182741116751266
6159,27.365,62.440373532927744,18.835370329320863,69.09300274549733,0.0,63.0,-12.182741116751266
6160,32.912,59.845596109321605,9.850991319941526,99.24658742926314,0.0,75.0,29.55000000000002
6161,33.329,71.87434804815877,2.6624208185210554,104.08676886667985,0.0,44.999999999999986,29.55000000000002
6162,34.034,88.5684803855937,0.0,88.5684803855937,0.0,14.999999999999972,0.0
6163,31.778,94.63999590935083,0.0,94.63999590935083,0.0,14.999999999999972,0.0
6164,31.823,122.92674335746557,0.0,122.92674335746557,0.0,14.999999999999972,0.0
6165,30.945,154.89791010505246,0.0,154.89791010505246,0.0,14.999999999999972,0.0
6166,30.945,227.1509943162251,0.0,227.1509943162251,0.0,14.999999999999972,0.0
6167,30.945,279.3787097232508,0.0,272.16524458833226,0.0,14.999999999999972,-7.21346513491852
6168,21.193,309.21566621397966,0.0,300.0,2.0022010790611393,22.105263157894715,-7.21346513491852
6169,21.193,320.3236095682742,0.0,300.0,13.110144433355687,29.21052631578946,-7.21346513491852
6170,21.193,339.1660612324396,0.0,300.0,31.952596097521056,36.31578947368419,-7.213465134918519
6171,21.193,343.688688367194,0.0,300.0,36.47522323227548,43.42105263157893,-7.213465134918518
6172,21.193,345.64457234982603,0.0,300.0,38.43110721490751,50.526315789473685,-7.213465134918518
6173,21.193,340.7105967963268,0.0,300.0,33.497131661408275,57.631578947368396,-7.213465134918519
6174,20.757,311.37931723611916,0.0,300.0,4.165852101200643,64.73684210526312,-7.213465134918521
6175,27.535,315.3770091141825,0.0,300.0,8.16354397926398,71.84210526315785,-7.213465134918519
6176,20.555,277.57583446314226,3.9798057975442336,274.342175125768,0.0,78.94736842105257,-7.21346513491852
6177,14.395,229.70460924727186,16.841301383987684,239.33244549634102,0.0,86.05263157894731,-7.21346513491852
6178,13.781,198.42867686837232,35.825362284332634,227.04057401778644,0.0,93.15789473684205,-7.213465134918518
6179,13.639,169.07847670730084,25.46824003491831,187.3332516073006,0.0,100.2631578947368,-7.213465134918518
6180,13.639,105.92379383251712,62.798319506242095,161.5086482038407,0.0,107.36842105263155,-7.213465134918518
6181,13.639,86.89642042893647,54.33771075046339,134.02066604448135,0.0,114.4736842105263,-7.213465134918518
6182,14.033,119.61561487171326,45.129864322351004,157.53201405914575,0.0,121.57894736842104,-7.213465134918515
6183,15.122,100.38637617527718,34.780466695034455,127.9533777353931,0.0,128.68421052631578,-7.213465134918515
6184,21.815,77.88242971362975,7.162059870567056,77.8310244492783,0.0,135.78947368421052,-7.213465134918508
6185,30.589,89.04925031440165,1.7198962783105656,83.55568145779371,0.0,142.89473684210526,-7.213465134918508
6186,30.867,105.36404910533217,0.0,115.59289525917833,0.0,150.0,10.228846153846156
6187,30.867,80.41857541934151,0.0,90.64742157318767,0.0,139.6153846153846,10.228846153846156
6188,30.867,100.84998649271125,0.0,111.07883264655742,0.0,129.23076923076925,10.228846153846158
6189,30.49,104.00681889589377,0.0,114.23566504973994,0.0,118.84615384615387,10.22884615384616
6190,29.031,133.40484823725845,0.0,143.6336943911046,0.0,108.46153846153848,10.228846153846158
6191,23.991,147.65534085678937,0.0,157.88418701063551,0.0,98.07692307692308,10.228846153846158
6192,29.499,158.88953709441725,0.0,169.1183832482634,0.0,87.6923076923077,10.228846153846156
6193,29.499,165.6140798173878,0.0,175.84292597123394,0.0,77.3076923076923,10.228846153846158
6194,29.499,185.17920791062605,0.0,195.4080540644722,0.0,66.92307692307692,10.22884615384616
6195,29.499,170.68026454390554,0.0,180.9091106977517,0.0,56.53846153846153,10.22884615384616
6196,29.963,170.12627039268526,0.0,180.3551165465314,0.0,46.153846153846146,10.228846153846163
6197,29.963,154.48758498874614,0.0,164.7164311425923,0.0,35.76923076923076,10.228846153846165
6198,35.006,156.66178385149118,0.2991139692636852,167.18974397460101,0.0,25.384615384615365,10.228846153846163
6199,30.263,186.22157897014077,5.391011720320277,179.1529690937836,0.0,14.999999999999972,-12.459621596677437
6200,29.499,177.55559778393632,14.81265981256468,179.90863599982356,0.0,27.27272727272724,-12.459621596677437
6201,23.301,246.57321460415704,30.59501365459426,264.70860666207386,0.0,39.545454545454504,-12.459621596677437
6202,18.082,244.81678517275276,37.19029044118735,269.5474540172627,0.0,51.81818181818177,-12.459621596677437
6203,15.279,217.26423560912926,57.90710532667498,262.7117193391268,0.0,64.09090909090905,-12.459621596677437
6204,15.279,194.39869839003094,35.159094625503705,217.09817141885722,0.0,76.36363636363633,-12.459621596677437
6205,15.279,176.50871460130193,43.29910118263968,207.34819418726417,0.0,88.63636363636363,-12.459621596677437
6206,15.604,139.3297456648451,38.17101509063231,165.04113915879998,0.0,100.90909090909089,-12.459621596677433
6207,23.749,107.29825116868335,20.285451631656084,115.124081203662,0.0,113.18181818181819,-12.45962159667743
6208,29.853,89.97081595857904,13.059264905725074,90.57045926762669,0.0,125.45454545454547,-12.459621596677422
6209,33.944,74.92403473393823,2.9413705033255875,65.40578364058639,0.0,137.72727272727275,-12.459621596677422
6210,43.48,65.38605655807987,0.0,114.63605655807987,0.0,150.0,49.25
6211,33.923,61.9673754902366,0.0,111.2173754902366,0.0,100.0,49.25
6212,33.946,55.97995886387288,0.0,90.45495886387292,0.0,50.0,34.47500000000004
6213,33.585,55.96329241264858,0.0,50.00434295336806,0.0,14.999999999999972,-5.9589494592805154
6214,31.801,63.055070739290684,0.0,57.096121280010166,0.0,20.86956521739128,-5.9589494592805154
6215,29.853,51.91862141713157,0.0,45.95967195785105,0.0,26.739130434782595,-5.9589494592805154
6216,28.754,53.499184977822885,0.0,47.54023551854237,0.0,32.60869565217389,-5.958949459280516
6217,28.754,55.05167354043384,0.0,49.09272408115332,0.0,38.47826086956519,-5.958949459280516
6218,28.754,56.32502697014617,0.0,50.36607751086565,0.0,44.34782608695649,-5.958949459280517
6219,28.484,58.450792666280876,0.0,52.49184320700036,0.0,50.217391304347814,-5.958949459280518
6220,28.484,67.77271174503728,0.0,61.813762285756766,0.0,56.0869565217391,-5.958949459280518
6221,28.394,75.98733232884898,0.0,70.02838286956846,0.0,61.956521739130395,-5.958949459280518
6222,28.467,94.27799058908623,0.6630426923175823,88.9820838221233,0.0,67.8260869565217,-5.958949459280518
6223,28.354,111.11030228303436,5.600967190143233,110.75232001389708,0.0,73.69565217391299,-5.958949459280519
6224,22.318,113.6622510366774,14.195168436435313,121.8984700138322,0.0,79.56521739130429,-5.95894945928052
6225,14.367,190.65089001335028,32.450870077305396,217.14281063137514,0.0,85.43478260869558,-5.958949459280519
6226,14.181,143.79666681442907,42.922701496276474,180.76041885142502,0.0,91.30434782608688,-5.95894945928052
6227,14.181,112.72595877630903,34.70585909525312,141.47286841228163,0.0,97.17391304347818,-5.95894945928052
6228,14.367,113.17304604537433,45.16367307768825,152.37776966378206,0.0,103.04347826086948,-5.95894945928052
6229,14.526,97.71856583175465,35.67092873514438,127.43054510761851,0.0,108.91304347826082,-5.958949459280518
6230,14.7,106.71094033568701,40.03980436264793,140.7917952390544,0.0,114.78260869565213,-5.958949459280518
6231,23.954,109.97899143000775,35.3324903268838,139.35253229761105,0.0,120.65217391304344,-5.958949459280522
6232,28.354,102.22400164730291,23.474515992158658,119.73956818018105,0.0,126.52173913043474,-5.958949459280518
6233,30.831,89.8406021358624,3.397312679897585,87.27896535647946,0.0,132.39130434782606,-5.958949459280518
6234,31.801,92.702474900541,0.0,86.74352544126049,0.0,138.26086956521738,-5.958949459280518
6235,33.973,84.65743283943151,0.0,78.69848338015099,0.0,144.1304347826087,-5.958949459280518
6236,38.088,88.35708932389501,0.0,100.44572568753138,0.0,150.0,12.088636363636367
6237,32.167,92.78661616042898,0.0,104.87525252406535,0.0,137.72727272727272,12.088636363636367
6238,30.411,92.92370210770727,0.0,105.01233847134364,0.0,125.45454545454545,12.088636363636367
6239,28.394,114.37586095367365,0.0,126.46449731731002,0.0,113.18181818181817,12.088636363636367
6240,31.287,158.33102394972622,0.0,170.41966031336258,0.0,100.9090909090909,12.088636363636367
6241,31.287,223.24241270887944,0.0,235.3310490725158,0.0,88.63636363636363,12.088636363636367
6242,31.287,277.8512106878139,0.0,289.9398470514502,0.0,76.36363636363636,12.088636363636368
6243,31.287,232.48549073478063,0.0,244.574127098417,0.0,64.09090909090908,12.088636363636368
6244,31.287,101.551621022256,0.0,113.64025738589237,0.0,51.8181818181818,12.088636363636368
6245,31.423,107.97177993917296,0.0,120.06041630280933,0.0,39.545454545454525,12.08863636363637
6246,33.694,133.83747160772,0.24730513867310175,146.1734131100295,0.0,27.272727272727252,12.088636363636372
6247,36.965,108.13525007211115,9.454709049381952,117.5899591214931,0.0,14.999999999999972,0.0
6248,32.387,90.16192093511363,35.56686266976325,110.5003572089378,0.0,14.999999999999972,-15.228426395939085
6249,28.093,90.1885972124457,49.40152840848889,124.36169922499552,0.0,29.999999999999968,-15.228426395939085
6250,26.182,100.06185898298219,67.8731320201545,152.7065646071976,0.0,44.999999999999986,-15.228426395939085
6251,26.182,107.2480846504647,72.01354030774128,164.03319856226688,0.0,59.999999999999986,-15.228426395939085
6252,26.851,99.18795379461689,74.7604167020705,158.7199441007483,0.0,75.0,-15.228426395939085
6253,26.851,90.20086096868543,82.59509694728104,157.5675315200274,0.0,90.0,-15.228426395939081
6254,28.674,79.9723582496698,69.21546242969367,133.9593942834244,0.0,105.00000000000001,-15.228426395939081
6255,32.963,72.00507893062473,50.125758729666984,106.90241126435264,0.0,120.0,-15.228426395939081
6256,34.947,63.650595028812404,23.353969209358112,71.77613784223144,0.0,135.0,-15.228426395939081
6257,35.789,60.782525127617305,5.762329275906615,115.79485440352391,0.0,150.0,49.25
6258,40.187,61.73801443103517,0.0,110.98801443103517,0.0,100.0,49.25
6259,34.034,67.51838587785956,0.0,101.9933858778596,0.0,50.0,34.47500000000004
6260,34.034,75.29787479062537,0.0,69.20650423224974,0.0,14.999999999999972,-6.091370558375636
6261,32.743,82.36956816222597,0.0,76.27819760385034,0.0,20.99999999999997,-6.091370558375637
6262,31.663,83.33930742626102,0.0,77.24793686788539,0.0,26.999999999999964,-6.091370558375637
6263,31.663,75.91985556680993,0.0,69.8284850084343,0.0,32.99999999999998,-6.091370558375636
6264,31.663,76.98106523693964,0.0,70.88969467856401,0.0,38.999999999999986,-6.091370558375636
6265,31.663,82.46481364101953,0.0,76.37344308264389,0.0,44.999999999999986,-6.091370558375637
6266,31.663,75.77333360571282,0.0,69.68196304733718,0.0,50.999999999999986,-6.091370558375637
6267,31.663,79.57437886461253,0.0,73.48300830623688,0.0,56.99999999999999,-6.091370558375637
6268,31.663,73.33427125119232,0.0,67.24290069281669,0.0,62.99999999999999,-6.091370558375633
6269,32.012,83.30690975416086,0.0,77.21553919578523,0.0,68.99999999999999,-6.091370558375633
6270,33.372,95.91715716889459,0.3223643918689419,89.89434389578892,0.0,75.0,-6.345177664974621
6271,34.985,71.42945880669376,6.605060259488411,71.68934140120754,0.0,81.25,-6.345177664974621
6272,34.158,52.01096015003658,18.570534635373097,64.23631712043505,0.0,87.5,-6.345177664974621
6273,32.547,55.47492086294419,28.409685202973318,77.53942840094288,0.0,93.75,-6.345177664974621
6274,31.345,61.15964015787859,54.47793690787914,109.29239940078313,0.0,100.0,-6.345177664974617
6275,27.996,50.56813172506871,50.599651558867166,94.82260561896126,0.0,106.25,-6.345177664974619
6276,28.034,49.89896068149827,75.50825124148606,119.06203425800972,0.0,112.5,-6.345177664974617
6277,32.245,53.870676933999086,77.84354079875736,125.36904006778184,0.0,118.75,-6.345177664974617
6278,33.339,82.32090363078784,68.90922274673146,144.88494871254468,0.0,125.0,-6.345177664974617
6279,33.797,69.90755602003432,45.83377880950671,109.39615716456642,0.0,131.25,-6.345177664974617
6280,35.159,80.69940508005891,27.201500581091537,101.55572799617583,0.0,137.5,-6.345177664974618
6281,36.843,99.31629630517813,5.456863912882662,98.42798255308618,0.0,143.75,-6.345177664974618
6282,38.782,115.40889432098804,0.0,115.40889432098804,0.0,150.0,0.0
6283,35.745,131.05550936593667,0.0,131.05550936593667,0.0,150.0,0.0
6284,35.411,119.32793782493995,0.0,119.32793782493995,0.0,150.0,0.0
6285,35.03,130.00629149857727,0.0,130.00629149857727,0.0,150.0,0.0
6286,33.276,168.18480912396186,0.0,168.18480912396186,0.0,150.0,0.0
6287,32.944,209.23732254544944,0.0,209.23732254544944,0.0,150.0,0.0
6288,32.697,207.65226490111073,0.0,207.65226490111073,0.0,150.0,0.0
6289,32.697,213.85904937056526,0.0,213.85904937056526,0.0,150.0,0.0
6290,32.697,211.7010556141692,0.0,211.7010556141692,0.0,150.0,0.0
6291,32.697,186.21674629964417,0.0,186.21674629964417,0.0,150.0,0.0
6292,32.697,198.9914992203784,0.0,198.9914992203784,0.0,150.0,0.0
6293,32.697,223.86915979575807,0.0,223.86915979575807,0.0,150.0,0.0
6294,34.552,193.03501638730245,0.0,193.03501638730245,0.0,150.0,0.0
6295,42.112,146.38013821850808,5.627947825128782,152.00808604363687,0.0,150.0,0.0
6296,34.605,124.281667717498,14.65557954974275,138.93724726724074,0.0,150.0,0.0
6297,32.921,122.54195472611154,34.05641135281576,156.5983660789273,0.0,150.0,0.0
6298,32.243,144.64449552330967,39.36358384494451,184.0080793682542,0.0,150.0,0.0
6299,32.243,122.6131305261422,44.27816035016024,166.89129087630243,0.0,150.0,0.0
6300,32.338,122.75623811683043,56.36291994703543,179.11915806386585,0.0,150.0,0.0
6301,32.458,162.73374009010607,60.845089932759876,223.57883002286593,0.0,150.0,0.0
6302,32.875,152.7910787773643,79.67943661798448,232.4705153953488,0.0,150.0,0.0
6303,32.968,149.9263599345218,56.57020791504448,206.49656784956628,0.0,150.0,0.0
6304,34.607,124.80708268865352,30.464270779516912,155.27135346817045,0.0,150.0,0.0
6305,35.43,123.75090220269676,5.330696675048662,129.08159887774542,0.0,150.0,0.0
6306,47.192,104.2610970116455,0.0,104.2610970116455,0.0,150.0,0.0
6307,37.173,86.31721890213834,0.0,86.31721890213834,0.0,150.0,0.0
6308,38.206,82.13431460073124,0.0,82.13431460073124,0.0,150.0,0.0
6309,34.425,76.40103078939757,0.0,76.40103078939757,0.0,150.0,0.0
6310,33.549,71.06332932230565,0.0,71.06332932230565,0.0,150.0,0.0
6311,32.697,91.99358269591777,0.0,91.99358269591777,0.0,150.0,0.0
6312,33.493,81.03075635001058,0.0,81.03075635001058,0.0,150.0,0.0
6313,33.493,62.81438349416913,0.0,62.81438349416913,0.0,150.0,0.0
6314,33.493,57.790741916116865,0.0,57.790741916116865,0.0,150.0,0.0
6315,33.493,50.08548762697184,0.0,50.08548762697184,0.0,150.0,0.0
6316,34.192,42.71695747298291,0.0,42.71695747298291,0.0,150.0,0.0
6317,35.07,36.81331659576232,0.0,36.81331659576232,0.0,150.0,0.0
6318,46.148,34.94846058057422,0.055403530877372084,35.00386411145159,0.0,150.0,0.0
6319,34.882,29.552170587539692,10.119321321871512,39.6714919094112,0.0,150.0,0.0
6320,34.194,24.26595155308528,24.03829678431186,48.30424833739714,0.0,150.0,0.0
6321,33.787,32.49122136618122,47.26334597403954,79.75456734022076,0.0,150.0,0.0
6322,33.879,35.79206690288537,50.77043708744431,86.56250399032967,0.0,150.0,0.0
6323,33.581,24.02104119588609,55.2490798882088,79.27012108409488,0.0,150.0,0.0
6324,33.581,20.328406947723813,42.02298473223843,62.35139167996224,0.0,150.0,0.0
6325,34.34,21.277886908849943,35.30419562425526,56.5820825331052,0.0,150.0,0.0
6326,35.063,26.970723051251216,35.81348794238744,62.78421099363865,0.0,150.0,0.0
6327,36.604,27.018530531075783,33.49122325058224,60.50975378165802,0.0,150.0,0.0
6328,37.713,26.04001967459674,23.537357950769284,49.577377625366026,0.0,150.0,0.0
6329,50.02,26.920485218828524,3.8628503376733554,80.03333555650188,0.0,150.0,49.25
6330,50.02,18.89705224203343,0.0,68.14705224203342,0.0,100.0,49.25
6331,39.634,12.255328825432878,0.0,46.73032882543291,0.0,50.0,34.47500000000004
6332,39.16,4.840562933714804,0.0,4.840562933714804,0.0,14.999999999999972,0.0
6333,36.897,1.163710474510177,0.0,1.163710474510177,0.0,14.999999999999972,0.0
6334,35.07,0.0,0.0,0.0,0.0,14.999999999999972,0.0
6335,35.07,0.0,0.0,0.0,0.0,14.999999999999972,0.0
6336,34.017,0.0,0.0,0.0,0.0,14.999999999999972,0.0
6337,34.017,0.0,0.0,0.0,0.0,14.999999999999972,0.0
6338,34.017,0.0,0.0,0.0,0.0,14.999999999999972,0.0
6339,34.017,3.8974337064115456,0.0,3.8974337064115456,0.0,14.999999999999972,0.0
6340,34.017,15.027286613730475,0.0,15.027286613730475,0.0,14.999999999999972,0.0
6341,34.017,25.783199299153537,0.0,25.783199299153537,0.0,14.999999999999972,0.0
6342,39.772,30.66890702055042,0.0,30.66890702055042,0.0,14.999999999999972,0.0
6343,35.144,20.25252830461795,0.0,20.25252830461795,0.0,14.999999999999972,0.0
6344,34.931,12.638888456310918,3.545345948555741,16.184234404866658,0.0,14.999999999999972,0.0
6345,36.003,2.1400838975762353,5.729274410564829,7.869358308141064,0.0,14.999999999999972,0.0
6346,33.248,2.6830501558062916,3.614808839632966,6.297858995439258,0.0,14.999999999999972,0.0
6347,33.243,0.0,5.832994476379665,5.832994476379665,0.0,14.999999999999972,0.0
6348,33.116,0.0,8.926164522830177,8.926164522830177,0.0,14.999999999999972,0.0
6349,33.328,0.5242391300538015,7.665405771234736,8.189644901288538,0.0,14.999999999999972,0.0
6350,33.328,16.00995279265114,5.232926992708019,21.24287978535916,0.0,14.999999999999972,0.0
6351,34.691,48.18612994708774,4.917968991345012,53.104098938432756,0.0,14.999999999999972,0.0
6352,36.711,95.22593036292625,3.073798401116934,98.29972876404318,0.0,14.999999999999972,0.0
6353,48.085,92.96873071194466,0.11848069454355856,93.08721140648822,0.0,14.999999999999972,0.0
6354,43.984,70.05159968094834,0.0,65.58459460480621,0.0,14.999999999999972,-4.467005076142135
6355,36.711,49.13858291167422,0.0,44.671577835532084,0.0,19.399999999999974,-4.467005076142135
6356,35.803,37.646841968586294,0.0,33.17983689244416,0.0,23.79999999999997,-4.467005076142135
6357,33.643,31.797882889086623,0.0,27.330877812944486,0.0,28.199999999999974,-4.467005076142135
6358,33.533,26.53580917444266,0.0,22.068804098300525,0.0,32.599999999999966,-4.467005076142135
6359,33.337,25.512020488445735,0.0,21.0450154123036,0.0,36.99999999999996,-4.467005076142135
6360,33.515,37.2273811988327,0.0,32.760376122690566,0.0,41.39999999999995,-4.467005076142135
6361,33.515,46.821351983345515,0.0,42.35434690720338,0.0,45.799999999999955,-4.467005076142135
6362,33.515,39.53768787331086,0.0,35.07068279716872,0.0,50.19999999999996,-4.467005076142135
6363,33.515,34.264582525660906,0.0,29.79757744951877,0.0,54.599999999999966,-4.467005076142135
6364,33.515,66.89828456671464,0.0,62.4312794905725,0.0,58.99999999999997,-4.467005076142135
6365,33.515,82.45225666059379,0.0,77.98525158445166,0.0,63.39999999999999,-4.467005076142135
6366,38.139,69.6204815479231,0.07872216496331683,65.2321986367443,0.0,67.79999999999998,-4.467005076142135
6367,34.242,70.53446807909135,6.7571272296679075,72.82459023261713,0.0,72.19999999999999,-4.467005076142136
6368,33.43,89.86175581582516,25.803220184341356,111.19797092402439,0.0,76.6,-4.467005076142135
6369,31.66,100.089155416457,40.818932341232774,136.44108268154764,0.0,80.99999999999997,-4.467005076142135
6370,30.572,70.51843659820113,55.86658388746626,121.91801540952527,0.0,85.39999999999998,-4.467005076142135
6371,30.529,80.14999889772312,72.18723010250105,147.87022392408204,0.0,89.79999999999998,-4.467005076142135
6372,30.619,77.98184997515364,79.20223406412717,152.71707896313868,0.0,94.19999999999999,-4.467005076142135
6373,30.656,77.59428385096462,85.50667338325303,158.63395215807552,0.0,98.6,-4.467005076142133
6374,30.67,82.61835457987502,67.40483486541189,145.55618436914477,0.0,103.0,-4.467005076142133
6375,32.375,78.99846031905992,62.401882807042966,136.93333804996075,0.0,107.4,-4.467005076142133
6376,33.758,56.552454391566215,31.238872455585586,83.32432177100966,0.0,111.80000000000001,-4.467005076142129
6377,35.949,42.991541063784936,5.1732505831784765,43.697786570821286,0.0,116.2,-4.467005076142129
6378,43.64,47.261499534838165,0.0,42.794494458696036,0.0,120.60000000000001,-4.467005076142129
6379,41.533,54.54127724876949,0.0,103.79127724876949,0.0,125.0,49.25
6380,46.261,60.42757991420807,0.0,109.67757991420807,0.0,75.0,49.25
6381,36.843,62.52936103680975,0.0,60.59559260557939,0.0,25.0,-1.9337684312303594
6382,34.163,56.20822207547029,0.0,54.27445364423993,0.0,26.904761904761905,-1.9337684312303594
6383,33.831,49.85515765143903,0.0,47.92138922020867,0.0,28.80952380952381,-1.933768431230359
6384,32.892,46.64604280485545,0.0,44.71227437362509,0.0,30.714285714285715,-1.9337684312303587
6385,32.892,44.90871330327284,0.0,42.974944872042485,0.0,32.61904761904762,-1.9337684312303587
6386,32.892,43.32603347336702,0.0,41.39226504213666,0.0,34.52380952380952,-1.9337684312303587
6387,32.892,36.72859268564311,0.0,34.79482425441275,0.0,36.42857142857143,-1.9337684312303582
6388,32.892,31.71667305592981,0.0,29.78290462469945,0.0,38.333333333333336,-1.9337684312303582
6389,32.906,26.395092391306356,0.0,24.461323960075998,0.0,40.238095238095234,-1.9337684312303578
6390,36.502,26.656718445823017,0.09485055654014596,24.817800571132803,0.0,42.14285714285714,-1.9337684312303582
6391,32.892,23.89630550207464,12.613373958447974,34.57591102929226,0.0,44.04761904761904,-1.9337684312303587
6392,32.457,11.775961966200828,40.16686778532218,50.009061320292645,0.0,45.952380952380935,-1.9337684312303587
6393,32.358,16.13032967244466,66.52246626712869,80.71902750834299,0.0,47.85714285714283,-1.9337684312303596
6394,32.358,9.362291329976067,76.42965329666853,83.85817619541425,0.0,49.76190476190473,-1.9337684312303596
6395,32.358,5.2210164448888445,85.99428928866088,89.28153730231936,0.0,51.66666666666664,-1.9337684312303596
6396,32.358,3.202280717706842,79.16043156478554,80.42894385126202,0.0,53.57142857142854,-1.9337684312303605
6397,32.522,2.8165542178336263,75.79528361287656,76.67806939947982,0.0,55.476190476190446,-1.9337684312303605
6398,32.892,2.059532051249631,70.6776958803375,70.80345950035677,0.0,57.38095238095235,-1.9337684312303605
6399,33.364,1.2481645721054229,46.03190492957282,45.34630107044788,0.0,59.285714285714256,-1.9337684312303622
6400,36.482,0.0,28.150861633597508,26.217093202367145,0.0,61.190476190476154,-1.9337684312303622
6401,44.492,0.06498574066974662,4.97234387572098,3.1035611851603644,0.0,63.09523809523807,-1.9337684312303622
6402,38.965,4.0026804387996835,0.0,53.252680438799686,0.0,64.99999999999997,49.25
6403,39.908,7.916937270997319,0.0,7.916937270997319,0.0,14.999999999999972,0.0
6404,35.802,9.3153488223351,0.0,9.3153488223351,0.0,14.999999999999972,0.0
6405,34.82,8.808698251113421,0.0,8.808698251113421,0.0,14.999999999999972,0.0
6406,32.892,17.544304242741674,0.0,17.544304242741674,0.0,14.999999999999972,0.0
6407,32.892,19.317911462945418,0.0,19.317911462945418,0.0,14.999999999999972,0.0
6408,32.358,21.783025894019104,0.0,21.783025894019104,0.0,14.999999999999972,0.0
6409,31.776,29.362008259337575,0.0,29.362008259337575,0.0,14.999999999999972,0.0
6410,31.776,37.79121579363055,0.0,37.79121579363055,0.0,14.999999999999972,0.0
6411,31.776,48.785048172719264,0.0,48.785048172719264,0.0,14.999999999999972,0.0
6412,31.776,58.55132379579622,0.0,58.55132379579622,0.0,14.999999999999972,0.0
6413,32.502,70.67104902576365,0.0,70.67104902576365,0.0,14.999999999999972,0.0
6414,33.729,75.96726086913326,0.0,75.96726086913326,0.0,14.999999999999972,0.0
6415,39.672,89.04247231691386,2.8276471553072264,91.87011947222109,0.0,14.999999999999972,0.0
6416,36.381,130.66185784899312,7.645222242948306,138.30708009194143,0.0,14.999999999999972,0.0
6417,32.617,220.66008637315701,9.886528618175006,230.54661499133204,0.0,14.999999999999972,0.0
6418,33.256,224.9969387171501,9.164045861773705,234.1609845789238,0.0,14.999999999999972,0.0
6419,31.719,178.7536152564207,8.42849327362808,187.18210853004877,0.0,14.999999999999972,0.0
6420,31.719,217.92437072494585,6.0144184951656054,223.93878922011146,0.0,14.999999999999972,0.0
6421,31.885,264.23662299484397,3.441579209432774,267.6782022042768,0.0,14.999999999999972,0.0
6422,32.6,296.43940309084496,2.797849378325662,299.23725246917064,0.0,14.999999999999972,0.0
6423,32.552,320.165097567697,0.9552378554056485,300.0,4.24087059462531,14.999999999999972,-16.87946482847732
6424,32.759,329.0060953793392,0.0,300.0,12.12663055086185,31.626272856050132,-16.87946482847732
6425,34.637,336.1210567603848,0.0,300.0,19.2415919319075,48.2525457121003,-16.879464828477317
6426,33.925,342.3265679192396,0.0,300.0,25.44710309076229,64.87881856815048,-16.879464828477317
6427,35.501,346.36858183432605,0.0,300.0,29.489117005848733,81.50509142420064,-16.879464828477317
6428,33.823,347.8725381784966,0.0,300.0,30.993073350019273,98.1313642802508,-16.879464828477325
6429,32.72,347.4497588046517,0.0,300.0,30.57029397617439,114.75763713630096,-16.879464828477317
6430,31.776,342.4968426806596,0.0,300.0,25.61737785218228,131.38390999235114,-16.879464828477317
6431,31.776,302.0201189356332,0.0,300.0,0.0,148.01018284840129,-2.0201189356332065
6432,32.756,164.11332636066857,0.0,164.11332636066857,0.0,150.0,0.0
6433,32.756,80.35889812876648,0.0,80.35889812876648,0.0,150.0,0.0
6434,32.756,63.20614965567988,0.0,63.20614965567988,0.0,150.0,0.0
6435,32.756,63.32431819982423,0.0,63.32431819982423,0.0,150.0,0.0
6436,32.756,72.20491805471225,0.0,72.20491805471225,0.0,150.0,0.0
6437,32.756,71.94818433166212,0.0,71.94818433166212,0.0,150.0,0.0
6438,35.219,83.43692883104583,0.0,83.43692883104583,0.0,150.00000000000003,0.0
6439,38.573,80.02094962195606,6.284953386140824,86.30590300809689,0.0,150.00000000000006,0.0
6440,35.286,90.0797608519372,10.636806900922007,100.7165677528592,0.0,150.00000000000006,0.0
6441,33.043,96.4983127492772,7.312202108599982,103.81051485787718,0.0,150.00000000000006,0.0
6442,32.407,93.20507650448754,4.059784870994042,97.26486137548157,0.0,150.00000000000006,0.0
6443,31.495,99.83597887995379,2.491309625168188,102.32728850512197,0.0,150.00000000000006,0.0
6444,31.495,69.98353556222526,7.988253025644274,77.97178858786953,0.0,150.0,0.0
6445,32.756,58.996162591524225,14.10094573733657,73.0971083288608,0.0,150.0,0.0
6446,34.419,26.90206857824495,16.261423181279223,43.16349175952418,0.0,150.0,0.0
6447,35.74,21.812062724866102,21.121068792486916,42.93313151735302,0.0,150.0,0.0
6448,37.031,27.29911600252865,12.253962259994971,39.55307826252362,0.0,150.0,0.0
6449,37.461,13.251901620991694,1.24322044973819,14.495122070729884,0.0,150.0,0.0
6450,39.867,12.28521734093638,0.0,12.28521734093638,0.0,150.00000000000003,0.0
6451,37.461,22.427662881624528,0.0,22.427662881624528,0.0,150.00000000000006,0.0
6452,35.928,28.438819482419802,0.0,28.438819482419802,0.0,150.0,0.0
6453,35.258,24.718989755959225,0.0,24.718989755959225,0.0,150.0,0.0
6454,34.225,33.32728021893068,0.0,33.32728021893068,0.0,150.0,0.0
6455,33.149,40.89686662481194,0.0,40.89686662481194,0.0,150.0,0.0
6456,35.01,36.98443278805258,0.0,36.98443278805258,0.0,150.0,0.0
6457,35.01,31.524625771290854,0.0,31.524625771290854,0.0,150.0,0.0
6458,35.01,29.334557577052646,0.0,29.334557577052646,0.0,150.0,0.0
6459,35.01,21.076773866263267,0.0,21.076773866263267,0.0,150.0,0.0
6460,35.01,25.248368575899,0.0,25.248368575899,0.0,150.00000000000003,0.0
6461,35.445,34.1005588438476,0.0,34.1005588438476,0.0,150.0,0.0
6462,36.696,29.651867360445607,0.0,29.651867360445607,0.0,150.0,0.0
6463,44.58,25.96298173835732,3.696521801073875,29.659503539431196,0.0,150.0,0.0
6464,34.777,23.580975140690885,13.211585827171247,36.79256096786213,0.0,150.0,0.0
6465,34.133,36.70321448835947,12.818102755407507,49.52131724376698,0.0,150.0,0.0
6466,34.006,36.07079630511563,17.97871839817933,54.04951470329496,0.0,150.0,0.0
6467,33.537,33.65744170370114,17.051375011447107,50.708816715148245,0.0,150.0,0.0
6468,33.537,26.6171840253028,7.182247485439996,33.7994315107428,0.0,150.0,0.0
6469,34.028,25.89782691735103,4.349423537128139,30.24725045447917,0.0,150.0,0.0
6470,34.648,29.55380328881692,1.4110122927297037,30.964815581546624,0.0,150.0,0.0
6471,35.742,46.25596792809036,1.8136386770532003,48.069606605143555,0.0,150.0,0.0
6472,38.076,53.489845479718184,1.5844708973638284,55.07431637708201,0.0,150.0,0.0
6473,41.598,59.07871419027141,0.30364989551347615,108.63236408578489,0.0,150.0,49.25
6474,45.595,75.63284525251727,0.0,124.88284525251727,0.0,100.0,49.25
6475,41.098,77.61789601778477,0.0,75.50283679612657,0.0,50.0,-2.115059221658206
6476,36.707,77.70503615656303,0.0,75.58997693490483,0.0,52.08333333333334,-2.115059221658206
6477,35.054,88.15084127396177,0.0,86.03578205230357,0.0,54.16666666666667,-2.115059221658206
6478,34.648,89.1095099661316,0.0,86.9944507444734,0.0,56.25,-2.115059221658206
6479,34.648,80.19128560522009,0.0,78.07622638356189,0.0,58.33333333333333,-2.115059221658206
6480,33.745,84.13887847879214,0.0,82.02381925713394,0.0,60.416666666666664,-2.115059221658207
6481,33.745,90.93054269816938,0.0,88.81548347651116,0.0,62.49999999999999,-2.115059221658207
6482,33.745,67.3784775652012,0.0,65.26341834354298,0.0,64.58333333333333,-2.1150592216582087
6483,33.745,54.46303988820636,0.0,52.34798066654815,0.0,66.66666666666666,-2.115059221658207
6484,33.877,59.23843200882575,0.0,57.12337278716754,0.0,68.75,-2.115059221658207
6485,33.986,61.29399323800249,0.0,59.178934016344286,0.0,70.83333333333333,-2.115059221658207
6486,37.151,60.39028571694652,0.0,58.275226495288315,0.0,72.91666666666667,-2.115059221658207
6487,45.343,58.348645434597465,4.673603857042277,63.02224929163974,0.0,75.0,0.0
6488,36.742,40.997977751207415,17.74893824411303,58.74691599532045,0.0,75.0,0.0
6489,35.351,34.57550203020035,38.74542967407561,73.32093170427595,0.0,75.0,0.0
6490,34.288,18.654445538542372,34.2426306343739,47.095770879225185,0.0,75.0,-5.801305293691087
6491,33.958,12.5385703918924,33.944504567629686,40.681769665831,0.0,80.71428571428571,-5.801305293691087
6492,34.221,5.825664480708484,56.648788398290066,56.67314758530747,0.0,86.42857142857143,-5.80130529369108
6493,34.312,5.392751457162812,17.8781201303768,17.469566293848537,0.0,92.14285714285714,-5.801305293691076
6494,34.417,8.75137936165892,21.409502593477104,24.35957666144495,0.0,97.85714285714283,-5.8013052936910725
6495,34.759,17.451348817520355,29.076613049103667,40.72665657293295,0.0,103.57142857142854,-5.801305293691074
6496,36.177,26.25120301665982,13.951412007402084,34.401309730370826,0.0,109.28571428571426,-5.801305293691074
6497,44.621,30.96308405946725,1.2095029471310659,81.42258700659832,0.0,114.99999999999997,49.25
6498,48.318,28.91665249456278,0.0,78.16665249456278,0.0,64.99999999999997,49.25
6499,38.069,37.276215563757454,0.0,37.276215563757454,0.0,14.999999999999972,0.0
6500,36.459,47.15764070417541,0.0,47.15764070417541,0.0,14.999999999999972,0.0
6501,34.9,50.90140434045532,0.0,50.90140434045532,0.0,14.999999999999972,0.0
6502,33.877,54.99034612841092,0.0,54.99034612841092,0.0,14.999999999999972,0.0
6503,33.745,53.35683435595789,0.0,53.35683435595789,0.0,14.999999999999972,0.0
6504,32.618,52.28669455652778,0.0,52.28669455652778,0.0,14.999999999999972,0.0
6505,32.618,51.705294300201885,0.0,51.705294300201885,0.0,14.999999999999972,0.0
6506,32.618,50.0143508865135,0.0,50.0143508865135,0.0,14.999999999999972,0.0
6507,32.618,48.36301327895813,0.0,48.36301327895813,0.0,14.999999999999972,0.0
6508,32.618,49.83206628359763,0.0,49.83206628359763,0.0,14.99999999999997,0.0
6509,32.779,47.07178954882189,0.0,47.07178954882189,0.0,14.999999999999972,0.0
6510,34.702,39.4241123079235,0.0,39.4241123079235,0.0,14.999999999999972,0.0
6511,39.416,27.59647677903193,5.8757345134706584,33.47221129250259,0.0,14.999999999999972,0.0
6512,34.882,14.545710917413496,17.418375191698573,31.964086109112067,0.0,14.999999999999972,0.0
6513,32.383,13.292884392055772,39.13722086688607,52.430105258941836,0.0,14.999999999999972,0.0
6514,32.116,29.831095664836774,68.47244430409536,98.30353996893214,0.0,14.999999999999972,0.0
6515,31.66,54.46247196384574,31.638541987402352,86.10101395124809,0.0,14.999999999999972,0.0
6516,32.116,63.28390077063487,33.66020428265722,96.94410505329209,0.0,14.999999999999972,0.0
6517,32.383,63.40458772200111,40.60687657258391,104.01146429458501,0.0,14.999999999999972,0.0
6518,32.383,68.88269519935017,61.35851103719256,130.24120623654272,0.0,14.999999999999972,0.0
6519,33.01,76.09789708500948,47.88342154139713,123.9813186264066,0.0,14.999999999999972,0.0
6520,34.457,86.87156535075219,22.463964654482048,109.33553000523423,0.0,14.999999999999972,0.0
6521,35.36,99.95646359646145,0.9486122406557767,100.90507583711722,0.0,14.999999999999972,0.0
6522,41.08,102.73126664838702,0.0,102.73126664838702,0.0,14.999999999999972,0.0
6523,35.427,108.17451801871361,0.0,108.17451801871361,0.0,14.999999999999972,0.0
6524,34.447,121.79008874464036,0.0,121.79008874464036,0.0,14.999999999999972,0.0
6525,33.512,129.22768649821364,0.0,129.22768649821364,0.0,14.999999999999972,0.0
6526,32.618,154.14163385900252,0.0,154.14163385900252,0.0,14.999999999999972,0.0
6527,32.618,90.39672787792641,0.0,90.39672787792641,0.0,14.999999999999972,0.0
6528,32.308,48.45858709616308,0.0,48.45858709616308,0.0,14.999999999999972,0.0
6529,32.308,40.73162660926808,0.0,40.73162660926808,0.0,14.999999999999972,0.0
6530,32.308,42.39939020059394,0.0,42.39939020059394,0.0,14.999999999999972,0.0
6531,32.308,51.493064103165416,0.0,51.493064103165416,0.0,14.999999999999972,0.0
6532,32.308,51.041046782678926,0.0,51.041046782678926,0.0,14.999999999999972,0.0
6533,32.387,62.02689553166057,0.0,62.02689553166057,0.0,14.999999999999972,0.0
6534,33.045,62.71394813235959,0.0,62.71394813235959,0.0,14.999999999999972,0.0
6535,31.922,66.07990691107909,4.095203001610706,70.1751099126898,0.0,14.999999999999972,0.0
6536,31.496,80.96478121340914,15.890994860265515,96.85577607367466,0.0,14.999999999999972,0.0
6537,29.197,65.41214831015074,29.330748581880812,94.74289689203155,0.0,14.999999999999972,0.0
6538,27.656,94.21545899244539,53.17659409454002,147.3920530869854,0.0,14.999999999999972,0.0
6539,27.656,129.25776774956827,73.31095014582233,202.5687178953906,0.0,14.999999999999972,0.0
6540,27.656,169.1355615618532,75.72124381089739,244.85680537275059,0.0,14.999999999999972,0.0
6541,28.985,184.70085705710676,75.17765616442247,259.87851322152926,0.0,14.999999999999972,0.0
6542,31.199,130.3512398281025,68.05643136856003,198.40767119666253,0.0,14.999999999999972,0.0
6543,32.308,101.98645334959397,38.310618470932276,140.29707182052624,0.0,14.999999999999972,0.0
6544,33.452,119.21552138924852,23.173024721545445,142.38854611079398,0.0,14.999999999999972,0.0
6545,35.697,117.25864689461133,0.8546153802289134,118.11326227484024,0.0,14.999999999999972,0.0
6546,41.121,105.29263912080796,0.0,105.29263912080796,0.0,14.999999999999972,0.0
6547,37.086,137.77949625731625,0.0,132.0688363588391,0.0,14.999999999999972,-5.710659898477162
6548,34.475,195.8138505568676,0.0,190.10319065839045,0.0,20.624999999999975,-5.710659898477162
6549,33.5,188.7879691900674,0.0,183.07730929159024,0.0,26.24999999999998,-5.710659898477161
6550,32.234,197.42291109549015,0.0,191.712251197013,0.0,31.874999999999986,-5.710659898477161
6551,32.234,199.15017485375438,0.0,193.43951495527722,0.0,37.499999999999986,-5.710659898477161
6552,32.257,233.17655625716105,0.0,227.4658963586839,0.0,43.124999999999986,-5.710659898477161
6553,32.257,230.22172219134424,0.0,224.51106229286708,0.0,48.749999999999986,-5.710659898477161
6554,32.257,213.3944043702703,0.0,207.68374447179315,0.0,54.375000000000014,-5.710659898477161
6555,32.257,188.218949663812,0.0,182.50828976533484,0.0,60.000000000000014,-5.71065989847716
6556,32.257,154.27571069732977,0.0,148.5650507988526,0.0,65.62500000000001,-5.710659898477159
6557,32.257,121.50241413464092,0.0,115.79175423616375,0.0,71.25000000000001,-5.71065989847716
6558,32.257,115.72036807164896,0.0,110.0097081731718,0.0,76.875,-5.71065989847716
6559,32.257,96.04385650981095,4.444017961820642,94.77721457315444,0.0,82.5,-5.710659898477161
6560,30.726,104.43826165156092,8.966087832958003,107.69368958604176,0.0,88.12499999999999,-5.710659898477159
6561,23.074,122.71591221762571,27.330822353856277,144.33607467300482,0.0,93.74999999999997,-5.710659898477161
6562,21.213,150.70199791447666,23.0271845709941,168.0185225869936,0.0,99.37499999999996,-5.710659898477161
6563,21.213,131.3080879731376,20.531044759659228,146.12847283431967,0.0,104.99999999999996,-5.710659898477161
6564,21.308,139.23327498436728,12.095974813101579,145.6185898989917,0.0,110.62499999999997,-5.710659898477161
6565,25.633,129.70028111038363,6.840777027103999,130.83039823901046,0.0,116.24999999999997,-5.710659898477161
6566,30.311,161.59491798101584,2.9176488048232345,158.80190688736192,0.0,121.87499999999997,-5.710659898477164
6567,32.746,172.92218496862952,1.5597298433579507,168.77125491351032,0.0,127.49999999999997,-5.710659898477161
6568,34.285,203.53895187668766,0.0,197.8282919782105,0.0,133.125,-5.710659898477154
6569,35.558,223.42996684305555,0.0,217.71930694457842,0.0,138.75,-5.710659898477147
6570,37.821,215.0672683606186,0.0,209.35660846214148,0.0,144.375,-5.710659898477147
6571,39.725,204.5419110642874,0.0,253.7919110642874,0.0,150.0,49.25
6572,36.574,187.82821998942828,0.0,187.82821998942828,0.0,100.0,0.0
6573,33.867,202.4208321666983,0.0,202.4208321666983,0.0,100.0,0.0
6574,32.648,215.2506389943852,0.0,215.2506389943852,0.0,100.0,0.0
6575,32.257,229.87509484624442,0.0,229.87509484624442,0.0,100.0,0.0
6576,32.426,201.25019192245668,0.0,201.25019192245668,0.0,100.0,0.0
6577,32.426,184.11832020716128,0.0,184.11832020716128,0.0,100.0,0.0
6578,32.426,165.60183251514113,0.0,165.60183251514113,0.0,100.0,0.0
6579,32.426,140.71163650857906,0.0,140.71163650857906,0.0,100.0,0.0
6580,32.426,128.3180242415388,0.0,128.3180242415388,0.0,100.0,0.0
6581,32.824,112.08502740259321,0.0,112.08502740259321,0.0,100.0,0.0
6582,34.39,95.9905333482699,0.0,95.9905333482699,0.0,100.0,0.0
6583,43.622,93.19660719138187,0.0,93.19660719138187,0.0,100.0,0.0
6584,36.05,107.74385052667233,0.0,107.74385052667233,0.0,100.0,0.0
6585,33.61,126.82187590196465,0.3970839590050801,127.21895986096973,0.0,100.0,0.0
6586,33.508,91.29015265797723,1.9297461875831035,93.21989884556034,0.0,100.0,0.0
6587,33.401,111.17023869137948,3.3795782594040835,114.54981695078357,0.0,100.0,0.0
6588,33.47,108.88206647702621,4.404114187655351,113.28618066468157,0.0,100.0,0.0
6589,33.612,102.2755626259271,5.332827340592062,107.60838996651916,0.0,100.0,0.0
6590,34.337,99.72623190209751,5.756544921498785,105.4827768235963,0.0,100.0,0.0
6591,35.243,90.35516100174715,4.01816685465388,94.37332785640103,0.0,100.0,0.0
6592,35.005,97.19734682863128,0.0,97.19734682863128,0.0,100.0,0.0
6593,39.296,82.03104443507485,0.0,82.03104443507485,0.0,100.0,0.0
6594,38.153,49.589624444823734,0.0,53.6937911114904,0.0,100.0,4.104166666666662
6595,36.412,41.55473674689709,0.0,45.658903413563756,0.0,95.83333333333334,4.104166666666664
6596,35.96,41.05374784415,0.0,45.15791451081667,0.0,91.66666666666669,4.104166666666668
6597,34.737,39.51308089040594,0.0,43.6172475570726,0.0,87.50000000000001,4.104166666666668
6598,33.31,47.48171640581624,0.0,51.585883072482915,0.0,83.33333333333334,4.104166666666671
6599,33.213,56.1759794610339,0.0,60.28014612770057,0.0,79.16666666666667,4.104166666666671
6600,33.559,78.22705617290603,0.0,78.77427839512825,0.0,75.0,0.5472222222222229
6601,33.559,89.07853170502541,0.0,89.62575392724763,0.0,74.44444444444444,0.5472222222222229
6602,33.559,111.40931998523632,0.0,111.95654220745854,0.0,73.88888888888889,0.5472222222222225
6603,33.559,86.91664798924349,0.0,87.4638702114657,0.0,73.33333333333333,0.5472222222222234
6604,33.559,68.97005203809033,0.0,69.51727426031255,0.0,72.77777777777777,0.5472222222222234
6605,33.795,78.10049843924267,0.0,78.64772066146489,0.0,72.22222222222221,0.5472222222222234
6606,35.013,98.90421582981384,0.0,99.45143805203605,0.0,71.66666666666666,0.5472222222222243
6607,40.359,108.5606097945745,3.7908862262935874,112.89871824309031,0.0,71.1111111111111,0.5472222222222234
6608,35.269,90.76014754515758,20.083235717796853,111.39060548517665,0.0,70.55555555555554,0.5472222222222243
6609,32.875,88.47786483699817,35.9279609304779,124.95304798969829,0.0,69.99999999999999,0.5472222222222243
6610,32.332,72.75694510662196,46.79006054561858,120.09422787446275,0.0,69.44444444444443,0.5472222222222243
6611,31.72,72.59736467750804,54.070860103700056,127.21544700343031,0.0,68.88888888888887,0.5472222222222243
6612,31.72,63.61343383385884,84.29657906228837,148.45723511836943,0.0,68.33333333333331,0.5472222222222243
6613,32.481,55.45291428573067,80.01156853063756,136.01170503859043,0.0,67.77777777777776,0.5472222222222243
6614,33.665,51.14800771985479,33.76180229460129,85.45703223667829,0.0,67.2222222222222,0.5472222222222243
6615,35.513,52.21515220119253,45.0404764584197,97.80285088183444,0.0,66.66666666666664,0.5472222222222243
6616,36.373,69.53645070484438,20.462912560891215,90.54658548795783,0.0,66.11111111111109,0.5472222222222243
6617,39.911,75.35489951807409,0.29908875848727307,76.2012104987836,0.0,65.55555555555553,0.5472222222222314
6618,40.932,70.50075300045766,0.0,119.75075300045766,0.0,64.99999999999997,49.25
6619,36.461,74.73809438020567,0.0,72.14286271953112,0.0,14.999999999999972,-2.5952316606745445
6620,35.618,81.37522074647593,0.0,78.77998908580139,0.0,17.5563031857644,-2.5952316606745445
6621,34.51,96.35495760026826,0.0,93.75972593959372,0.0,20.112606371528827,-2.595231660674545
6622,33.833,123.59482924152294,0.0,120.9995975808484,0.0,22.66890955729325,-2.595231660674545
6623,33.559,111.79117314086143,0.0,109.19594148018689,0.0,25.225212743057675,-2.595231660674545
6624,33.329,128.6434353380575,0.0,126.04820367738294,0.0,27.781515928822106,-2.5952316606745454
6625,33.329,133.8856307092958,0.0,131.29039904862125,0.0,30.337819114586537,-2.5952316606745454
6626,33.329,148.0195749474596,0.0,145.42434328678505,0.0,32.894122300350965,-2.5952316606745462
6627,33.329,192.49335705190754,0.0,189.89812539123298,0.0,35.45042548611539,-2.5952316606745445
6628,33.329,247.1566354713729,0.0,244.56140381069838,0.0,38.00672867187983,-2.5952316606745427
6629,33.329,262.4809211832795,0.0,259.885689522605,0.0,40.563031857644255,-2.595231660674539
6630,34.053,271.1723883948573,0.0,268.5771567341828,0.0,43.11933504340868,-2.595231660674539
6631,33.597,309.6284597850325,0.0,300.0,0.0,45.6756382291731,-9.628459785032476
6632,32.144,298.3354853648229,0.6797562260572567,289.38678180584765,0.0,55.15967111743009,-9.628459785032476
6633,28.213,278.5296489968852,6.5409809903799205,275.44217020223266,0.0,64.64370400568708,-9.628459785032476
6634,27.838,197.31372940815777,5.138104922629574,192.82337454575486,0.0,74.12773689394407,-9.628459785032476
6635,22.782,180.0800029343079,11.04431270237518,181.49585585165062,0.0,83.61176978220107,-9.628459785032476
6636,22.782,127.5651399921257,4.921976085226998,122.8586562923202,0.0,93.09580267045806,-9.628459785032476
6637,25.947,119.89314692360428,7.117494770765028,117.38218190933682,0.0,102.57983555871505,-9.628459785032476
6638,28.634,93.9054206083876,14.271888330158802,98.54884915351393,0.0,112.06386844697204,-9.628459785032476
6639,33.329,133.1759590967925,6.639810188225829,130.18730949998584,0.0,121.54790133522903,-9.628459785032476
6640,33.996,91.5980771066825,10.099481415416793,92.06909873706681,0.0,131.03193422348602,-9.628459785032476
6641,37.163,121.40568000556244,0.5820794390431356,112.35929965957311,0.0,140.515967111743,-9.628459785032476
6642,41.121,88.3777153748754,0.0,137.62771537487538,0.0,150.0,49.25
6643,37.638,78.95523708985749,0.0,74.72511864654108,0.0,100.0,-4.230118443316412
6644,36.426,74.24484542815367,0.0,70.01472698483725,0.0,104.16666666666669,-4.230118443316412
6645,34.966,57.85740475042499,0.0,53.62728630710858,0.0,108.33333333333334,-4.230118443316412
6646,33.882,51.28280795631896,0.0,47.05268951300255,0.0,112.5,-4.230118443316412
6647,33.485,41.36736196794547,0.0,37.137243524629056,0.0,116.66666666666666,-4.230118443316412
6648,34.457,39.81185961018126,0.0,35.581741166864845,0.0,120.83333333333333,-4.230118443316414
6649,34.457,33.45080295580023,0.0,29.220684512483814,0.0,124.99999999999999,-4.230118443316414
6650,34.457,31.444841847940925,0.0,27.214723404624507,0.0,129.16666666666666,-4.230118443316417
6651,34.457,30.495823800905264,0.0,26.26570535758885,0.0,133.33333333333331,-4.230118443316414
6652,34.457,29.66307377337436,0.0,25.432955330057947,0.0,137.5,-4.230118443316414
6653,34.806,41.567374205118334,0.0,37.33725576180192,0.0,141.66666666666666,-4.230118443316414
6654,38.101,42.52591143533628,0.0,38.29579299201987,0.0,145.83333333333334,-4.230118443316414
6655,49.971,43.984341569748125,3.643466909857284,96.8778084796054,0.0,150.0,49.25
6656,42.307,35.53729309212862,28.51225254519892,67.49704563732755,0.0,100.0,3.447500000000003
6657,34.844,29.67323129426098,41.42308229916211,74.5438135934231,0.0,96.5,3.4475000000000033
6658,34.639,19.48211414444224,45.29306790666494,68.22268205110718,0.0,93.0,3.4475000000000033
6659,34.639,19.96269872519288,62.51937411292129,85.92957283811417,0.0,89.5,3.4475000000000033
6660,34.804,17.872569849013786,58.298435411262,79.6185052602758,0.0,86.0,3.447500000000005
6661,36.084,18.338137404692944,62.732152240384856,84.5177896450778,0.0,82.5,3.447500000000007
6662,36.084,22.665526828233865,66.96155889401116,93.07458572224503,0.0,79.0,3.4475000000000087
6663,36.112,37.87636720937914,43.48986768287154,84.8137348922507,0.0,75.5,3.447500000000012
6664,36.583,36.626086738696024,20.86419291119745,60.937779649893486,0.0,72.0,3.447500000000012
6665,41.432,35.500035601122434,0.140198684022078,39.087734285144535,0.0,68.49999999999999,3.4475000000000193
6666,38.567,34.567989589100705,0.0,83.8179895891007,0.0,64.99999999999997,49.25
6667,37.626,33.72750453568745,0.0,31.1894334696976,0.0,14.999999999999972,-2.53807106598985
6668,36.632,33.158117992946295,0.0,30.620046926956444,0.0,17.49999999999997,-2.53807106598985
6669,34.932,36.104649394110275,0.0,33.56657832812043,0.0,19.99999999999998,-2.53807106598985
6670,34.457,47.77049156097604,0.0,45.232420494986194,0.0,22.49999999999998,-2.53807106598985
6671,34.457,37.21904638742548,0.0,34.680975321435625,0.0,24.99999999999998,-2.5380710659898504
6672,33.665,24.041614672533964,0.0,21.503543606544113,0.0,27.49999999999997,-2.5380710659898504
6673,33.665,11.879261945699438,0.0,9.341190879709588,0.0,29.99999999999997,-2.538071065989851
6674,33.665,12.717892869694044,0.0,10.179821803704193,0.0,32.49999999999998,-2.5380710659898513
6675,33.665,12.468602775253753,0.0,9.930531709263903,0.0,34.99999999999998,-2.538071065989851
6676,33.665,15.495754757108193,0.0,12.957683691118342,0.0,37.49999999999998,-2.5380710659898504
6677,33.665,18.54178300535949,0.0,16.00371193936964,0.0,39.999999999999986,-2.5380710659898504
6678,35.716,35.93192150299496,0.0,33.39385043700511,0.0,42.49999999999998,-2.5380710659898504
6679,43.156,41.33580524690153,1.7970449492120768,40.594779130123754,0.0,44.999999999999986,-2.5380710659898504
6680,35.19,41.829676115247224,3.7001121835836073,42.99171723284098,0.0,47.499999999999986,-2.5380710659898496
6681,34.276,38.8510473262084,9.321700625347853,45.63467688556641,0.0,49.99999999999998,-2.5380710659898496
6682,33.117,26.218012608380395,7.323177388159757,31.003118930550304,0.0,52.49999999999998,-2.5380710659898496
6683,32.567,17.023400506400918,5.809502655566249,20.294832095977316,0.0,54.99999999999998,-2.5380710659898496
6684,32.567,12.511329171649486,4.825259143718253,14.79851724937789,0.0,57.499999999999986,-2.5380710659898487
6685,32.924,15.136033606230896,2.7872582527874865,15.385220793028536,0.0,59.99999999999999,-2.5380710659898487
6686,33.567,20.93788663695747,1.6020138260090897,20.001829396976706,0.0,62.49999999999999,-2.5380710659898504
6687,34.412,25.331838034835215,0.0,22.793766968845365,0.0,64.99999999999999,-2.5380710659898504
6688,35.304,27.42300384492058,0.0,24.88493277893073,0.0,67.49999999999999,-2.5380710659898504
6689,36.182,32.33680922558595,0.0,29.798738159596105,0.0,70.0,-2.538071065989847
6690,36.438,33.49777092125835,0.0,30.959699855268504,0.0,72.5,-2.538071065989847
6691,37.11,29.924511885195752,0.0,29.924511885195752,0.0,75.0,0.0
6692,35.788,17.234384445647734,0.0,17.234384445647734,0.0,75.0,0.0
6693,34.889,8.977735360290252,0.0,8.977735360290252,0.0,75.0,0.0
6694,33.657,0.6056824960848967,0.0,0.6056824960848967,0.0,75.0,0.0
6695,33.531,0.0,0.0,0.0,0.0,75.0,0.0
6696,34.821,0.0,0.0,0.0,0.0,75.0,0.0
6697,34.821,0.0,0.0,0.0,0.0,75.0,0.0
6698,34.976,0.18178983405512567,0.0,0.18178983405512567,0.0,75.0,0.0
6699,34.976,0.4361341575651957,0.0,0.4361341575651957,0.0,75.0,0.0
6700,34.976,0.0,0.0,0.0,0.0,75.0,0.0
6701,35.568,0.0,0.0,0.0,0.0,75.0,0.0
6702,36.056,0.0,0.0,0.0,0.0,75.0,0.0
6703,35.328,0.0,1.2922440914793063,1.2922440914793063,0.0,75.0,0.0
6704,33.198,0.0,9.726018748744519,9.726018748744519,0.0,75.0,0.0
6705,32.531,0.9776729003691231,18.614413253890906,19.592086154260027,0.0,75.0,0.0
6706,32.531,2.3442986561620374,29.021757697563455,31.366056353725494,0.0,75.0,0.0
6707,32.531,6.746326602087413,41.10840360574757,47.85473020783498,0.0,75.0,0.0
6708,32.531,17.24937420081854,52.681546986288396,69.93092118710693,0.0,75.0,0.0
6709,32.668,27.094235793772103,83.0900051768514,110.1842409706235,0.0,75.0,0.0
6710,34.06,40.18352456565303,69.56962094167983,121.57314550733287,0.0,75.0,11.820000000000007
6711,35.012,55.1093838816466,51.04443712844946,117.97382101009607,0.0,63.0,11.820000000000007
6712,37.918,58.753486285830405,23.591463895665626,94.16495018149604,0.0,50.99999999999999,11.820000000000011
6713,39.134,80.52110852805338,0.0,92.34110852805338,0.0,38.99999999999999,11.820000000000013
6714,49.228,95.80175678650035,0.0,107.62175678650036,0.0,26.999999999999986,11.820000000000014
6715,46.582,87.17176439332269,0.0,84.95754083272664,0.0,14.999999999999972,-2.2142235605960536
6716,38.951,89.09165261320754,0.0,86.87742905261149,0.0,17.181010207187086,-2.2142235605960536
6717,37.516,106.18788484340203,0.0,103.97366128280598,0.0,19.3620204143742,-2.2142235605960536
6718,34.978,139.20551494399393,0.0,136.99129138339788,0.0,21.543030621561314,-2.2142235605960536
6719,34.821,126.97322212310326,0.0,124.7589985625072,0.0,23.72404082874843,-2.2142235605960536
6720,35.166,122.89188129116971,0.0,120.67765773057366,0.0,25.905051035935543,-2.2142235605960536
6721,35.166,117.6153683597024,0.0,115.40114479910635,0.0,28.086061243122657,-2.2142235605960536
6722,35.166,127.16031605441582,0.0,124.94609249381976,0.0,30.26707145030977,-2.2142235605960536
6723,35.166,133.18386867424798,0.0,130.96964511365192,0.0,32.448081657496886,-2.2142235605960536
6724,35.166,144.43815484598684,0.0,142.2239312853908,0.0,34.629091864684,-2.2142235605960536
6725,35.166,148.6914930119363,0.0,146.47726945134025,0.0,36.810102071871114,-2.2142235605960536
6726,35.166,147.7140832857765,0.0,145.49985972518044,0.0,38.99111227905823,-2.2142235605960536
6727,35.166,166.67290734643737,2.56166871361478,167.0203524994561,0.0,41.17212248624534,-2.2142235605960536
6728,34.306,227.8595759485221,12.559072204649677,238.20442459257572,0.0,43.35313269343246,-2.2142235605960536
6729,33.094,235.78492514213028,19.34334800147495,252.91404958300916,0.0,45.53414290061957,-2.2142235605960536
6730,33.094,235.9711865721421,32.920052742995665,266.67701575454174,0.0,47.715153107806685,-2.2142235605960536
6731,32.319,246.13239176960852,56.08183179098756,300.0,0.0,49.8961633149938,-2.2142235605960536
6732,32.319,295.44312358427624,76.47536992058208,300.0,69.70426994426225,52.077173522180914,-2.2142235605960536
6733,32.319,336.88526931591394,79.55318115160398,300.0,114.22422690692184,54.25818372936803,-2.2142235605960536
6734,32.319,338.3225813091391,74.24442089780466,300.0,110.3527786463477,56.43919393655514,-2.2142235605960536
6735,33.097,338.06294965844074,55.582764689902284,300.0,91.43149078774695,58.62020414374226,-2.2142235605960536
6736,34.86,335.99866002260796,24.596544656760095,300.0,58.38098111877201,60.80121435092937,-2.2142235605960536
6737,35.189,333.045764995647,0.0,300.0,30.83154143505095,62.982224558116485,-2.2142235605960536
6738,35.613,322.63560727770636,0.0,300.0,20.421383717110302,65.1632347653036,-2.2142235605960536
6739,38.201,309.2617675892958,0.0,300.0,7.047544028699747,67.34424497249071,-2.2142235605960536
6740,35.332,295.2055043947661,0.0,293.4672012341586,0.0,69.52525517967783,-1.738303160607456
6741,35.189,274.22145860541565,0.0,272.4831554448082,0.0,71.23748379287618,-1.738303160607456
6742,35.166,275.60901460639593,0.0,273.87071144578846,0.0,72.94971240607453,-1.7383031606074553
6743,35.166,282.91946789877693,0.0,281.18116473816946,0.0,74.66194101927287,-1.7383031606074553
6744,37.115,248.3176018297868,0.0,246.57929866917937,0.0,76.37416963247122,-1.738303160607455
6745,37.115,226.97661601385497,0.0,225.23831285324752,0.0,78.08639824566957,-1.738303160607455
6746,37.115,195.86283650386042,0.0,194.12453334325298,0.0,79.7986268588679,-1.7383031606074553
6747,37.115,153.53707218797004,0.0,151.7987690273626,0.0,81.51085547206624,-1.738303160607455
6748,37.115,143.40349750203657,0.0,141.66519434142913,0.0,83.2230840852646,-1.738303160607455
6749,37.115,134.5307075224052,0.0,132.79240436179776,0.0,84.93531269846294,-1.738303160607455
6750,39.506,128.7401491815937,0.0,127.00184602098624,0.0,86.64754131166129,-1.738303160607455
6751,47.905,115.69109957356724,2.2903413834641078,116.2431377964239,0.0,88.35976992485962,-1.7383031606074555
6752,44.42,92.02944118529562,13.889782845306108,104.18092086999427,0.0,90.07199853805795,-1.738303160607456
6753,39.667,112.91180968098311,28.097639624407478,139.27114614478316,0.0,91.7842271512563,-1.738303160607456
6754,36.76,106.70969819667721,38.105257498655156,143.07665253472493,0.0,93.49645576445465,-1.7383031606074555
6755,34.733,156.29506085382621,39.819867870672404,194.37662556389117,0.0,95.20868437765301,-1.7383031606074555
6756,34.733,139.8249462305774,42.63315792343745,180.7198009934074,0.0,96.92091299085135,-1.738303160607455
6757,35.964,153.89263057261647,24.597184827383966,176.75151223939298,0.0,98.63314160404971,-1.7383031606074546
6758,42.431,159.95744504755942,19.699462157277907,177.91860404422988,0.0,100.34537021724806,-1.738303160607455
6759,39.506,182.8396534935698,22.513283551885017,203.6146338848474,0.0,102.05759883044641,-1.7383031606074555
6760,39.319,189.77441874105827,4.504407785443814,192.54052336589464,0.0,103.76982744364474,-1.7383031606074555
6761,40.015,195.46483879493672,0.0,193.72653563432928,0.0,105.48205605684308,-1.7383031606074564
6762,41.324,186.80039727585898,0.0,185.06209411525154,0.0,107.19428467004143,-1.7383031606074564
6763,41.972,210.23200253729829,0.0,208.49369937669084,0.0,108.90651328323978,-1.7383031606074555
6764,38.892,227.96761313316867,0.0,226.22930997256123,0.0,110.61874189643811,-1.7383031606074564
6765,38.126,225.10108257190936,0.0,223.36277941130191,0.0,112.33097050963646,-1.7383031606074564
6766,37.599,186.5502231313385,0.0,184.81191997073105,0.0,114.0431991228348,-1.7383031606074564
6767,37.115,215.76507546714228,0.0,214.02677230653484,0.0,115.75542773603314,-1.7383031606074573
6768,36.429,243.67101182389544,0.0,241.932708663288,0.0,117.46765634923148,-1.7383031606074573
6769,36.429,276.5290652260622,0.0,274.7907620654547,0.0,119.17988496242981,-1.7383031606074582
6770,36.429,294.559404018399,0.0,292.8211008577915,0.0,120.89211357562817,-1.738303160607459
6771,36.429,322.641287239965,0.0,300.0,20.902984079357523,122.60434218882651,-1.7383031606074582
6772,36.429,334.04643543100474,0.0,300.0,32.30813227039728,124.31657080202484,-1.7383031606074582
6773,36.429,336.6695166241668,0.0,300.0,34.93121346355936,126.02879941522319,-1.7383031606074582
6774,37.13,334.9147249689547,0.0,300.0,33.17642180834726,127.74102802842152,-1.7383031606074582
6775,39.103,331.7341520374043,2.790554313918309,300.0,32.78640319071515,129.45325664161987,-1.7383031606074582
6776,38.95,319.87113321486135,24.5014916784906,300.0,42.63432173274448,131.1654852548182,-1.7383031606074582
6777,35.134,335.3706318952805,47.08200118728794,300.0,80.71432992196101,132.87771386801654,-1.7383031606074582
6778,36.288,270.1200369789446,58.43771720334947,300.0,26.81945102168659,134.58994248121488,-1.7383031606074582
6779,34.717,221.13350069449257,76.48542455203572,295.88062208592083,0.0,136.3021710944132,-1.7383031606074582
6780,34.744,160.26005095160625,95.08608489992429,253.6078326909231,0.0,138.01439970761157,-1.7383031606074582
6781,34.744,125.35596017407148,94.33860070103431,217.95625771449835,0.0,139.7266283208099,-1.7383031606074582
6782,35.924,132.03765725295384,78.84365727283563,209.14301136518202,0.0,141.43885693400827,-1.7383031606074582
6783,37.336,125.83983105115861,54.99921284716941,179.10074073772057,0.0,143.1510855472066,-1.7383031606074582
6784,38.635,112.99772452283679,22.578075527277964,133.83749688950732,0.0,144.86331416040497,-1.738303160607451
6785,39.458,108.69893772269643,0.0,106.96063456208898,0.0,146.57554277360333,-1.738303160607444
6786,41.542,111.44368297478321,0.0,109.70537981417577,0.0,148.28777138680167,-1.738303160607444
6787,49.615,105.38739041983963,0.0,105.38739041983963,0.0,150.0,0.0
6788,41.162,100.10707718005308,0.0,100.10707718005308,0.0,150.0,0.0
6789,38.984,104.08858395656767,0.0,104.08858395656767,0.0,150.0,0.0
6790,38.137,104.21625268488789,0.0,104.21625268488789,0.0,150.0,0.0
6791,37.4,99.23669245523189,0.0,99.23669245523189,0.0,150.0,0.0
6792,45.16,117.73190686770597,0.0,117.73190686770597,0.0,150.0,0.0
6793,45.16,119.50035872458676,0.0,119.50035872458676,0.0,150.0,0.0
6794,45.16,129.48136947919792,0.0,129.48136947919792,0.0,150.0,0.0
6795,45.16,129.6078601163902,0.0,129.6078601163902,0.0,150.0,0.0
6796,45.16,132.98929854115326,0.0,132.98929854115326,0.0,150.0,0.0
6797,45.16,120.42287484462233,0.0,120.42287484462233,0.0,150.0,0.0
6798,45.16,101.77104501546572,0.0,101.77104501546572,0.0,150.0,0.0
6799,47.196,98.21459236862523,2.1892966703166086,100.40388903894184,0.0,150.0,0.0
6800,50.126,91.94902565117303,15.785244717639937,107.73427036881297,0.0,150.0,0.0
6801,48.342,115.0614610948836,41.38615307902453,156.44761417390814,0.0,150.0,0.0
6802,46.393,149.40161131960718,51.617857542707256,201.01946886231445,0.0,150.0,0.0
6803,46.393,134.711678071402,80.16921866398725,214.88089673538923,0.0,150.0,0.0
6804,46.393,118.46987199018756,84.96655875977005,203.4364307499576,0.0,150.0,0.0
6805,50.126,122.51050122234821,79.38470153254873,201.89520275489696,0.0,150.0,0.0
6806,50.126,109.37856555644044,62.42679439587261,171.80535995231304,0.0,150.0,0.0
6807,50.827,90.96534179962315,42.037801511452486,133.00314331107563,0.0,150.0,0.0
6808,52.069,83.27028724952173,19.202665052040036,102.47295230156176,0.0,150.0,0.0
6809,65.347,80.28801834265539,0.0,129.5380183426554,0.0,150.0,49.25
6810,59.236,72.17208961876531,0.0,121.42208961876531,0.0,100.0,49.25
6811,53.463,60.50525235478654,0.0,94.98025235478659,0.0,50.0,34.47500000000004
6812,51.427,50.569521519367235,0.0,50.569521519367235,0.0,14.999999999999972,0.0
6813,51.398,40.982930655932826,0.0,40.982930655932826,0.0,14.999999999999972,0.0
6814,51.029,26.982959953030832,0.0,26.982959953030832,0.0,14.999999999999972,0.0
6815,51.029,28.64446644199061,0.0,16.461725325239335,0.0,14.999999999999972,-12.182741116751274
6816,38.769,28.561495355234733,0.0,16.37875423848346,0.0,26.999999999999975,-12.182741116751274
6817,38.769,22.278634138229677,0.0,10.095893021478403,0.0,38.999999999999986,-12.182741116751274
6818,38.769,18.190392949717964,0.0,6.00765183296669,0.0,50.999999999999986,-12.182741116751274
6819,38.769,15.769681795762807,0.0,3.5869406790115335,0.0,62.999999999999986,-12.182741116751274
6820,38.769,12.890331582579218,0.0,32.59033158257923,0.0,75.0,19.700000000000014
6821,38.769,9.432935229580105,0.0,29.13293522958012,0.0,55.0,19.700000000000014
6822,61.157,5.927141426143743,0.0,25.62714142614376,0.0,34.999999999999986,19.700000000000014
6823,52.949,1.901782412736348,1.3418769543051596,0.0,0.0,14.999999999999972,-3.2436593670415017
6824,43.133,0.0,10.44409205490077,5.16434072681683,0.0,18.19500447653585,-5.27975132808394
6825,38.576,0.0,30.500039942547225,25.220288614463286,0.0,23.39555953469853,-5.27975132808394
6826,37.791,0.0,39.52574100160795,34.24598967352401,0.0,28.596114592861213,-5.279751328083938
6827,35.97,0.0,47.752819105899896,42.473067777815956,0.0,33.79666965102389,-5.279751328083939
6828,35.97,0.0,53.07377435821478,47.79402303013084,0.0,38.99722470918657,-5.279751328083939
6829,37.066,0.0,54.16090823850834,48.8811569104244,0.0,44.197779767349246,-5.27975132808394
6830,40.936,0.0,48.54524063541795,43.26548930733401,0.0,49.39833482551193,-5.27975132808394
6831,43.133,0.0,35.77089516009642,30.491143832012483,0.0,54.59888988367461,-5.27975132808394
6832,56.907,0.0,19.88034495896392,14.600593630879981,0.0,59.799444941837294,-5.27975132808394
6833,56.907,0.0,0.0,49.25,0.0,64.99999999999997,49.25
6834,46.645,1.4623714251872897,0.0,0.0,0.0,14.999999999999972,-1.4623714251872855
6835,44.521,9.078842202221294,0.0,6.193874837577367,0.0,16.440435853809447,-2.8849673646439267
6836,40.797,16.940558973616337,0.0,14.05559160897241,0.0,19.28212870798371,-2.8849673646439267
6837,39.752,23.81412979280073,0.0,20.929162428156804,0.0,22.12382156215797,-2.8849673646439262
6838,38.769,29.73952511155503,0.0,26.8545577469111,0.0,24.965514416332255,-2.8849673646439262
6839,38.769,30.25650520560771,0.0,27.371537840963782,0.0,27.807207270506524,-2.884967364643926
6840,34.249,31.09528614318856,0.0,28.210318778544632,0.0,30.648900124680807,-2.884967364643926
6841,34.249,33.506806473928144,0.0,30.621839109284217,0.0,33.49059297885506,-2.8849673646439262
6842,34.249,34.466677995933836,0.0,31.58171063128991,0.0,36.33228583302932,-2.8849673646439262
6843,34.249,37.539214111566196,0.0,34.65424674692227,0.0,39.173978687203586,-2.8849673646439262
6844,34.249,43.909858866033474,0.0,41.02489150138955,0.0,42.01567154137784,-2.8849673646439262
6845,34.249,52.00169477449524,0.0,49.116727409851315,0.0,44.85736439555211,-2.8849673646439267
6846,35.295,64.13598811164572,0.0,61.25102074700179,0.0,47.699057249726366,-2.884967364643927
6847,45.492,75.87233684559239,2.2758440991839466,75.2632135801324,0.0,50.540750103900606,-2.8849673646439276
6848,35.855,82.20525219710746,18.45514151708873,97.77542634955226,0.0,53.38244295807489,-2.8849673646439276
6849,34.012,133.55966299223797,22.98590848677148,153.66060411436553,0.0,56.22413581224916,-2.884967364643927
6850,33.33,116.7452947146032,29.57204571851017,143.43237306846945,0.0,59.06582866642344,-2.884967364643927
6851,32.235,141.06389626331722,43.05502002325773,181.23394892193102,0.0,61.90752152059771,-2.8849673646439267
6852,32.235,156.00782868341034,41.9106847774897,195.03354609625612,0.0,64.74921437477198,-2.8849673646439267
6853,33.311,144.3361920963697,60.14408201087107,201.59530674259685,0.0,67.59090722894625,-2.884967364643927
6854,33.891,152.16069049379442,40.83195925775856,190.10768238690906,0.0,70.43260008312053,-2.8849673646439276
6855,34.192,154.29476751444787,39.585133508687754,190.9949336584917,0.0,73.27429293729479,-2.8849673646439276
6856,34.444,173.6402718397238,20.251625436915962,191.00692991199583,0.0,76.11598579146904,-2.8849673646439284
6857,44.3,192.59482978211193,0.0,189.709862417468,0.0,78.95767864564331,-2.884967364643929
6858,40.604,195.72310901735008,0.0,192.83814165270616,0.0,81.79937149981757,-2.884967364643928
6859,38.93,213.5333763054708,0.0,210.64840894082687,0.0,84.64106435399182,-2.884967364643929
6860,35.916,218.97050808299807,0.0,216.08554071835414,0.0,87.4827572081661,-2.884967364643929
6861,34.886,215.84304586458117,0.0,212.95807849993724,0.0,90.32445006234038,-2.884967364643929
6862,34.249,176.7747126263521,0.0,173.88974526170819,0.0,93.16614291651464,-2.884967364643929
6863,34.249,189.15890077504233,0.0,186.2739334103984,0.0,96.0078357706889,-2.8849673646439298
6864,34.741,169.47382433123784,0.0,166.5888569665939,0.0,98.84952862486315,-2.8849673646439307
6865,34.741,164.68447175873953,0.0,161.7995043940956,0.0,101.69122147903744,-2.8849673646439316
6866,34.741,165.64388586951952,0.0,162.7589185048756,0.0,104.53291433321169,-2.8849673646439307
6867,34.741,180.09906090500783,0.0,177.2140935403639,0.0,107.37460718738596,-2.8849673646439307
6868,34.741,174.0098672302043,0.0,171.12489986556037,0.0,110.21630004156023,-2.8849673646439316
6869,35.166,144.349475196652,0.0,141.46450783200808,0.0,113.05799289573449,-2.8849673646439324
6870,35.688,83.6206936403979,0.0,80.73572627575396,0.0,115.89968574990874,-2.884967364643934
6871,35.184,35.167808716652424,0.0,32.28284135200849,0.0,118.741378604083,-2.8849673646439324
6872,33.412,11.677369623378898,1.573116833873311,10.365519092608276,0.0,121.58307145825727,-2.8849673646439324
6873,33.181,1.7910822678505252,5.87563075242373,4.781745655630322,0.0,124.42476431243153,-2.8849673646439324
6874,33.278,27.8195214557961,10.53939174934187,35.47394584049404,0.0,127.2664571666058,-2.8849673646439307
6875,33.278,15.24438266453104,13.885380364609576,26.244795664496685,0.0,130.1081500207801,-2.8849673646439307
6876,33.564,10.10277460222757,14.126774180526851,21.34458141811049,0.0,132.94984287495436,-2.8849673646439307
6877,34.048,6.893977843206953,12.175087632775194,16.184098111338216,0.0,135.79153572912864,-2.8849673646439307
6878,34.741,3.651007106613564,10.671989164481738,11.438028906451375,0.0,138.63322858330292,-2.884967364643927
6879,36.851,2.1826274522836857,25.76794411396542,25.065604201605186,0.0,141.4749214374772,-2.88496736464392
6880,41.006,2.4878234073954992,15.440895201839105,15.043751244590691,0.0,144.3166142916515,-2.884967364643913
6881,50.183,5.135181527965564,0.0,2.250214163321651,0.0,147.15830714582575,-2.884967364643913
6882,50.183,10.827864623436707,0.0,60.07786462343671,0.0,150.0,49.25
6883,50.183,13.591391247513098,0.0,62.8413912475131,0.0,100.0,49.25
6884,47.627,14.948032439082976,0.0,10.033046515637194,0.0,50.0,-4.914985923445782
6885,38.178,16.037284150897676,0.0,11.122298227451894,0.0,54.8412611345941,-4.914985923445782
6886,35.269,34.22336594062184,0.0,29.308380017176056,0.0,59.6825222691882,-4.914985923445783
6887,35.184,32.10803477464796,0.0,27.193048851202178,0.0,64.5237834037823,-4.914985923445782
6888,39.485,42.284176441978076,0.0,37.36919051853229,0.0,69.36504453837641,-4.914985923445782
6889,39.485,50.72907732470808,0.0,45.814091401262296,0.0,74.20630567297052,-4.914985923445781
6890,39.485,68.44948024141586,0.0,63.53449431797007,0.0,79.0475668075646,-4.914985923445782
6891,39.485,82.17667667907583,0.0,77.26169075563004,0.0,83.88882794215868,-4.914985923445782
6892,39.485,81.4602511475418,0.0,76.54526522409601,0.0,88.73008907675278,-4.914985923445782
6893,39.485,78.14391099327874,0.0,73.22892506983295,0.0,93.57135021134687,-4.91498592344578
6894,39.485,67.0575902057264,0.0,62.142604282280615,0.0,98.41261134594095,-4.91498592344578
6895,36.899,43.25222717338004,0.0,38.337241249934266,0.0,103.25387248053505,-4.91498592344578
6896,33.481,22.997851290929987,3.0346704362269836,21.117535803711192,0.0,108.09513361512913,-4.914985923445778
6897,31.752,8.323739437368102,10.764825967060489,14.173579480982813,0.0,112.93639474972323,-4.91498592344578
6898,33.044,4.24895878720789,15.721342883530824,15.055315747292934,0.0,117.77765588431733,-4.91498592344578
6899,33.044,1.5693590860361986,15.54564390231058,12.200017064900997,0.0,122.61891701891142,-4.91498592344578
6900,33.164,0.0,29.113326981464873,24.198341058019096,0.0,127.46017815350552,-4.9149859234457765
6901,34.392,0.0,39.91466588250853,34.99967995906276,0.0,132.3014392880996,-4.914985923445769
6902,37.369,0.0,32.44477029633401,27.52978437288826,0.0,137.1427004226937,-4.914985923445755
6903,40.3,0.0,25.69802153187301,20.783035608427255,0.0,141.98396155728776,-4.914985923445755
6904,41.611,0.0,1.61156208533917,0.0,0.0,146.82522269188183,-1.6115620853391661
6905,49.83,2.576616116033078,0.0,0.9650540306939117,0.0,148.41261134594092,-1.6115620853391661
6906,51.376,12.088636233462175,0.0,12.088636233462175,0.0,150.0,0.0
6907,44.618,14.817819800783226,0.0,14.817819800783226,0.0,150.00000000000003,0.0
6908,41.474,19.071846080044963,0.0,19.071846080044963,0.0,150.00000000000006,0.0
6909,41.449,24.41500836050139,0.0,24.41500836050139,0.0,150.00000000000006,0.0
6910,41.449,19.671797612754542,0.0,19.671797612754542,0.0,150.00000000000006,0.0
6911,40.425,14.114254842968208,0.0,14.114254842968208,0.0,150.0,0.0
6912,42.1,17.46102798779591,0.0,17.46102798779591,0.0,150.0,0.0
6913,41.441,21.643750737211203,0.0,21.643750737211203,0.0,150.0,0.0
6914,41.441,29.472119347891972,0.0,29.472119347891972,0.0,150.0,0.0
6915,41.441,40.63162759120448,0.0,40.63162759120448,0.0,150.0,0.0
6916,42.188,39.30498676534266,0.0,39.30498676534266,0.0,150.0,0.0
6917,42.843,39.202782786536446,0.0,39.202782786536446,0.0,150.0,0.0
6918,46.961,33.70180507924167,0.0,33.70180507924167,0.0,150.0,0.0
6919,67.147,32.59085507078058,1.8564144374503866,41.16317859914005,0.0,150.0,6.715909090909089
6920,43.138,32.90367431221257,27.967271372115533,67.5868547752372,0.0,143.1818181818182,6.715909090909091
6921,40.115,19.909710841303415,56.42090521199342,83.04652514420593,0.0,136.36363636363637,6.71590909090909
6922,39.595,13.504321892934495,80.37320758342007,100.59343856726366,0.0,129.54545454545456,6.715909090909092
6923,39.595,19.56673039596929,77.22889430126392,103.5115337881423,0.0,122.72727272727276,6.715909090909092
6924,39.595,22.292717931381237,80.67760535102066,109.68623237331099,0.0,115.90909090909095,6.7159090909090935
6925,39.595,27.484223892443126,62.030390078464826,96.23052306181705,0.0,109.09090909090914,6.7159090909090935
6926,41.97,32.72077081138788,31.55820878191585,70.99488868421282,0.0,102.27272727272731,6.7159090909090935
6927,42.914,22.873745556418754,19.522568290373314,49.11222293770116,0.0,95.45454545454547,6.71590909090909
6928,44.201,19.36436728219565,1.1542905831504262,27.234566956255172,0.0,88.63636363636365,6.7159090909090935
6929,60.047,41.45530052600987,0.0,48.171209616918965,0.0,81.81818181818184,6.7159090909090935
6930,47.357,32.59287279655051,0.0,81.84287279655051,0.0,75.0,49.25
6931,42.929,19.857948066482706,0.0,22.32044806648271,0.0,25.0,2.462500000000007
6932,41.569,14.445718368352326,0.0,16.908218368352333,0.0,22.499999999999993,2.4625000000000075
6933,41.441,23.85596953153707,0.0,26.318469531537076,0.0,19.999999999999986,2.4625000000000075
6934,41.441,21.9565243582839,0.0,24.419024358283906,0.0,17.49999999999998,2.4625000000000057
6935,41.441,22.03905540434271,0.0,22.03905540434271,0.0,14.999999999999972,0.0
6936,36.403,36.81508177883102,0.0,36.81508177883102,0.0,14.999999999999972,0.0
6937,36.403,42.10344713704332,0.0,42.10344713704332,0.0,14.999999999999972,0.0
6938,36.403,27.52098996428441,0.0,27.52098996428441,0.0,14.999999999999972,0.0
6939,36.403,30.385852029573044,0.0,30.385852029573044,0.0,14.999999999999972,0.0
6940,36.403,32.70641179119289,0.0,32.70641179119289,0.0,14.999999999999972,0.0
6941,36.403,26.794790864517378,0.0,26.794790864517378,0.0,14.999999999999972,0.0
6942,36.747,18.23700443060653,0.0,18.23700443060653,0.0,14.999999999999972,0.0
6943,43.511,25.987374974764936,0.14512462653003014,26.132499601294967,0.0,14.999999999999972,0.0
6944,34.721,52.87628230739239,4.456580818681067,57.332863126073455,0.0,14.999999999999972,0.0
6945,32.817,99.99027664164927,2.4999469583987857,102.49022360004805,0.0,14.999999999999972,0.0
6946,32.448,181.80284254650795,6.412490238289367,188.2153327847973,0.0,14.999999999999972,0.0
6947,31.166,178.7513055707958,9.891915510441583,188.64322108123739,0.0,14.999999999999972,0.0
6948,31.511,209.4169062571183,11.513741388218387,220.9306476453367,0.0,14.999999999999972,0.0
6949,32.764,257.36290030397413,15.405076417507543,272.76797672148166,0.0,14.999999999999972,0.0
6950,34.358,285.3181519640359,2.765349669068607,288.0835016331045,0.0,14.999999999999972,0.0
6951,36.403,270.9261967572094,0.33159629698371146,271.25779305419314,0.0,14.999999999999972,0.0
6952,40.187,242.16445110211725,0.396835017615172,242.56128611973242,0.0,14.999999999999972,0.0
6953,40.243,238.18608084815293,0.0,238.18608084815293,0.0,14.999999999999972,0.0
6954,40.199,258.8546163061334,0.0,258.8546163061334,0.0,14.999999999999972,0.0
6955,38.591,246.7635997823512,0.0,246.7635997823512,0.0,14.999999999999972,0.0
6956,40.199,262.4388890459733,0.0,262.4388890459733,0.0,14.999999999999972,0.0
6957,37.095,270.0900152299591,0.0,256.3844314736139,0.0,14.999999999999972,-13.705583756345176
6958,35.934,321.55561715926956,0.0,300.0,7.8500334029243835,28.49999999999997,-13.705583756345176
6959,35.934,331.89480731283084,0.0,300.0,18.189223556485658,41.99999999999997,-13.705583756345177
6960,35.149,332.2150818835851,0.0,300.0,18.50949812723995,55.499999999999986,-13.705583756345176
6961,35.149,324.5505657476972,0.0,300.0,10.844981991352016,69.0,-13.705583756345176
6962,35.149,335.98495313380306,0.0,300.0,22.279369377457883,82.5,-13.705583756345177
6963,35.149,346.41421021945393,0.0,300.0,32.70862646310876,96.0,-13.705583756345174
6964,35.149,340.6353725203425,0.0,300.0,26.929788763997337,109.5,-13.705583756345177
6965,35.15,290.72028103478635,0.0,277.0146972784412,0.0,123.0,-13.70558375634517
6966,37.482,230.54185317758436,0.0,216.8362694212392,0.0,136.5,-13.70558375634517
6967,44.014,201.30691752113938,0.6730315135700642,201.97994903470945,0.0,150.0,0.0
6968,34.788,158.61572866503136,10.6259488183903,169.24167748342165,0.0,150.00000000000003,0.0
6969,33.323,116.09783370855328,32.54536909564603,148.64320280419932,0.0,150.0,0.0
6970,32.742,86.09842335527492,39.82174479318484,125.92016814845977,0.0,150.0,0.0
6971,31.525,93.9664603954137,38.34807656648842,132.31453696190212,0.0,150.0,0.0
6972,31.525,145.0899368191714,41.89394353037392,186.98388034954533,0.0,150.0,0.0
6973,32.968,88.54154501152122,25.89368654574249,114.4352315572637,0.0,150.0,0.0
6974,33.914,77.25415012588863,8.710525499694626,85.96467562558325,0.0,150.0,0.0
6975,34.196,101.1206843276553,3.5428908281525873,104.66357515580789,0.0,150.0,0.0
6976,35.239,114.81092640549339,0.0,114.81092640549339,0.0,150.0,0.0
6977,41.028,121.13690659758004,0.0,121.13690659758004,0.0,150.0,0.0
6978,41.068,117.43264163530698,0.0,117.43264163530698,0.0,150.0,0.0
6979,39.844,104.41310686406145,0.0,104.41310686406145,0.0,150.0,0.0
6980,37.314,95.77136751673423,0.0,95.77136751673423,0.0,150.0,0.0
6981,36.127,94.10482302456748,0.0,94.10482302456748,0.0,149.99999999999997,0.0
6982,35.404,93.92375968669074,0.0,93.92375968669074,0.0,149.99999999999997,0.0
6983,35.367,88.72287024874095,0.0,88.72287024874095,0.0,149.99999999999994,0.0
6984,34.531,66.54304164480111,0.0,66.54304164480111,0.0,149.99999999999997,0.0
6985,34.531,46.23941270522036,0.0,46.23941270522036,0.0,149.99999999999997,0.0
6986,34.531,29.843971199601675,0.0,29.843971199601675,0.0,149.99999999999997,0.0
6987,34.531,30.0246318908523,0.0,30.0246318908523,0.0,149.99999999999997,0.0
6988,34.531,33.50976303078158,0.0,33.50976303078158,0.0,150.0,0.0
6989,34.531,24.762664567194346,0.0,24.762664567194346,0.0,150.0,0.0
6990,35.586,26.627668374568124,0.0,26.627668374568124,0.0,150.0,0.0
6991,44.666,40.09181867661939,0.0,40.09181867661939,0.0,150.0,0.0
6992,33.511,50.97141499694105,2.4673162085646068,53.438731205505654,0.0,150.0,0.0
6993,33.303,71.9500835902251,3.4499151782183546,75.39999876844345,0.0,150.0,0.0
6994,32.173,102.57070789850306,4.300993307431962,106.87170120593503,0.0,150.0,0.0
6995,32.151,180.21490283786935,5.886425746659957,186.1013285845293,0.0,150.0,0.0
6996,32.151,236.37081647217735,9.210856479131294,245.58167295130863,0.0,150.0,0.0
6997,33.117,210.87086056357722,7.405823835716323,218.27668439929354,0.0,150.0,0.0
6998,34.39,186.8414571776695,5.575923103532476,192.41738028120199,0.0,150.0,0.0
6999,36.054,127.80247981517122,3.3429026178405636,131.14538243301178,0.0,150.0,0.0
7000,39.232,125.37265370941631,0.0,125.37265370941631,0.0,150.0,0.0
7001,42.349,128.90724617646987,0.0,128.90724617646987,0.0,150.0,0.0
7002,43.021,93.60551866303588,0.0,93.60551866303588,0.0,150.0,0.0
7003,49.84,67.3472407944018,0.0,67.3472407944018,0.0,150.0,0.0
7004,49.84,45.85870214148991,0.0,94.77854266290805,0.0,150.0,48.91984052141815
7005,47.565,32.020622865455216,0.0,25.772086995287516,0.0,100.33518728790037,-6.248535870167699
7006,37.124,18.33099157571034,0.0,12.082455705542639,0.0,106.48999512001555,-6.248535870167699
7007,34.984,13.544534677200188,0.0,7.295998807032489,0.0,112.64480295213073,-6.248535870167699
7008,38.739,6.248535870167702,0.0,0.0,0.0,118.79961078424591,-6.248535870167699
7009,38.739,8.12921035062792,0.0,1.880674480460221,0.0,124.9544186163611,-6.248535870167699
7010,38.739,9.490909881128264,0.0,3.2423740109605648,0.0,131.10922644847628,-6.248535870167699
7011,38.739,3.5137687705701475,0.0,0.0,0.0,137.26403428059146,-3.5137687705701453
7012,38.739,3.1387152217925296,0.0,0.0,0.0,140.72509651960306,-3.1387152217925234
7013,38.739,5.290998961202018,0.0,2.1522837394094942,0.0,143.8167310130687,-3.1387152217925234
7014,48.357,5.643302382959894,0.0,2.504587161167371,0.0,146.90836550653435,-3.1387152217925234
7015,43.971,2.3870818957262756,0.0,2.3870818957262756,0.0,150.0,0.0
7016,37.551,0.0,0.0,0.0,0.0,150.0,0.0
7017,35.18,0.0,0.5780229165995998,0.5780229165995998,0.0,150.0,0.0
7018,35.18,0.0,1.35510858662139,1.35510858662139,0.0,150.0,0.0
7019,35.18,0.0,2.5621468952809963,2.5621468952809963,0.0,150.0,0.0
7020,35.662,0.0,2.644815162859129,2.644815162859129,0.0,150.0,0.0
7021,36.923,0.0,2.5043151052903467,2.5043151052903467,0.0,150.0,0.0
7022,39.053,0.7248331512691718,0.7543618591220702,1.479195010391242,0.0,150.0,0.0
7023,39.772,0.45627330128989907,0.0,0.45627330128989907,0.0,150.0,0.0
7024,54.758,0.7019321964087197,0.0,0.7019321964087197,0.0,150.0,0.0
7025,54.758,9.331941211270223,0.0,58.58194121127022,0.0,150.0,49.25
7026,55.469,12.738661505594633,0.0,61.988661505594635,0.0,100.0,49.25
7027,54.758,9.725018869879122,0.0,44.20001886987916,0.0,50.0,34.47500000000004
7028,43.594,6.708024480846582,0.0,1.6318823488668839,0.0,14.999999999999972,-5.076142131979698
7029,38.739,14.561141953422496,0.0,9.484999821442798,0.0,19.999999999999975,-5.076142131979698
7030,38.739,14.342119520605856,0.0,9.265977388626156,0.0,24.999999999999964,-5.076142131979699
7031,38.739,13.052550229135429,0.0,7.97640809715573,0.0,29.999999999999957,-5.076142131979699
7032,39.814,17.911532526621652,0.0,12.835390394641953,0.0,34.99999999999996,-5.076142131979699
7033,39.457,27.305380124907515,0.0,22.229237992927814,0.0,39.999999999999964,-5.076142131979699
7034,39.457,33.72265292469575,0.0,28.64651079271605,0.0,44.99999999999997,-5.076142131979699
7035,39.457,44.25154947520102,0.0,39.175407343221316,0.0,49.99999999999998,-5.076142131979699
7036,39.457,50.49141437316537,0.0,45.415272241185676,0.0,54.999999999999986,-5.076142131979697
7037,39.54,46.750659987659716,0.0,41.67451785568002,0.0,59.99999999999999,-5.076142131979697
7038,39.608,50.05723826253231,0.0,44.981096130552615,0.0,65.0,-5.076142131979694
7039,39.457,65.15438243554529,0.0,60.07824030356559,0.0,70.0,-5.076142131979694
7040,36.291,86.46753894827462,0.879753625696133,80.42528057581663,0.0,75.0,-6.922011998154133
7041,34.914,92.06764424175917,2.9262153422866235,88.07184758589166,0.0,81.81818181818181,-6.922011998154133
7042,35.128,94.5537516077585,5.786248805095057,93.41798841469942,0.0,88.63636363636364,-6.922011998154133
7043,35.128,102.65866802407004,7.683468882517019,103.42012490843292,0.0,95.45454545454547,-6.922011998154133
7044,35.446,77.69169280182545,6.87723225844818,77.6469130621195,0.0,102.27272727272728,-6.922011998154133
7045,35.706,64.51261875143832,5.396790372984983,62.98739712626917,0.0,109.09090909090912,-6.922011998154135
7046,37.946,40.20751697577711,4.9214462625010205,38.206951240124,0.0,115.90909090909093,-6.922011998154133
7047,40.856,17.201405420243656,2.5639040148322243,12.84329743692175,0.0,122.72727272727275,-6.922011998154131
7048,41.768,8.328054040746672,0.010596192119632265,1.416638234712174,0.0,129.54545454545456,-6.9220119981541295
7049,41.889,7.6705281068184625,0.0,0.748516108664333,0.0,136.36363636363637,-6.9220119981541295
7050,56.874,7.062277335862462,0.0,0.14026533770833272,0.0,143.1818181818182,-6.9220119981541295
7051,56.42,6.655357003876386,0.0,6.655357003876386,0.0,150.0,0.0
7052,54.15,10.865606717955938,0.0,10.865606717955938,0.0,150.0,0.0
7053,49.418,7.008453850566456,0.0,7.008453850566456,0.0,150.0,0.0
7054,44.983,5.3008294149035535,0.0,5.3008294149035535,0.0,150.0,0.0
7055,40.798,2.2275682715822245,0.0,2.2275682715822245,0.0,150.0,0.0
7056,41.927,0.0,0.0,0.0,0.0,150.0,0.0
7057,41.927,0.0,0.0,0.0,0.0,150.0,0.0
7058,41.927,0.0,0.0,0.0,0.0,150.0,0.0
7059,41.927,1.2254981170639545,0.0,1.2254981170639545,0.0,150.0,0.0
7060,41.927,0.0,0.0,0.0,0.0,150.0,0.0
7061,41.927,0.0,0.0,0.0,0.0,150.0,0.0
7062,42.085,0.0,0.0,0.0,0.0,150.0,0.0
7063,42.085,0.0,0.0,0.0,0.0,150.0,0.0
7064,39.632,0.0,0.15836203911273666,0.15836203911273666,0.0,150.0,0.0
7065,36.649,0.2797448393365675,0.88889980367214,1.1686446430087076,0.0,150.0,0.0
7066,36.46,2.1173406974452442,1.4969323315848941,3.614273029030138,0.0,150.0,0.0
7067,36.46,0.7258460936065902,8.944860868133272,9.670706961739862,0.0,150.0,0.0
7068,36.46,0.0,22.810066555439565,22.810066555439565,0.0,150.0,0.0
7069,36.46,0.0,62.34015370611912,62.34015370611912,0.0,150.0,0.0
7070,38.017,0.20549128971755293,62.531346498894095,62.736837788611645,0.0,150.0,0.0
7071,42.697,1.7411037465135064,45.77896903403614,47.52007278054965,0.0,150.0,0.0
7072,44.867,3.6345130607858067,1.5941440827625337,5.22865714354834,0.0,150.0,0.0
7073,44.312,6.380886924015008,0.0,6.380886924015008,0.0,150.0,0.0
7074,46.305,8.806878617260454,0.0,8.806878617260454,0.0,150.0,0.0
7075,43.095,9.443077546970594,0.0,9.443077546970594,0.0,150.0,0.0
7076,42.342,17.34281011594653,0.0,17.34281011594653,0.0,150.0,0.0
7077,42.085,14.207358881971935,0.0,14.207358881971935,0.0,150.0,0.0
7078,41.927,13.395686662253665,0.0,13.395686662253665,0.0,150.0,0.0
7079,41.927,21.982549541166186,0.0,21.982549541166186,0.0,150.0,0.0
7080,45.599,20.97782558788866,0.0,20.97782558788866,0.0,150.0,0.0
7081,45.599,12.949767493480701,0.0,12.949767493480701,0.0,150.0,0.0
7082,45.599,16.516446718037926,0.0,16.516446718037926,0.0,150.0,0.0
7083,45.599,22.43899051052629,0.0,22.43899051052629,0.0,150.0,0.0
7084,45.599,26.147086146210547,0.0,26.147086146210547,0.0,150.0,0.0
7085,45.599,31.973024097724092,0.0,31.973024097724092,0.0,150.0,0.0
7086,52.5,40.7347816311093,0.0,40.7347816311093,0.0,150.0,0.0
7087,64.006,47.27707383670375,0.0,47.27707383670375,0.0,150.0,0.0
7088,47.898,42.979642254259424,0.9251661664329793,43.904808420692405,0.0,150.0,0.0
7089,46.166,39.415023657371435,2.0076797577183423,41.42270341508978,0.0,150.0,0.0
7090,39.131,36.30214439631364,2.6265050355809345,38.92864943189458,0.0,150.0,0.0
7091,38.627,36.91364487483311,1.927152133866294,38.840797008699404,0.0,150.0,0.0
7092,38.627,35.77491281754526,1.243332788358868,37.01824560590413,0.0,150.0,0.0
7093,40.762,32.32736772722575,0.850669585839986,33.17803731306574,0.0,150.0,0.0
7094,47.898,30.247158587188398,0.550084301979849,30.797242889168245,0.0,150.0,0.0
7095,51.279,27.550611702556367,0.0,27.550611702556367,0.0,150.0,0.0
7096,66.316,27.066869401629216,0.0,27.066869401629216,0.0,150.0,0.0
7097,66.316,27.217180358482537,0.0,76.46718035848254,0.0,150.0,49.25
7098,66.316,27.669313472720262,0.0,76.91931347272026,0.0,100.0,49.25
7099,62.714,24.79900568910005,0.0,20.184331023663958,0.0,50.0,-4.614674665436089
7100,57.019,21.000557814843862,0.0,16.385883149407775,0.0,54.54545454545455,-4.614674665436089
7101,52.204,19.874874410915538,0.0,15.260199745479449,0.0,59.09090909090909,-4.614674665436089
7102,51.062,22.759033416358562,0.0,18.14435875092247,0.0,63.63636363636364,-4.614674665436089
7103,46.181,24.806149967263046,0.0,20.191475301826955,0.0,68.18181818181817,-4.614674665436091
7104,53.398,24.811520328656602,0.0,20.19684566322051,0.0,72.72727272727272,-4.614674665436092
7105,53.398,19.40501608897749,0.0,14.790341423541399,0.0,77.27272727272725,-4.614674665436091
7106,53.398,16.356721131194266,0.0,11.742046465758175,0.0,81.8181818181818,-4.614674665436091
7107,53.398,17.30196370073505,0.0,12.68728903529896,0.0,86.36363636363635,-4.614674665436092
7108,53.398,22.33823174591811,0.0,17.72355708048202,0.0,90.90909090909088,-4.614674665436092
7109,53.857,24.593950776840856,0.0,19.979276111404765,0.0,95.45454545454541,-4.614674665436093
7110,58.959,24.71475669914895,0.0,20.10008203371286,0.0,99.99999999999996,-4.614674665436091
7111,66.891,25.605804155227016,0.0,20.991129489790925,0.0,104.5454545454545,-4.614674665436091
7112,53.671,29.504027800495884,1.3432014420882086,26.232554577148,0.0,109.09090909090904,-4.614674665436093
7113,51.887,31.427211273018777,5.101543701964802,31.914080309547487,0.0,113.63636363636357,-4.614674665436093
7114,48.151,16.409930887132646,9.689166386472763,21.484422608169314,0.0,118.18181818181813,-4.614674665436095
7115,46.278,8.503013131519793,9.572473749755526,13.460812215839223,0.0,122.72727272727268,-4.614674665436095
7116,46.278,5.942199944976614,8.820703512668702,10.148228792209217,0.0,127.27272727272722,-4.614674665436098
7117,47.335,4.739716874651535,7.508722384449962,7.633764593665399,0.0,131.81818181818176,-4.614674665436098
7118,52.574,3.0659272289938864,4.822763512581305,3.274016076139093,0.0,136.36363636363632,-4.614674665436098
7119,55.427,4.570907010873355,2.4078662157976245,2.364098561234881,0.0,140.90909090909088,-4.614674665436098
7120,63.14,7.113558216309578,0.0,2.4988835508734795,0.0,145.45454545454544,-4.614674665436098
7121,77.295,8.026933389920211,0.0,57.27693338992021,0.0,150.0,49.25
7122,66.146,4.472153763342,0.0,53.722153763342,0.0,100.0,49.25
7123,61.145,1.96076214540014,0.0,1.96076214540014,0.0,50.0,0.0
7124,59.009,1.349014045208374,0.0,1.349014045208374,0.0,50.0,0.0
7125,54.071,0.7020563494802146,0.0,0.7020563494802146,0.0,50.0,0.0
7126,54.071,0.198992299224914,0.0,0.198992299224914,0.0,50.0,0.0
7127,53.398,0.0,0.0,0.0,0.0,50.0,0.0
7128,52.225,0.0,0.0,0.0,0.0,50.0,0.0
7129,52.225,0.0,0.0,0.0,0.0,50.0,0.0
7130,52.225,0.0,0.0,0.0,0.0,50.0,0.0
7131,52.225,0.0,0.0,0.0,0.0,50.0,0.0
7132,52.225,0.0,0.0,0.0,0.0,50.0,0.0
7133,52.528,4.989066355744922,0.0,4.989066355744922,0.0,50.0,0.0
7134,59.689,7.5642662655102635,0.0,7.5642662655102635,0.0,50.0,0.0
7135,75.108,10.274364738721573,0.0,10.274364738721573,0.0,50.0,0.0
7136,57.896,8.342849900969991,2.0094871722162075,8.660289695859637,0.0,50.0,-1.6920473773265616
7137,53.196,14.145689892028258,10.474038104392552,22.927680619094247,0.0,51.66666666666666,-1.6920473773265616
7138,52.279,25.850594879849993,23.105978053713454,47.26452555623689,0.0,53.33333333333333,-1.6920473773265616
7139,51.347,28.75504342696628,20.676915455220076,47.7399115048598,0.0,54.99999999999999,-1.6920473773265616
7140,50.578,38.09714690951855,27.840691890487467,64.24579142267946,0.0,56.66666666666666,-1.6920473773265616
7141,51.428,47.08090613702615,13.893702497388752,59.28256125708834,0.0,58.333333333333314,-1.6920473773265616
7142,51.79,56.45731477747329,9.33648364436374,64.10175104451048,0.0,59.999999999999986,-1.6920473773265634
7143,54.265,42.92739524295418,7.252193573930753,48.48754143955837,0.0,61.66666666666664,-1.6920473773265599
7144,61.765,42.817891811622765,0.0,41.125844434296205,0.0,63.33333333333331,-1.6920473773265599
7145,63.744,48.751573689983545,0.0,98.00157368998354,0.0,64.99999999999997,49.25
7146,62.602,41.17698575973606,0.0,25.94855936379697,0.0,14.999999999999972,-15.228426395939092
7147,55.94,44.81137118216941,0.0,29.582944786230318,0.0,29.99999999999998,-15.228426395939092
7148,54.746,57.12448447918371,0.0,41.89605808324462,0.0,44.999999999999986,-15.228426395939088
7149,52.225,70.31407295361049,0.0,55.0856465576714,0.0,59.999999999999986,-15.228426395939088
7150,52.225,93.18058951192775,0.0,142.43058951192774,0.0,75.0,49.25
7151,52.225,83.8859325213344,0.0,84.98037696577885,0.0,25.0,1.0944444444444477
7152,38.503,87.19335288160465,0.0,88.2877973260491,0.0,23.888888888888886,1.0944444444444477
7153,37.834,112.97830268432756,0.0,114.07274712877201,0.0,22.77777777777777,1.0944444444444472
7154,37.834,110.00032462867662,0.0,111.09476907312107,0.0,21.666666666666657,1.0944444444444472
7155,37.834,111.98971262178792,0.0,113.08415706623236,0.0,20.555555555555543,1.0944444444444477
7156,37.834,114.77336683782204,0.0,115.86781128226649,0.0,19.44444444444443,1.0944444444444477
7157,37.834,114.18126751249648,0.0,115.27571195694092,0.0,18.333333333333314,1.0944444444444477
7158,38.503,123.5827239295715,0.0,124.67716837401595,0.0,17.2222222222222,1.0944444444444468
7159,46.878,126.4746610552267,0.0,127.56910549967115,0.0,16.111111111111086,1.0944444444444468
7160,47.245,134.4066213132171,1.6777393412608543,128.0222525625102,0.0,14.999999999999972,-8.062108091967756
7161,41.792,135.82671170311983,7.210672057078418,134.9752756682305,0.0,22.94117647058821,-8.062108091967756
7162,39.288,213.01400421693458,18.97097667362615,223.92287279859298,0.0,30.88235294117645,-8.062108091967756
7163,36.023,216.35092199711067,32.90466438672723,241.19347829187015,0.0,38.823529411764696,-8.062108091967756
7164,35.9,228.30498039171172,48.92582706495222,269.16869936469624,0.0,46.764705882352914,-8.062108091967756
7165,36.034,255.34557997089945,35.105262548342544,282.38873442727424,0.0,54.705882352941146,-8.062108091967758
7166,38.754,245.08324133355512,55.203271168175824,292.2244044097632,0.0,62.64705882352936,-8.062108091967756
7167,37.012,256.23060176622727,44.13367346743478,292.3021671416943,0.0,70.5882352941176,-8.062108091967756
7168,37.012,278.62788229528377,0.958168228548782,271.52394243186484,0.0,78.52941176470583,-8.062108091967756
7169,37.478,309.0706904128274,0.0,300.0,1.0085823208596327,86.47058823529406,-8.062108091967756
7170,37.834,313.90212156226823,0.0,300.0,5.84001347030048,94.41176470588232,-8.062108091967755
7171,38.324,308.8520018599258,0.0,300.0,0.7898937679580378,102.35294117647057,-8.062108091967755
7172,38.324,264.42349374856394,0.0,256.3613856565962,0.0,110.29411764705881,-8.062108091967755
7173,38.324,177.2198156732239,0.0,169.15770758125615,0.0,118.23529411764704,-8.062108091967751
7174,38.824,88.48805668971022,0.0,80.42594859774246,0.0,126.17647058823529,-8.062108091967751
7175,38.824,53.26606357712818,0.0,45.203955485160435,0.0,134.11764705882354,-8.062108091967744
7176,44.009,28.0444108511382,0.0,19.982302759170455,0.0,142.05882352941177,-8.062108091967744
7177,44.009,30.852267957014107,0.0,30.852267957014107,0.0,150.0,0.0
7178,44.009,48.929450003477754,0.0,48.929450003477754,0.0,150.0,0.0
7179,44.009,67.39482400232133,0.0,67.39482400232133,0.0,150.0,0.0
7180,44.009,71.865835293096,0.0,71.865835293096,0.0,150.0,0.0
7181,44.009,80.50682134111749,0.0,80.50682134111749,0.0,150.0,0.0
7182,44.009,97.62147069851032,0.0,97.62147069851032,0.0,150.0,0.0
7183,46.0,87.95068505725803,0.0,87.95068505725803,0.0,150.0,0.0
7184,44.084,84.23784845821532,6.065419622169374,90.3032680803847,0.0,150.0,0.0
7185,47.374,75.9755127279013,23.987594008397327,99.96310673629863,0.0,150.0,0.0
7186,47.549,61.487600891746446,46.48614606389408,117.75159429181026,0.0,150.0,9.777847336169732
7187,43.0,76.98627794256414,62.1736500145981,148.93777529333198,0.0,140.07325143536067,9.777847336169728
7188,43.0,64.6413426661071,84.41124611913263,158.83043612140943,0.0,130.14650287072135,9.777847336169728
7189,44.009,61.28583647837654,87.80903435951267,158.87271817405895,0.0,120.21975430608202,9.777847336169728
7190,44.009,66.06918739251542,66.84762848759192,142.69466321627706,0.0,110.2930057414427,9.777847336169732
7191,44.933,53.687171645411674,44.22850539871192,107.69352438029333,0.0,100.36625717680339,9.777847336169735
7192,45.042,34.577415435709874,0.8238499523957477,45.179112724275356,0.0,90.43950861216408,9.777847336169735
7193,49.672,25.344492275593975,0.0,35.12233961176372,0.0,80.51276004752475,9.777847336169742
7194,51.239,20.435129105678833,0.0,69.68512910567884,0.0,70.58601148288543,49.25
7195,49.064,16.738852172225982,0.0,16.738852172225982,0.0,20.586011482885418,0.0
7196,46.033,15.125835948179056,0.0,15.125835948179056,0.0,20.586011482885418,0.0
7197,44.452,15.628488534386175,0.0,15.628488534386175,0.0,20.586011482885418,0.0
7198,44.452,9.752417552673755,0.0,9.752417552673755,0.0,20.586011482885418,0.0
7199,44.009,2.944133436824825,0.0,2.944133436824825,0.0,20.586011482885418,0.0
7200,36.382,0.0,0.0,0.0,0.0,20.586011482885418,0.0
7201,36.382,1.2093548563451069,0.0,0.0,0.0,20.586011482885418,-1.2093548563451009
7202,36.318,5.567200596214675,0.0,0.0,0.0,21.77722601638534,-5.5672005962146685
7203,36.318,10.81051226724584,0.0,5.243311671031172,0.0,27.26091860365679,-5.5672005962146685
7204,36.318,13.43683673359343,0.0,7.869636137378761,0.0,32.74461119092824,-5.5672005962146685
7205,36.318,14.513525755761222,0.0,8.946325159546554,0.0,38.22830377819969,-5.5672005962146685
7206,37.021,18.63842653838607,0.0,13.071225942171402,0.0,43.71199636547114,-5.5672005962146685
7207,37.097,22.143100635305256,0.0,16.575900039090588,0.0,49.195688952742586,-5.5672005962146685
7208,36.324,21.771876912306915,17.75420412625365,33.958880442345894,0.0,54.679381540014035,-5.5672005962146685
7209,35.08,20.88580689932912,43.37786593194647,58.69647223506092,0.0,60.16307412728548,-5.5672005962146685
7210,34.207,23.909703804557306,72.41588039547932,90.75838360382195,0.0,65.64676671455693,-5.5672005962146685
7211,33.25,32.413850068057585,80.54179472928988,107.38844420113278,0.0,71.13045930182838,-5.5672005962146685
7212,33.25,55.88863784387601,95.45497210415037,145.7764093518117,0.0,76.61415188909983,-5.5672005962146685
7213,33.25,63.36664308150398,91.67194205186972,149.47138453715905,0.0,82.09784447637128,-5.5672005962146685
7214,34.263,51.61895514658598,74.09209424506797,120.14384879543928,0.0,87.58153706364273,-5.5672005962146685
7215,35.649,35.45335397882317,48.33092558193325,78.21707896454177,0.0,93.06522965091418,-5.5672005962146685
7216,36.332,30.24807331061034,0.9193246874410425,25.600197401836716,0.0,98.54892223818563,-5.5672005962146685
7217,45.313,21.78176920334665,0.0,16.21456860713198,0.0,104.03261482545707,-5.5672005962146685
7218,51.856,11.331993690910585,0.0,5.764793094695916,0.0,109.51630741272852,-5.5672005962146685
7219,51.801,2.717343280754574,0.0,51.96734328075458,0.0,114.99999999999997,49.25
7220,47.354,0.0,0.0,49.25,0.0,64.99999999999997,49.25
7221,47.218,0.0,0.0,0.0,0.0,14.999999999999972,0.0
7222,42.067,0.0,0.0,0.0,0.0,14.999999999999972,0.0
7223,42.005,0.0,0.0,0.0,0.0,14.999999999999972,0.0
7224,42.146,1.1221483769687062,0.0,1.1221483769687062,0.0,14.999999999999972,0.0
7225,42.146,3.615029774790629,0.0,3.615029774790629,0.0,14.999999999999972,0.0
7226,42.146,4.553279953259537,0.0,4.553279953259537,0.0,14.999999999999972,0.0
7227,42.146,3.2222106746218566,0.0,3.2222106746218566,0.0,14.999999999999972,0.0
7228,42.146,0.6521116339888349,0.0,0.6521116339888349,0.0,14.999999999999972,0.0
7229,42.146,0.0,0.0,0.0,0.0,14.999999999999972,0.0
7230,46.368,0.0,0.0,0.0,0.0,14.999999999999972,0.0
7231,42.883,0.0,0.0,0.0,0.0,14.999999999999972,0.0
7232,39.936,3.8080322063779874,9.570459259944203,13.37849146632219,0.0,14.999999999999972,0.0
7233,36.567,7.399372321830223,36.786728089981466,44.18610041181169,0.0,14.999999999999972,0.0
7234,34.741,5.894716338681064,54.942817652839814,60.83753399152088,0.0,14.999999999999972,0.0
7235,34.741,6.817995687774484,80.04858449928702,86.8665801870615,0.0,14.999999999999972,0.0
7236,34.741,11.857392194968181,87.73813359065421,99.5955257856224,0.0,14.999999999999972,0.0
7237,34.741,17.887837625337895,83.1913184949939,101.07915612033179,0.0,14.999999999999972,0.0
7238,35.724,27.766786454552754,68.39276989367146,96.15955634822421,0.0,14.999999999999972,0.0
7239,38.703,36.78311007574615,41.49208762594709,78.27519770169324,0.0,14.999999999999972,0.0
7240,42.33,53.085477547340545,0.0,53.085477547340545,0.0,14.999999999999972,0.0
7241,52.302,74.96933953132728,0.0,74.96933953132728,0.0,14.999999999999972,0.0
7242,42.715,106.58140842948742,0.0,103.19731367483429,0.0,14.999999999999972,-3.3840947546531335
7243,39.21,143.450800722851,0.0,140.06670596819788,0.0,18.333333333333314,-3.384094754653134
7244,38.329,181.32745255707596,0.0,177.94335780242284,0.0,21.666666666666643,-3.3840947546531335
7245,38.329,199.1285894155909,0.0,195.7444946609378,0.0,24.99999999999998,-3.384094754653133
7246,38.329,238.73325858218763,0.0,235.3491638275345,0.0,28.33333333333332,-3.384094754653133
7247,38.329,265.73126097031957,0.0,262.34716621566645,0.0,31.66666666666665,-3.384094754653133
7248,36.364,297.8610079971414,0.0,294.4769132424883,0.0,34.99999999999998,-3.3840947546531335
7249,36.364,303.0532254007282,0.0,299.6691306460751,0.0,38.33333333333331,-3.384094754653133
7250,36.364,316.3522397330089,0.0,300.0,12.968144978355767,41.666666666666636,-3.384094754653133
7251,36.364,312.4559854290895,0.0,300.0,9.071890674436347,44.99999999999997,-3.384094754653133
7252,36.364,281.9206558338887,0.0,278.5365610792356,0.0,48.3333333333333,-3.384094754653133
7253,36.364,227.40006156653746,0.0,224.01596681188434,0.0,51.66666666666664,-3.384094754653133
7254,37.375,167.2936011271797,0.0,163.90950637252655,0.0,54.99999999999998,-3.384094754653134
7255,46.723,122.13616960946858,0.0,118.75207485481545,0.0,58.333333333333314,-3.384094754653134
7256,36.748,91.64860896269349,0.0,88.26451420804035,0.0,61.66666666666665,-3.384094754653132
7257,35.2,88.92252260234875,0.6736968203086744,86.2121246680043,0.0,65.0,-3.3840947546531304
7258,35.354,110.47133452691392,6.355719320136655,113.44295909239744,0.0,68.33333333333333,-3.384094754653127
7259,34.544,109.26541058305833,8.766786879447608,114.64810270785281,0.0,71.66666666666666,-3.384094754653127
7260,34.544,116.85641029657782,15.298535595873567,119.46459056250215,0.0,75.0,-12.690355329949242
7261,34.78,162.50999898462484,38.26983775351543,188.08948140819103,0.0,87.5,-12.690355329949242
7262,36.209,145.63800353121158,27.43482076559166,160.38246896685402,0.0,100.0,-12.690355329949234
7263,37.89,88.70329666500866,22.703051862437746,98.71599319749717,0.0,112.49999999999999,-12.690355329949234
7264,40.446,48.469889420218436,0.0,35.7795340902692,0.0,124.99999999999999,-12.690355329949234
7265,53.403,38.65751913651822,0.0,25.967163806568983,0.0,137.5,-12.690355329949234
7266,45.047,50.55253252383919,0.0,50.55253252383919,0.0,150.0,0.0
7267,40.443,61.599289328651004,0.0,61.599289328651004,0.0,150.0,0.0
7268,40.059,53.87781841056843,0.0,53.87781841056843,0.0,150.0,0.0
7269,40.443,47.779027304273775,0.0,47.779027304273775,0.0,150.0,0.0
7270,40.154,48.841640014771826,0.0,48.841640014771826,0.0,150.0,0.0
7271,39.676,53.31458938372806,0.0,53.31458938372806,0.0,150.0,0.0
7272,42.552,58.70284431413008,0.0,58.70284431413008,0.0,150.0,0.0
7273,42.552,60.25784105721581,0.0,60.25784105721581,0.0,150.0,0.0
7274,42.552,49.60483324074516,0.0,49.60483324074516,0.0,150.0,0.0
7275,42.552,39.26523177195604,0.0,39.26523177195604,0.0,150.0,0.0
7276,42.552,31.70527651245697,0.0,31.70527651245697,0.0,150.0,0.0
7277,42.888,24.39503161119206,0.0,24.39503161119206,0.0,150.0,0.0
7278,46.033,20.808702687660407,0.0,20.808702687660407,0.0,150.0,0.0
7279,75.093,16.64939551864223,0.0,65.89939551864222,0.0,150.0,49.25
7280,46.251,12.199472704720657,6.094411373722601,11.948706413468638,0.0,100.0,-6.34517766497462
7281,41.183,6.080398400186214,22.88321832174792,22.61843905695951,0.0,106.25,-6.34517766497462
7282,38.425,1.02569237832898,52.39858996696619,47.079104680320555,0.0,112.5,-6.345177664974617
7283,37.825,1.6245949652609353,75.43341097307992,70.71282827336623,0.0,118.75,-6.345177664974621
7284,37.825,4.554625001600556,78.73089552861207,76.94034286523801,0.0,125.0,-6.345177664974617
7285,37.825,7.037892632354737,72.74781722791847,73.4405321952986,0.0,131.25,-6.345177664974621
7286,39.452,12.214622797668145,53.12138251883937,58.990827651532896,0.0,137.5,-6.345177664974614
7287,46.62,16.85108997976169,25.194505358685337,35.700417673472415,0.0,143.75,-6.345177664974614
7288,53.324,25.906025879443824,0.0,60.381025879443875,0.0,150.0,34.47500000000005
7289,62.372,36.532468726657434,0.0,85.78246872665744,0.0,114.99999999999997,49.25
7290,62.372,49.30174024339235,0.0,98.55174024339235,0.0,64.99999999999997,49.25
7291,47.8,63.75538673972685,0.0,63.75538673972685,0.0,14.999999999999972,0.0
7292,46.033,72.05392217316901,0.0,71.18372637911536,0.0,14.999999999999972,-0.8701957940536624
7293,42.552,87.6474196778717,0.0,86.77722388381804,0.0,15.857142857142827,-0.8701957940536624
7294,42.552,88.37471730513295,0.0,87.50452151107929,0.0,16.71428571428568,-0.8701957940536624
7295,42.552,98.8623860120837,0.0,97.99219021803005,0.0,17.57142857142854,-0.8701957940536624
7296,36.36,108.71431275920668,0.0,107.84411696515302,0.0,18.428571428571395,-0.8701957940536624
7297,35.686,117.0257710312539,0.0,116.15557523720024,0.0,19.28571428571425,-0.8701957940536624
7298,35.686,124.82839687166013,0.0,123.95820107760647,0.0,20.14285714285711,-0.8701957940536624
7299,35.686,134.54495406665055,0.0,133.67475827259688,0.0,20.999999999999964,-0.8701957940536624
7300,35.686,139.7498268961698,0.0,138.87963110211612,0.0,21.857142857142826,-0.8701957940536623
7301,35.686,144.53532449711983,0.0,143.66512870306616,0.0,22.714285714285694,-0.8701957940536624
7302,36.36,161.83593536962314,0.0,160.96573957556947,0.0,23.571428571428534,-0.8701957940536624
7303,43.374,183.4925077793901,0.0,182.62231198533644,0.0,24.428571428571402,-0.8701957940536623
7304,35.222,209.22708577953406,0.9517997942516222,209.30868977973202,0.0,25.285714285714256,-0.8701957940536622
7305,33.453,224.19002701942807,4.001888918832145,227.32172014420655,0.0,26.142857142857117,-0.8701957940536622
7306,33.294,239.78422433793347,6.338160143545803,245.2521886874256,0.0,26.99999999999998,-0.8701957940536621
7307,32.442,223.35346927215892,6.725585797099207,229.20885927520445,0.0,27.857142857142833,-0.8701957940536621
7308,32.442,207.9184028124438,7.938374067810584,214.9865810862007,0.0,28.714285714285694,-0.8701957940536623
7309,33.856,204.80865935571754,6.905801739144437,210.8442653008083,0.0,29.571428571428555,-0.8701957940536622
7310,34.27,228.13908010561937,4.496030079647371,231.76491439121307,0.0,30.428571428571416,-0.8701957940536623
7311,36.075,224.97126772316247,6.590136856235884,230.69120878534468,0.0,31.28571428571427,-0.8701957940536623
7312,39.026,223.06417099183133,0.0,222.19397519777766,0.0,32.142857142857125,-0.8701957940536624
7313,46.382,204.4503370171736,0.0,203.58014122311994,0.0,32.99999999999998,-0.8701957940536625
7314,36.873,193.2682310017307,0.0,192.39803520767703,0.0,33.85714285714283,-0.8701957940536625
7315,36.24,194.95045789365435,0.0,194.08026209960067,0.0,34.71428571428569,-0.8701957940536627
7316,35.908,197.968120016095,0.0,197.09792422204134,0.0,35.57142857142854,-0.8701957940536627
7317,35.908,191.64723008194582,0.0,190.77703428789215,0.0,36.428571428571395,-0.8701957940536627
7318,35.908,188.2830578201285,0.0,187.41286202607483,0.0,37.285714285714256,-0.8701957940536625
7319,35.686,182.59804384905823,0.0,181.72784805500456,0.0,38.14285714285712,-0.8701957940536624
7320,34.4,178.804571280898,0.0,177.93437548684432,0.0,38.99999999999998,-0.8701957940536624
7321,34.4,171.92327625303915,0.0,171.05308045898548,0.0,39.85714285714283,-0.8701957940536625
7322,34.4,165.94426208551658,0.0,165.0740662914629,0.0,40.71428571428569,-0.8701957940536624
7323,34.4,175.28992238605247,0.0,174.4197265919988,0.0,41.57142857142855,-0.8701957940536627
7324,34.4,176.56289809555284,0.0,175.69270230149917,0.0,42.428571428571395,-0.8701957940536627
7325,34.4,167.23557607610888,0.0,166.3653802820552,0.0,43.285714285714256,-0.8701957940536627
7326,34.905,157.87167463137177,0.0,157.0014788373181,0.0,44.14285714285711,-0.8701957940536629
7327,42.491,179.4895163028042,0.0,178.61932050875052,0.0,44.99999999999996,-0.8701957940536631
7328,34.459,195.74129381703008,3.1732894722257967,198.04438749520222,0.0,45.857142857142826,-0.8701957940536631
7329,33.309,229.59696541963422,8.901878230253917,237.62864785583446,0.0,46.71428571428568,-0.8701957940536631
7330,33.353,195.5494858941408,8.384903150346693,203.06419325043382,0.0,47.57142857142854,-0.8701957940536631
7331,32.501,147.95076076243132,7.852013544020813,154.93257851239846,0.0,48.4285714285714,-0.8701957940536629
7332,32.501,134.42646435550918,5.739571712710089,139.2958402741656,0.0,49.28571428571426,-0.8701957940536629
7333,33.602,150.54660840793377,6.308318910537347,155.98473152441744,0.0,50.142857142857125,-0.8701957940536631
7334,34.067,182.64978587695697,16.192136387028846,197.97172646993215,0.0,50.999999999999986,-0.8701957940536631
7335,34.4,193.57780212593318,22.121160399595492,214.82876673147499,0.0,51.85714285714285,-0.8701957940536629
7336,34.4,190.25288155206727,0.0,189.3826857580136,0.0,52.71428571428571,-0.8701957940536631
7337,44.287,182.68740598009646,0.0,181.8172101860428,0.0,53.57142857142857,-0.8701957940536631
7338,35.9,160.49198557157916,0.0,159.6217897775255,0.0,54.42857142857142,-0.8701957940536627
7339,34.541,136.3775269560357,0.0,135.50733116198202,0.0,55.28571428571428,-0.8701957940536631
7340,34.4,119.98950907863383,0.0,119.11931328458017,0.0,56.14285714285714,-0.8701957940536631
7341,34.4,85.58380587932233,0.0,84.71361008526867,0.0,57.0,-0.8701957940536631
7342,34.4,50.796770619413664,0.0,49.92657482536,0.0,57.857142857142854,-0.8701957940536631
7343,34.4,58.171841688585914,0.0,57.30164589453225,0.0,58.71428571428571,-0.8701957940536635
7344,33.518,59.96727519136443,0.0,59.097079397310765,0.0,59.57142857142856,-0.870195794053664
7345,33.518,45.217226350779754,0.0,44.34703055672609,0.0,60.42857142857143,-0.870195794053664
7346,33.518,44.76391232792121,0.0,43.89371653386755,0.0,61.285714285714285,-0.8701957940536635
7347,33.518,54.32631688948268,0.0,53.45612109542902,0.0,62.14285714285714,-0.8701957940536635
7348,33.518,59.27706803344903,0.0,58.40687223939536,0.0,63.0,-0.8701957940536635
7349,33.518,66.81190174861442,0.0,65.94170595456076,0.0,63.857142857142854,-0.8701957940536635
7350,33.827,78.30754830803066,0.0,77.437352513977,0.0,64.71428571428571,-0.8701957940536644
7351,42.197,60.516362523212706,0.0,59.64616672915904,0.0,65.57142857142856,-0.8701957940536635
7352,33.302,59.58891829226001,2.3963652352012628,61.11508773340761,0.0,66.42857142857142,-0.8701957940536635
7353,32.374,101.93661419206329,10.408018344283256,111.4744367422929,0.0,67.28571428571428,-0.8701957940536627
7354,32.395,120.26463347115886,32.03581543170015,151.43025310880535,0.0,68.14285714285714,-0.8701957940536627
7355,31.003,141.90235002585916,35.16344406484412,176.19559829664962,0.0,69.0,-0.8701957940536627
7356,31.003,137.82851415442974,52.20801647532951,189.16633483570558,0.0,69.85714285714285,-0.8701957940536627
7357,32.622,88.59384773166938,34.85624335503659,122.57989529265231,0.0,70.71428571428571,-0.8701957940536644
7358,33.61,95.89874832920597,26.451304634210743,121.47985716936304,0.0,71.57142857142856,-0.8701957940536644
7359,34.238,79.95500500774521,24.522486424685102,103.60729563837666,0.0,72.42857142857142,-0.8701957940536644
7360,38.43,69.7633919162115,0.0,68.89319612215783,0.0,73.28571428571428,-0.8701957940536644
7361,48.057,60.67542586912301,0.0,59.805230075069346,0.0,74.14285714285714,-0.8701957940536644
7362,44.643,41.82218305642712,0.0,41.82218305642712,0.0,75.0,0.0
7363,38.122,79.31865164683039,0.0,79.31865164683039,0.0,75.0,0.0
7364,36.982,100.36530098779399,0.0,100.36530098779399,0.0,75.0,0.0
7365,35.816,70.20630360744656,0.0,70.20630360744656,0.0,75.0,0.0
7366,34.339,92.92064936212024,0.0,92.92064936212024,0.0,75.0,0.0
7367,34.275,117.05992481481972,0.0,117.05992481481972,0.0,75.0,0.0
7368,36.343,113.40773774219652,0.0,113.40773774219652,0.0,75.0,0.0
7369,36.343,89.83276524344235,0.0,89.83276524344235,0.0,75.0,0.0
7370,36.343,76.04978342625348,0.0,71.2909001775225,0.0,75.0,-4.7588832487309745
7371,36.343,67.61085388750749,0.0,62.851970638776514,0.0,79.6875,-4.7588832487309745
7372,36.343,67.71992003647817,0.0,62.961036787747204,0.0,84.37500000000001,-4.758883248730971
7373,36.343,78.63597354913804,0.0,73.87709030040708,0.0,89.06250000000001,-4.758883248730967
7374,36.343,91.75721946069406,0.0,86.99833621196309,0.0,93.75,-4.758883248730964
7375,39.616,99.68941840120152,0.0,94.93053515247055,0.0,98.4375,-4.758883248730966
7376,36.061,109.09546281959685,2.1883305366031753,106.52491010746905,0.0,103.125,-4.758883248730964
7377,35.935,106.83833002051242,6.596272713873663,108.67571948565511,0.0,107.8125,-4.758883248730964
7378,34.431,72.88763885362036,17.912847709736678,86.04160331462607,0.0,112.5,-4.758883248730964
7379,34.021,67.36777973586857,50.08515911356365,112.69405560070125,0.0,117.1875,-4.758883248730964
7380,34.021,62.533489266211156,49.848388870493835,107.62299488797402,0.0,121.875,-4.758883248730965
7381,34.021,64.16411786637728,61.72830157211874,121.13353618976505,0.0,126.5625,-4.758883248730962
7382,34.838,52.06361990399186,54.810096855410364,102.11483351067125,0.0,131.25,-4.758883248730963
7383,36.639,55.614535807669114,37.45176140620816,88.30741396514631,0.0,135.9375,-4.758883248730964
7384,39.352,46.05155899533281,0.0,41.292675746601844,0.0,140.625,-4.758883248730964
7385,52.854,35.065447045282006,0.0,30.306563796551043,0.0,145.3125,-4.758883248730964
7386,52.854,35.68786864488676,0.0,35.68786864488676,0.0,150.0,0.0
7387,38.232,30.220315962218216,0.0,30.220315962218216,0.0,150.00000000000003,0.0
7388,37.391,30.228331588893376,0.0,30.228331588893376,0.0,150.00000000000006,0.0
7389,37.367,44.84472256513077,0.0,44.84472256513077,0.0,150.00000000000006,0.0
7390,36.923,27.706742650797054,0.0,27.706742650797054,0.0,150.00000000000006,0.0
7391,36.671,19.671641141234666,0.0,19.671641141234666,0.0,150.00000000000006,0.0
7392,39.032,15.609746196427308,0.0,15.609746196427308,0.0,150.00000000000006,0.0
7393,39.032,12.458783502721896,0.0,12.458783502721896,0.0,150.00000000000006,0.0
7394,39.032,5.1076591232042166,0.0,5.1076591232042166,0.0,150.00000000000006,0.0
7395,39.032,0.0,0.0,0.0,0.0,150.0,0.0
7396,39.032,0.0,0.0,0.0,0.0,150.0,0.0
7397,39.032,13.27609274980539,0.0,13.27609274980539,0.0,150.0,0.0
7398,39.804,30.69296237348659,0.0,30.69296237348659,0.0,150.0,0.0
7399,39.032,44.45000270145545,0.0,44.45000270145545,0.0,150.0,0.0
7400,34.687,46.769599677894696,0.7985230253725266,47.56812270326722,0.0,150.0,0.0
7401,34.637,48.96548286408573,18.578414026606573,67.54389689069231,0.0,150.0,0.0
7402,37.01,41.647284213521765,35.59721729747153,77.2445015109933,0.0,150.0,0.0
7403,37.101,24.416206268143185,69.36193621502133,93.77814248316452,0.0,150.0,0.0
7404,37.101,13.502134596727169,75.7502182646734,89.25235286140058,0.0,150.0,0.0
7405,38.281,3.1922047729395406,82.95152404579197,86.14372881873152,0.0,150.0,0.0
7406,38.893,8.75965911159628,62.0629273532063,70.82258646480258,0.0,150.00000000000006,0.0
7407,39.936,4.010331702895702,37.218994121939176,41.22932582483488,0.0,150.00000000000006,0.0
7408,41.391,0.0,0.0,0.0,0.0,150.00000000000006,0.0
7409,56.765,1.8194679309567456,0.0,1.8194679309567456,0.0,150.00000000000003,0.0
7410,50.087,5.9431191312210725,0.0,5.9431191312210725,0.0,150.0,0.0
7411,39.919,9.614677116570508,0.0,9.614677116570508,0.0,150.0,0.0
7412,39.385,10.82885056835938,0.0,10.82885056835938,0.0,150.0,0.0
7413,39.385,12.914338437138406,0.0,12.914338437138406,0.0,150.0,0.0
7414,39.385,18.817254674960676,0.0,18.817254674960676,0.0,150.0,0.0
7415,39.032,22.60390770030487,0.0,22.60390770030487,0.0,150.0,0.0
7416,41.614,25.441205736335572,0.0,25.441205736335572,0.0,150.0,0.0
7417,41.614,22.126134538915643,0.0,22.126134538915643,0.0,150.0,0.0
7418,41.614,20.51680415176529,0.0,20.51680415176529,0.0,150.0,0.0
7419,41.614,22.70694351367006,0.0,22.70694351367006,0.0,150.0,0.0
7420,41.614,25.945071516715544,0.0,25.945071516715544,0.0,150.0,0.0
7421,41.614,22.8794880895179,0.0,22.8794880895179,0.0,150.0,0.0
7422,41.937,26.65000570676807,0.0,26.65000570676807,0.0,150.0,0.0
7423,56.074,26.57601498559237,0.0,26.57601498559237,0.0,150.0,0.0
7424,41.614,26.98588693952825,0.37458806932046695,27.360475008848717,0.0,150.0,0.0
7425,38.993,22.3058978337654,5.305255252783663,27.611153086549063,0.0,150.0,0.0
7426,37.707,25.952283614222083,29.70926470010079,55.66154831432287,0.0,150.0,0.0
7427,37.764,17.934430308366522,53.16657894138371,71.10100924975023,0.0,150.0,0.0
7428,37.764,8.869441449332502,54.569423509559215,63.43886495889171,0.0,150.0,0.0
7429,38.478,7.0836542280005315,46.97283058766494,54.05648481566547,0.0,150.0,0.0
7430,41.793,7.900251368185172,42.89033650243532,50.79058787062049,0.0,150.0,0.0
7431,45.89,12.151689743407731,35.24737541772057,47.3990651611283,0.0,150.0,0.0
7432,60.335,16.516639555896333,0.0,16.516639555896333,0.0,150.0,0.0
7433,60.52,26.36484325392256,0.0,75.61484325392256,0.0,150.0,49.25
7434,60.52,36.25518060960287,0.0,85.50518060960286,0.0,100.0,49.25
7435,60.52,43.00346029567716,0.0,77.4784602956772,0.0,50.0,34.47500000000004
7436,46.401,43.50860177230677,0.0,38.893927106870684,0.0,14.999999999999972,-4.614674665436086
7437,46.599,38.535947938893436,0.0,33.92127327345735,0.0,19.545454545454515,-4.614674665436086
7438,45.523,30.19612389159569,0.0,25.581449226159606,0.0,24.090909090909058,-4.614674665436086
7439,45.523,25.410881900243936,0.0,20.796207234807852,0.0,28.636363636363605,-4.614674665436086
7440,42.954,18.53013932845453,0.0,13.915464663018446,0.0,33.18181818181816,-4.614674665436086
7441,39.572,15.565387118665251,0.0,10.950712453229166,0.0,37.727272727272705,-4.614674665436086
7442,39.572,22.18049850066198,0.0,17.565823835225892,0.0,42.272727272727245,-4.614674665436086
7443,40.686,34.58828103811563,0.0,29.973606372679548,0.0,46.81818181818179,-4.614674665436086
7444,42.954,49.47647110747236,0.0,44.86179644203628,0.0,51.36363636363634,-4.6146746654360875
7445,42.954,59.56871424836834,0.0,54.95403958293225,0.0,55.90909090909088,-4.6146746654360875
7446,55.988,52.36172692384538,0.0,47.7470522584093,0.0,60.454545454545425,-4.6146746654360875
7447,80.642,52.57988942964923,0.0,101.82988942964923,0.0,64.99999999999997,49.25
7448,45.595,62.26768776448782,1.9487015849611058,62.31283604995653,0.0,14.999999999999972,-1.9035532994923872
7449,41.241,66.80821631365566,10.075126457654154,74.97978947181743,0.0,16.87499999999997,-1.9035532994923872
7450,38.673,74.86620344450478,16.81004313638736,89.77269328139975,0.0,18.74999999999998,-1.903553299492387
7451,37.661,119.61161356088463,25.752137685188348,143.4601979465806,0.0,20.624999999999986,-1.903553299492387
7452,37.125,128.83455544399564,15.679650598729861,142.61065274323312,0.0,22.5,-1.903553299492387
7453,37.125,224.26804677198896,8.448140155744358,230.81263362824095,0.0,24.375,-1.903553299492387
7454,37.125,215.7691754716291,2.725283886213426,216.59090605835013,0.0,26.249999999999993,-1.9035532994923872
7455,37.319,188.55298132409294,0.004398882057102916,186.65382690665766,0.0,28.124999999999993,-1.9035532994923874
7456,36.791,223.77608200209227,0.0,221.87252870259988,0.0,29.999999999999986,-1.9035532994923872
7457,36.158,218.23951526051118,0.0,216.3359619610188,0.0,31.87499999999998,-1.9035532994923876
7458,35.811,173.09978704243562,0.0,171.19623374294324,0.0,33.749999999999986,-1.9035532994923874
7459,34.876,242.23089159137655,0.0,240.32733829188416,0.0,35.62499999999999,-1.9035532994923874
7460,34.876,282.7678131231441,0.0,280.8642598236517,0.0,37.49999999999999,-1.9035532994923876
7461,34.876,302.5881298714634,0.0,300.0,0.6845765719710348,39.374999999999986,-1.9035532994923878
7462,34.876,302.5474253752182,0.0,300.0,0.6438720757258225,41.249999999999986,-1.9035532994923883
7463,34.876,317.37726555773503,0.0,300.0,15.47371225824264,43.12499999999999,-1.9035532994923883
7464,32.794,322.2517392976776,0.0,300.0,20.348185998185215,44.99999999999999,-1.9035532994923878
7465,32.794,317.1389159568885,0.0,300.0,15.235362657396138,46.874999999999986,-1.9035532994923878
7466,32.794,296.1837785978337,0.0,294.2802252983413,0.0,48.749999999999986,-1.9035532994923887
7467,32.794,280.82844074504953,0.0,278.92488744555715,0.0,50.62499999999998,-1.9035532994923887
7468,32.794,250.75970961558346,0.0,248.85615631609107,0.0,52.49999999999998,-1.9035532994923887
7469,32.794,230.33396213800074,0.0,228.43040883850836,0.0,54.374999999999986,-1.9035532994923878
7470,33.297,200.43640287508583,0.0,198.53284957559345,0.0,56.24999999999998,-1.9035532994923878
7471,45.812,187.25600111901548,0.0,185.3524478195231,0.0,58.12499999999998,-1.9035532994923878
7472,39.61,204.2189364763464,0.9478892780635295,203.26327245491757,0.0,59.99999999999998,-1.9035532994923878
7473,34.629,212.2098488498464,4.189461850632699,214.49575740098672,0.0,61.874999999999986,-1.903553299492387
7474,34.432,120.79206818756242,5.228020320303007,124.11653520837304,0.0,63.74999999999999,-1.903553299492387
7475,33.29,142.2250631542737,5.9919471435531095,146.31345699833443,0.0,65.625,-1.903553299492387
7476,33.069,176.26997443227023,17.282685064411506,191.64910619718935,0.0,67.5,-1.9035532994923834
7477,33.62,224.4644658510685,39.65110833421697,262.2120208857931,0.0,69.375,-1.9035532994923834
7478,34.432,203.23659792236734,35.07909174626233,236.41213636913727,0.0,71.25,-1.9035532994923798
7479,34.651,202.28816582403834,2.414017561431138,202.7986300859771,0.0,73.125,-1.9035532994923798
7480,38.16,207.2225432384087,0.0,204.29399970072808,0.0,75.0,-2.9285435376805964
7481,38.751,196.15619050238868,0.0,193.22764696470807,0.0,77.88461538461539,-2.9285435376805964
7482,36.383,220.86043502119384,0.0,217.93189148351325,0.0,80.76923076923077,-2.928543537680593
7483,35.321,264.68465756015604,0.0,261.75611402247546,0.0,83.65384615384615,-2.928543537680593
7484,34.772,263.7106739880796,0.0,260.782130450399,0.0,86.53846153846153,-2.928543537680593
7485,33.883,257.98678195514776,0.0,255.05823841746718,0.0,89.42307692307693,-2.9285435376805946
7486,33.62,247.42044250147316,0.0,244.49189896379258,0.0,92.30769230769232,-2.9285435376805946
7487,32.794,240.83906149329198,0.0,237.9105179556114,0.0,95.19230769230771,-2.9285435376805946
7488,35.045,222.41260654748862,0.0,219.48406300980804,0.0,98.0769230769231,-2.9285435376805946
7489,35.045,229.2171145620338,0.0,226.28857102435322,0.0,100.96153846153848,-2.9285435376805946
7490,35.045,233.92336223638927,0.0,230.99481869870868,0.0,103.84615384615387,-2.9285435376805955
7491,35.045,251.58573181624092,0.0,248.65718827856034,0.0,106.73076923076925,-2.9285435376805946
7492,35.045,221.86754220403748,0.0,218.9389986663569,0.0,109.61538461538464,-2.9285435376805937
7493,35.045,210.95556009544734,0.0,208.02701655776676,0.0,112.50000000000003,-2.9285435376805946
7494,35.045,153.21148162534737,0.0,150.2829380876668,0.0,115.38461538461542,-2.9285435376805946
7495,38.218,114.4501568196774,0.0,111.5216132819968,0.0,118.26923076923079,-2.9285435376805946
7496,38.636,96.13691649327234,0.37559250566313745,93.58396546125488,0.0,121.15384615384619,-2.9285435376805946
7497,34.374,84.33370024061496,4.228749267389087,85.63390597032345,0.0,124.03846153846158,-2.9285435376805946
7498,34.539,66.16965223634091,7.126220662483511,70.36732936114382,0.0,126.92307692307696,-2.9285435376805955
7499,34.729,57.02854087456806,16.93320541344946,71.03320275033693,0.0,129.80769230769235,-2.928543537680596
7500,35.331,57.39642825548571,46.39700420939087,100.86488892719599,0.0,132.69230769230774,-2.928543537680595
7501,37.469,77.54336119710277,44.181367410436934,118.7961850698591,0.0,135.5769230769231,-2.9285435376805937
7502,37.931,83.42334710907454,58.36565781161514,138.8604613830091,0.0,138.46153846153845,-2.9285435376805933
7503,38.4,81.88414356261565,2.5581106110915344,81.51371063602659,0.0,141.34615384615384,-2.928543537680594
7504,38.715,70.07527936018073,0.0,67.14673582250013,0.0,144.23076923076923,-2.9285435376805933
7505,45.005,58.79816948763668,0.0,55.86962594995608,0.0,147.1153846153846,-2.9285435376805933
7506,42.587,49.93202128332816,0.0,49.93202128332816,0.0,150.0,0.0
7507,40.854,44.23320649817699,0.0,44.23320649817699,0.0,150.0,0.0
7508,41.17,35.102515931670865,0.0,35.102515931670865,0.0,150.0,0.0
7509,41.17,28.549436869944213,0.0,28.549436869944213,0.0,150.00000000000003,0.0
7510,41.17,40.54570362985682,0.0,40.54570362985682,0.0,150.00000000000006,0.0
7511,38.978,40.76909246436725,0.0,40.76909246436725,0.0,150.00000000000006,0.0
7512,41.906,30.752251120714998,0.0,30.752251120714998,0.0,150.00000000000006,0.0
7513,41.906,26.816620059277447,0.0,26.816620059277447,0.0,150.00000000000006,0.0
7514,41.906,15.41134537605755,0.0,15.41134537605755,0.0,150.00000000000006,0.0
7515,41.906,10.713444533376009,0.0,10.713444533376009,0.0,150.00000000000006,0.0
7516,41.906,6.935793395625071,0.0,6.935793395625071,0.0,150.00000000000006,0.0
7517,42.974,2.517071448948538,0.0,2.517071448948538,0.0,150.00000000000003,0.0
7518,44.458,0.0,0.0,0.0,0.0,150.0,0.0
7519,63.518,6.078653034606635,0.0,55.32865303460663,0.0,150.0,49.25
7520,44.245,16.285580596848405,0.0,16.285580596848405,0.0,100.0,0.0
7521,40.979,25.10328763049074,4.388762826389906,29.492050456880648,0.0,100.0,0.0
7522,40.247,34.8138632823646,10.569326003801272,45.38318928616587,0.0,100.0,0.0
7523,39.777,56.205703747759486,11.22405704383709,67.42976079159658,0.0,100.0,0.0
7524,39.777,75.95020517809888,37.0747174633414,113.02492264144028,0.0,100.0,0.0
7525,40.195,117.94952450788637,25.064223132486635,143.013747640373,0.0,100.0,0.0
7526,41.678,103.79488840741075,33.59240197135412,137.38729037876487,0.0,100.0,0.0
7527,42.302,100.59743250052317,2.12698742480164,102.72441992532481,0.0,100.0,0.0
7528,49.475,104.15750275971946,0.0,104.15750275971946,0.0,100.0,0.0
7529,42.302,111.51250638890083,0.0,109.30548807064879,0.0,100.0,-2.207018318252043
7530,40.873,136.87096034579605,0.0,134.663942027544,0.0,102.17391304347827,-2.207018318252043
7531,39.969,168.5414608555454,0.0,166.33444253729337,0.0,104.34782608695653,-2.207018318252043
7532,39.777,183.34443710025334,0.0,181.1374187820013,0.0,106.52173913043478,-2.207018318252044
7533,39.777,199.91269099718747,0.0,197.70567267893543,0.0,108.69565217391303,-2.207018318252045
7534,39.777,202.7774494234114,0.0,200.57043110515937,0.0,110.86956521739128,-2.2070183182520458
7535,39.777,206.2664117570712,0.0,204.05939343881917,0.0,113.04347826086956,-2.2070183182520458
7536,38.76,206.50617129936893,0.0,204.2991529811169,0.0,115.21739130434781,-2.207018318252045
7537,38.76,180.25156738920856,0.0,178.04454907095652,0.0,117.39130434782606,-2.207018318252045
7538,38.76,143.23774802552344,0.0,141.0307297072714,0.0,119.56521739130434,-2.207018318252045
7539,38.76,121.13102166431806,0.0,118.92400334606602,0.0,121.7391304347826,-2.207018318252045
7540,38.76,108.0035037863751,0.0,105.79648546812307,0.0,123.91304347826086,-2.207018318252045
7541,38.76,100.83654728356633,0.0,98.6295289653143,0.0,126.08695652173913,-2.207018318252043
7542,39.265,94.26858307864222,0.0,92.06156476039018,0.0,128.26086956521738,-2.207018318252043
7543,39.265,94.6611502973281,0.0,92.45413197907607,0.0,130.43478260869563,-2.207018318252045
7544,39.265,91.35775558246479,0.8214687232556233,89.97220598746837,0.0,132.60869565217388,-2.207018318252043
7545,39.265,86.9294761952161,6.228472467867021,90.95093034483108,0.0,134.78260869565216,-2.207018318252043
7546,39.265,84.32099628558825,4.577218151433557,86.69119611876977,0.0,136.95652173913044,-2.2070183182520395
7547,41.254,81.90426826593743,7.472794899710171,87.17004484739556,0.0,139.13043478260872,-2.2070183182520395
7548,41.289,74.60377883670684,7.358572477881781,79.75533299633659,0.0,141.30434782608697,-2.2070183182520324
7549,41.565,79.39220413401279,3.761976178836065,80.94716199459683,0.0,143.47826086956525,-2.2070183182520324
7550,42.953,48.9451352804779,0.4338225182211768,47.17193948044705,0.0,145.6521739130435,-2.2070183182520253
7551,46.775,47.94528387902761,0.0,45.73826556077559,0.0,147.82608695652175,-2.2070183182520253
7552,46.995,62.16578620610932,0.0,96.64078620610937,0.0,150.0,34.47500000000005
7553,57.104,65.91752895255873,0.0,115.16752895255873,0.0,114.99999999999997,49.25
7554,57.104,57.51094931573542,0.0,106.76094931573542,0.0,64.99999999999997,49.25
7555,43.758,43.14863073529652,0.0,43.14863073529652,0.0,14.999999999999972,0.0
7556,42.862,43.685384062778056,0.0,43.685384062778056,0.0,14.999999999999972,0.0
7557,43.058,51.78746274395027,0.0,51.78746274395027,0.0,14.999999999999972,0.0
7558,42.96,50.09445819764958,0.0,50.09445819764958,0.0,14.999999999999972,0.0
7559,39.698,48.10664715408373,0.0,48.10664715408373,0.0,14.999999999999972,0.0
7560,44.547,49.91190405893314,0.0,49.91190405893314,0.0,14.999999999999972,0.0
7561,44.547,49.945050570414466,0.0,49.945050570414466,0.0,14.999999999999972,0.0
7562,44.547,49.51003688154262,0.0,49.51003688154262,0.0,14.999999999999972,0.0
7563,44.547,64.5573151915703,0.0,64.5573151915703,0.0,14.999999999999972,0.0
7564,44.547,61.201849667413136,0.0,61.201849667413136,0.0,14.999999999999972,0.0
7565,44.547,69.37952698125487,0.0,69.37952698125487,0.0,14.999999999999972,0.0
7566,44.547,109.87349923463339,0.0,98.45217943767906,0.0,14.999999999999972,-11.421319796954318
7567,42.916,121.69651739650658,0.0,110.27519759955226,0.0,26.249999999999975,-11.421319796954318
7568,41.631,207.16991071784037,0.0,195.74859092088604,0.0,37.49999999999996,-11.421319796954318
7569,40.698,96.85660651563367,1.8646652354322464,87.29995195411159,0.0,48.74999999999994,-11.421319796954318
7570,41.025,67.81117335436483,15.758147730089709,72.14800128750021,0.0,59.99999999999994,-11.421319796954318
7571,41.025,98.78917423173664,47.18600335617741,134.55385779095974,0.0,71.24999999999996,-11.421319796954318
7572,41.025,118.74937782875719,40.62561003869909,147.95366807050195,0.0,82.49999999999997,-11.421319796954318
7573,43.004,127.18464971302922,45.221975760278426,160.98530567635333,0.0,93.74999999999997,-11.421319796954322
7574,41.742,129.88592797906043,56.28910376805371,174.7537119501598,0.0,104.99999999999997,-11.421319796954318
7575,41.742,142.27553011500038,2.047175948986964,132.90138626703302,0.0,116.24999999999999,-11.421319796954315
7576,41.742,144.24401415862448,0.0,132.8226943616702,0.0,127.5,-11.421319796954307
7577,45.136,110.39440758311068,0.0,98.97308778615637,0.0,138.75,-11.421319796954307
7578,44.82,93.05621551376171,0.0,93.05621551376171,0.0,150.0,0.0
7579,46.537,72.91853411827525,0.0,72.91853411827525,0.0,150.00000000000003,0.0
7580,43.158,68.46884315912492,0.0,68.46884315912492,0.0,150.00000000000006,0.0
7581,42.916,70.9299959632299,0.0,70.9299959632299,0.0,150.00000000000006,0.0
7582,42.916,80.96155434034155,0.0,80.96155434034155,0.0,150.0,0.0
7583,42.916,93.8353135494932,0.0,93.8353135494932,0.0,150.0,0.0
7584,44.895,98.25981162088145,0.0,98.25981162088145,0.0,150.0,0.0
7585,44.895,93.89998789050895,0.0,93.89998789050895,0.0,150.0,0.0
7586,44.895,97.05975278872188,0.0,97.05975278872188,0.0,150.0,0.0
7587,44.895,96.60208948986451,0.0,121.22708948986453,0.0,150.0,24.625000000000014
7588,44.895,82.05999810832769,0.0,131.3099981083277,0.0,125.0,49.25
7589,44.895,60.65669289357211,0.0,60.65669289357211,0.0,75.0,0.0
7590,45.928,43.85474014774822,0.0,42.81169724391677,0.0,75.0,-1.0430429038314486
7591,47.918,34.66332826945274,0.0,33.62028536562129,0.0,76.02739726027397,-1.0430429038314486
7592,57.388,31.19184120830585,0.21714500482443339,30.36594330929884,0.0,77.05479452054794,-1.043042903831445
7593,46.917,25.44923678263975,16.56545137830616,40.97164525711446,0.0,78.08219178082192,-1.043042903831445
7594,45.131,25.85673041394503,40.49394664749805,65.30763415761163,0.0,79.10958904109589,-1.043042903831445
7595,44.895,21.31592578738291,54.27871248480407,74.55159536835554,0.0,80.13698630136987,-1.043042903831445
7596,44.895,18.998132927070397,57.15023768181543,75.10532770505438,0.0,81.16438356164385,-1.043042903831445
7597,44.895,20.639615706398892,67.58146072612095,87.1780335286884,0.0,82.19178082191782,-1.043042903831445
7598,48.001,17.608544698902463,55.62208045770956,72.18758225278057,0.0,83.21917808219179,-1.043042903831445
7599,54.739,14.031462044648569,1.7361621899322202,14.724581330749343,0.0,84.24657534246576,-1.043042903831445
7600,60.648,16.24950101752975,0.0,15.206458113698304,0.0,85.27397260273975,-1.043042903831446
7601,77.344,14.979143729941494,0.0,13.93610082611005,0.0,86.30136986301372,-1.0430429038314442
7602,69.781,11.281899282156667,0.0,10.238856378325224,0.0,87.32876712328769,-1.0430429038314442
7603,57.344,13.993003211549032,0.0,12.949960307717589,0.0,88.35616438356166,-1.0430429038314442
7604,54.473,17.217554262218748,0.0,16.174511358387303,0.0,89.38356164383563,-1.043042903831445
7605,54.227,19.822337506208818,0.0,18.779294602377373,0.0,90.4109589041096,-1.0430429038314442
7606,54.227,16.88295069827167,0.0,15.839907794440228,0.0,91.43835616438358,-1.0430429038314433
7607,54.227,22.58844347997768,0.0,21.545400576146235,0.0,92.46575342465755,-1.0430429038314442
7608,44.766,35.65258185554353,0.0,34.60953895171209,0.0,93.49315068493152,-1.0430429038314442
7609,44.766,43.27031098509461,0.0,42.22726808126317,0.0,94.5205479452055,-1.0430429038314446
7610,44.766,48.32826514332919,0.0,47.28522223949775,0.0,95.54794520547946,-1.0430429038314446
7611,44.766,53.53127683496669,0.0,52.48823393113525,0.0,96.57534246575344,-1.0430429038314442
7612,43.768,64.71374914983164,0.0,63.6707062460002,0.0,97.6027397260274,-1.0430429038314437
7613,44.766,70.41466716318942,0.0,69.37162425935797,0.0,98.63013698630137,-1.0430429038314446
7614,44.766,68.18897405145893,0.0,67.14593114762748,0.0,99.65753424657534,-1.0430429038314437
7615,59.623,69.71771647897616,0.0,68.67467357514471,0.0,100.68493150684932,-1.0430429038314446
7616,45.217,76.6008573303482,0.0,75.55781442651676,0.0,101.7123287671233,-1.043042903831445
7617,43.849,85.46410430277261,0.0,84.42106139894116,0.0,102.73972602739727,-1.043042903831445
7618,42.638,80.1003734100279,1.3952213501239847,80.45255185632044,0.0,103.76712328767124,-1.043042903831445
7619,39.051,77.55042860379075,2.613235767398629,79.12062146735794,0.0,104.79452054794521,-1.0430429038314455
7620,39.051,71.58490063955405,2.251022386954035,72.79288012267664,0.0,105.82191780821918,-1.0430429038314455
7621,39.051,67.81244476585168,2.7259606434071144,69.49536250542735,0.0,106.84931506849315,-1.0430429038314455
7622,40.979,66.4314904626611,1.2598598774815917,66.64830743631124,0.0,107.87671232876713,-1.0430429038314455
7623,44.766,71.42633728657434,0.0,70.38329438274289,0.0,108.9041095890411,-1.0430429038314455
7624,46.757,78.3095341615422,0.0,77.26649125771075,0.0,109.93150684931507,-1.0430429038314455
7625,45.479,92.59474500646155,0.0,91.5517021026301,0.0,110.95890410958904,-1.0430429038314455
7626,41.666,109.61216924317239,0.0,108.56912633934094,0.0,111.98630136986301,-1.0430429038314455
7627,40.883,118.99208588773695,0.0,117.9490429839055,0.0,113.01369863013699,-1.0430429038314455
7628,40.632,117.39911196843232,0.0,116.35606906460087,0.0,114.04109589041096,-1.0430429038314457
7629,40.632,110.945112993924,0.0,109.90207009009255,0.0,115.06849315068493,-1.0430429038314455
7630,40.632,104.74653107503237,0.0,103.70348817120092,0.0,116.0958904109589,-1.0430429038314453
7631,40.632,95.84595213633857,0.0,94.80290923250712,0.0,117.12328767123287,-1.0430429038314453
7632,39.034,97.1168356358668,0.0,96.07379273203536,0.0,118.15068493150685,-1.0430429038314455
7633,39.034,100.35422371290072,0.0,99.31118080906927,0.0,119.17808219178082,-1.0430429038314455
7634,39.034,102.8865445809957,0.0,101.84350167716426,0.0,120.20547945205479,-1.0430429038314453
7635,39.034,115.41120863073375,0.0,114.3681657269023,0.0,121.23287671232876,-1.0430429038314455
7636,39.034,110.4860948100173,0.0,109.44305190618586,0.0,122.26027397260275,-1.0430429038314457
7637,39.034,110.02158177791199,0.0,108.97853887408054,0.0,123.28767123287673,-1.043042903831446
7638,39.959,115.5734989983281,0.0,114.53045609449666,0.0,124.3150684931507,-1.0430429038314457
7639,42.662,118.84967087373394,0.0,117.8066279699025,0.0,125.34246575342468,-1.0430429038314457
7640,46.393,119.30776700209012,0.0,118.26472409825867,0.0,126.36986301369865,-1.0430429038314457
7641,41.1,112.86058498736482,2.8583074459942246,114.6758495295276,0.0,127.39726027397262,-1.0430429038314457
7642,42.441,146.53534556708513,5.252183600387843,150.74448626364153,0.0,128.4246575342466,-1.043042903831446
7643,42.662,130.5114734512122,6.728256786732466,136.19668733411322,0.0,129.45205479452056,-1.0430429038314457
7644,44.22,127.38739988453445,6.279296913470378,132.6236538941734,0.0,130.47945205479454,-1.043042903831446
7645,46.304,117.3547747789847,6.913505506966046,123.2252373821193,0.0,131.5068493150685,-1.0430429038314457
7646,46.557,89.05061520728884,2.547397940385429,90.55497024384282,0.0,132.53424657534248,-1.043042903831446
7647,42.824,83.30618181048223,0.473976027891066,82.73711493454185,0.0,133.56164383561645,-1.0430429038314457
7648,42.134,92.57119503259493,0.0,91.52815212876348,0.0,134.58904109589042,-1.043042903831446
7649,42.134,101.30855372700013,0.0,100.26551082316868,0.0,135.6164383561644,-1.043042903831446
7650,42.134,115.08492527704402,0.0,114.04188237321257,0.0,136.64383561643837,-1.043042903831446
7651,41.1,125.2354929353705,0.0,124.19245003153905,0.0,137.67123287671234,-1.0430429038314457
7652,41.1,135.65062092507387,0.0,134.60757802124243,0.0,138.6986301369863,-1.043042903831446
7653,40.067,143.3645885467035,0.0,142.32154564287205,0.0,139.72602739726028,-1.0430429038314457
7654,40.067,160.457757077907,0.0,159.41471417407556,0.0,140.75342465753425,-1.0430429038314455
7655,39.034,150.55471702224477,0.0,149.51167411841334,0.0,141.78082191780823,-1.0430429038314457
7656,63.065,132.97642429356986,0.0,131.93338138973843,0.0,142.8082191780822,-1.0430429038314455
7657,63.065,105.10395587127158,0.0,104.06091296744013,0.0,143.83561643835617,-1.0430429038314455
7658,63.065,89.5111050647733,0.0,88.46806216094186,0.0,144.86301369863014,-1.0430429038314457
7659,63.065,80.72858324341183,0.0,79.68554033958038,0.0,145.8904109589041,-1.043042903831445
7660,63.428,63.06473827689359,0.0,62.021695373062144,0.0,146.91780821917808,-1.0430429038314455
7661,81.214,44.101638728770624,0.0,43.058595824939175,0.0,147.94520547945206,-1.043042903831445
7662,94.138,27.620503603338168,0.0,26.577460699506723,0.0,148.97260273972603,-1.043042903831445
7663,106.747,15.645337447740232,0.0,64.89533744774023,0.0,150.0,49.25
7664,92.032,8.343198262145005,0.0,1.9980205971703855,0.0,100.0,-6.34517766497462
7665,76.04,5.1728700896855155,1.6339865842859982,0.46167900899689407,0.0,106.25,-6.34517766497462
7666,69.28,2.2269824080752203,6.80416410576575,2.6859688488663522,0.0,112.5,-6.345177664974617
7667,62.556,0.212398339174927,12.825064619611288,6.692285293811594,0.0,118.75,-6.345177664974621
7668,62.556,3.3004354399981493,25.986728068828846,22.94198584385238,0.0,125.0,-6.345177664974617
7669,70.409,8.031480072431762,49.77619206809534,51.46249447555248,0.0,131.25,-6.345177664974621
7670,78.483,9.892896123457547,48.80008362247644,52.347802080959376,0.0,137.5,-6.345177664974614
7671,92.032,6.244280448006276,1.3920237025960098,1.2911264856276725,0.0,143.75,-6.345177664974614
7672,119.211,6.125427820853552,0.0,40.600427820853604,0.0,150.0,34.47500000000005
7673,122.222,7.951750340533,0.0,57.201750340532996,0.0,114.99999999999997,49.25
7674,120.295,10.764383416608721,0.0,60.01438341660872,0.0,64.99999999999997,49.25
7675,106.705,13.927137512479772,0.0,13.927137512479772,0.0,14.999999999999972,0.0
7676,99.168,18.141422830455483,0.0,18.141422830455483,0.0,14.999999999999972,0.0
7677,91.549,23.382635462787217,0.0,18.306493330807523,0.0,14.999999999999972,-5.076142131979695
7678,84.461,13.481735557672334,0.0,8.40559342569264,0.0,19.999999999999968,-5.076142131979695
7679,84.167,14.98547643994712,0.0,9.909334307967427,0.0,24.999999999999964,-5.076142131979695
7680,72.865,17.650159218776025,0.0,12.574017086796331,0.0,29.99999999999997,-5.076142131979695
7681,72.865,21.246371231439202,0.0,16.170229099459505,0.0,34.99999999999997,-5.0761421319796955
7682,72.865,21.951927571729556,0.0,16.875785439749862,0.0,39.99999999999997,-5.0761421319796955
7683,72.865,26.653731587733205,0.0,21.57758945575351,0.0,44.99999999999997,-5.076142131979694
7684,72.865,28.583705052182133,0.0,23.50756292020244,0.0,49.99999999999998,-5.076142131979694
7685,72.865,31.711364543008123,0.0,26.63522241102843,0.0,54.99999999999997,-5.076142131979694
7686,90.776,34.52964054601735,0.0,29.453498414037654,0.0,59.99999999999997,-5.076142131979694
7687,122.702,35.60847971272926,0.0,84.85847971272926,0.0,64.99999999999997,49.25
7688,94.404,35.70896442525624,0.0,20.480538029317156,0.0,14.999999999999972,-15.228426395939085
7689,71.285,33.09204547300541,4.038677026145305,21.902296103211636,0.0,29.999999999999968,-15.228426395939085
7690,67.174,27.583672393968033,13.402942772493734,25.758188770522683,0.0,44.999999999999986,-15.228426395939085
7691,61.669,26.234557070368894,28.274275723941887,39.280406398371696,0.0,59.999999999999986,-15.228426395939085
7692,61.669,25.097697691510156,35.52394486737154,45.39321616294261,0.0,75.0,-15.228426395939085
7693,67.859,23.91955745746724,19.586803663294404,28.277934724822558,0.0,90.0,-15.228426395939081
7694,71.67,22.669940969787948,25.755265119968424,33.19677969381729,0.0,105.00000000000001,-15.228426395939081
7695,75.314,22.324771872069736,0.6855034561108513,7.781848932241505,0.0,120.0,-15.228426395939081
7696,100.477,27.04244140861616,0.0,11.814015012677078,0.0,135.0,-15.228426395939081
7697,104.721,33.27874227978103,0.0,82.52874227978103,0.0,150.0,49.25
7698,95.296,36.90155260423522,0.0,49.21405260423522,0.0,100.0,12.312500000000002
7699,79.788,35.46447128350113,0.0,47.77697128350113,0.0,87.5,12.312500000000002
7700,73.451,34.99703639511542,0.0,84.24703639511543,0.0,75.0,49.25
7701,72.865,37.19551357859453,0.0,37.19551357859453,0.0,25.0,0.0
7702,72.865,39.56228095425946,0.0,49.41228095425949,0.0,25.0,9.85000000000003
7703,72.865,33.608312340644986,0.0,33.608312340644986,0.0,14.999999999999972,0.0
7704,46.8,31.283514516854197,0.0,31.283514516854197,0.0,14.999999999999972,0.0
7705,46.21,32.22892446093196,0.0,32.22892446093196,0.0,14.999999999999972,0.0
7706,46.21,31.713663896174317,0.0,31.713663896174317,0.0,14.999999999999972,0.0
7707,46.21,35.93971715727363,0.0,35.93971715727363,0.0,14.999999999999972,0.0
7708,46.21,36.24428398621919,0.0,36.24428398621919,0.0,14.999999999999972,0.0
7709,46.21,40.14515843743461,0.0,40.14515843743461,0.0,14.999999999999972,0.0
7710,46.21,50.34452271413141,0.0,43.131057579212886,0.0,14.999999999999972,-7.21346513491852
7711,43.959,57.7856439658077,0.0,50.57217883088918,0.0,22.105263157894715,-7.21346513491852
7712,38.483,70.66406828250682,0.0,63.450603147588296,0.0,29.21052631578946,-7.21346513491852
7713,36.878,72.15297759964179,3.894596651048796,68.83410911577207,0.0,36.31578947368419,-7.213465134918519
7714,36.794,67.14132451785548,6.523219206517503,66.45107858945445,0.0,43.42105263157893,-7.213465134918518
7715,36.794,57.00127791826514,12.184693145279029,61.97250592862565,0.0,50.526315789473685,-7.213465134918518
7716,36.794,47.1045462106285,14.547336713178796,54.43841778888877,0.0,57.631578947368396,-7.213465134918519
7717,37.45,44.57607885663999,38.2815357120674,75.64414943378887,0.0,64.73684210526312,-7.213465134918521
7718,38.483,54.01875193452719,38.238493337461335,85.04378013707,0.0,71.84210526315785,-7.213465134918519
7719,38.483,67.40449270850759,0.7449106528596855,60.935938226448755,0.0,78.94736842105257,-7.21346513491852
7720,38.483,74.74959751983943,0.0,67.5361323849209,0.0,86.05263157894731,-7.21346513491852
7721,38.483,82.66887863383683,0.0,75.4554134989183,0.0,93.15789473684205,-7.213465134918518
7722,39.236,87.91099772913337,0.0,80.69753259421485,0.0,100.2631578947368,-7.213465134918518
7723,39.236,92.78805482757319,0.0,85.57458969265467,0.0,107.36842105263155,-7.213465134918518
7724,39.517,100.6782003551844,0.0,93.46473522026588,0.0,114.4736842105263,-7.213465134918518
7725,44.316,106.26915242734052,0.0,99.055687292422,0.0,121.57894736842104,-7.213465134918515
7726,46.21,79.61007303139017,0.0,72.39660789647166,0.0,128.68421052631578,-7.213465134918515
7727,46.21,60.42462858558589,0.0,53.211163450667385,0.0,135.78947368421052,-7.213465134918508
7728,48.109,26.203118639515385,0.0,18.989653504596877,0.0,142.89473684210526,-7.213465134918508
7729,48.109,16.915810258649024,0.0,16.915810258649024,0.0,150.0,0.0
7730,48.109,18.877869158578463,0.0,18.877869158578463,0.0,150.00000000000003,0.0
7731,48.109,16.48952157726566,0.0,16.48952157726566,0.0,150.0,0.0
7732,48.109,17.271925775317072,0.0,17.271925775317072,0.0,150.0,0.0
7733,48.109,17.603542334397144,0.0,17.603542334397144,0.0,150.0,0.0
7734,48.109,21.057846641923398,0.0,21.057846641923398,0.0,150.0,0.0
7735,48.109,25.92810346697923,0.0,25.92810346697923,0.0,150.0,0.0
7736,44.677,34.64116773859352,0.0,34.64116773859352,0.0,150.0,0.0
7737,41.532,40.107239144994836,12.590532233132928,52.69777137812776,0.0,150.0,0.0
7738,41.532,44.210887240528415,47.97075061583376,92.18163785636217,0.0,150.0,0.0
7739,41.532,62.35337730287909,57.29955080582694,119.65292810870602,0.0,150.0,0.0
7740,41.532,63.971234258402525,42.42954910739749,106.40078336580001,0.0,150.0,0.0
7741,42.74,55.566192451440244,42.985889633504435,98.55208208494469,0.0,150.0,0.0
7742,48.495,41.0683752439799,58.936016190113975,100.00439143409388,0.0,150.0,0.0
7743,48.359,35.47283946317566,1.827478930658949,37.30031839383461,0.0,150.0,0.0
7744,67.861,34.12836177069321,0.0,68.60336177069325,0.0,150.0,34.47500000000005
7745,69.965,29.586736293897037,0.0,78.83673629389703,0.0,114.99999999999997,49.25
7746,69.437,28.346158203562805,0.0,77.59615820356281,0.0,64.99999999999997,49.25
7747,59.516,34.85245409992511,0.0,34.85245409992511,0.0,14.999999999999972,0.0
7748,59.173,41.63713287151323,0.0,41.63713287151323,0.0,14.999999999999972,0.0
7749,48.953,42.07118272694115,0.0,42.07118272694115,0.0,14.999999999999972,0.0
7750,48.772,36.32161239108556,0.0,36.32161239108556,0.0,14.999999999999972,0.0
7751,48.445,38.22018343103612,0.0,38.22018343103612,0.0,14.999999999999972,0.0
7752,37.14,38.87204480613985,0.0,38.87204480613985,0.0,14.999999999999972,0.0
7753,37.14,38.73041118842678,0.0,38.73041118842678,0.0,14.999999999999972,0.0
7754,37.14,42.5885047934184,0.0,42.5885047934184,0.0,14.999999999999972,0.0
7755,37.14,46.6572068941901,0.0,46.6572068941901,0.0,14.999999999999972,0.0
7756,37.14,46.74861542318911,0.0,46.74861542318911,0.0,14.999999999999972,0.0
7757,37.14,52.48161083302499,0.0,52.48161083302499,0.0,14.999999999999972,0.0
7758,37.14,59.26858117915295,0.0,59.26858117915295,0.0,14.999999999999972,0.0
7759,65.332,65.24097744987209,0.0,65.24097744987209,0.0,14.999999999999972,0.0
7760,44.482,73.14323981053757,0.0,71.92496569886244,0.0,14.999999999999972,-1.2182741116751277
7761,40.059,85.9413241248256,7.213564284985565,91.93661429813604,0.0,16.19999999999997,-1.2182741116751277
7762,36.183,107.93029594369571,26.493271348113232,133.20529318013382,0.0,17.39999999999997,-1.2182741116751277
7763,35.331,102.01676362966943,64.27246469009839,165.07095420809267,0.0,18.599999999999966,-1.218274111675128
7764,35.331,125.8229726741279,72.3646096835771,196.96930824602987,0.0,19.79999999999996,-1.218274111675128
7765,35.331,133.94378980743332,58.52244930045756,191.24796499621576,0.0,20.999999999999957,-1.218274111675128
7766,40.86,135.4926544721433,51.05884017667815,185.33322053714633,0.0,22.19999999999996,-1.218274111675128
7767,40.883,150.64890252434049,0.739097521633667,150.169725934299,0.0,23.399999999999963,-1.2182741116751277
7768,37.785,149.81326590844108,0.0,148.59499179676595,0.0,24.599999999999966,-1.218274111675128
7769,39.584,153.05514160449215,0.0,151.83686749281702,0.0,25.79999999999996,-1.218274111675128
7770,37.038,162.38285365350725,0.0,161.16457954183213,0.0,26.999999999999957,-1.218274111675128
7771,36.623,165.23783244870498,0.0,164.01955833702985,0.0,28.19999999999996,-1.218274111675128
7772,36.623,180.104065500314,0.0,178.88579138863886,0.0,29.399999999999963,-1.218274111675128
7773,36.623,178.6653908731654,0.0,177.44711676149026,0.0,30.59999999999996,-1.2182741116751281
7774,36.623,195.9139069806398,0.0,194.69563286896468,0.0,31.799999999999955,-1.2182741116751283
7775,36.623,183.52347436475816,0.0,182.30520025308303,0.0,32.99999999999994,-1.2182741116751286
7776,35.637,166.6261347483332,0.0,165.40786063665806,0.0,34.19999999999995,-1.2182741116751286
7777,35.637,151.29581261956784,0.0,150.0775385078927,0.0,35.399999999999956,-1.2182741116751283
7778,35.637,140.69459239311396,0.0,139.47631828143884,0.0,36.599999999999966,-1.2182741116751283
7779,35.637,142.69256363622614,0.0,141.474289524551,0.0,37.79999999999996,-1.2182741116751281
7780,35.637,141.22901742559608,0.0,140.01074331392095,0.0,38.99999999999997,-1.2182741116751281
7781,35.637,145.8563493245823,0.0,144.63807521290718,0.0,40.199999999999974,-1.2182741116751283
7782,36.491,141.80768458919755,0.0,140.58941047752242,0.0,41.39999999999998,-1.2182741116751286
7783,47.95,136.79459594039298,0.0,135.57632182871785,0.0,42.59999999999997,-1.2182741116751286
7784,40.86,140.555226203501,0.0,139.33695209182588,0.0,43.79999999999997,-1.218274111675129
7785,35.567,135.50604174416537,0.633649112867281,134.92141674535753,0.0,44.99999999999997,-1.2182741116751292
7786,35.397,115.92838411208396,1.8524530076246524,116.56256300803348,0.0,46.19999999999997,-1.2182741116751288
7787,34.632,120.02247769419945,4.456969513975776,123.2611730965001,0.0,47.39999999999996,-1.2182741116751292
7788,34.887,126.03861285850037,8.380521462267733,133.20086020909298,0.0,48.599999999999966,-1.2182741116751292
7789,35.039,105.4045324597624,24.470784078121365,128.65704242620862,0.0,49.79999999999997,-1.2182741116751292
7790,35.332,112.57940498174455,29.108727043277476,140.46985791334689,0.0,50.99999999999997,-1.2182741116751297
7791,38.716,112.30463445112795,0.08464924929143101,111.17100958874425,0.0,52.19999999999997,-1.2182741116751297
7792,47.888,122.97792045881725,0.0,121.75964634714212,0.0,53.39999999999997,-1.2182741116751301
7793,40.883,137.70334315483638,0.0,136.48506904316125,0.0,54.59999999999998,-1.2182741116751301
7794,38.237,150.2014457488636,0.0,148.98317163718846,0.0,55.79999999999998,-1.2182741116751292
7795,38.056,162.82000111850195,0.0,161.60172700682682,0.0,56.999999999999986,-1.2182741116751292
7796,36.76,173.54338673080954,0.0,172.32511261913442,0.0,58.19999999999999,-1.2182741116751297
7797,36.623,168.30205678990555,0.0,167.08378267823042,0.0,59.39999999999998,-1.2182741116751297
7798,36.491,140.93437759473036,0.0,139.71610348305524,0.0,60.59999999999998,-1.2182741116751306
7799,35.701,135.1712061344782,0.0,133.95293202280308,0.0,61.799999999999976,-1.2182741116751297
7800,36.623,123.35246710029787,0.0,122.13419298862274,0.0,62.99999999999997,-1.2182741116751297
7801,36.623,122.08398682658198,0.0,120.86571271490685,0.0,64.19999999999997,-1.2182741116751297
7802,36.623,118.99709585142656,0.0,117.77882173975144,0.0,65.39999999999998,-1.2182741116751288
7803,36.623,111.42174374231588,0.0,110.20346963064075,0.0,66.59999999999998,-1.2182741116751288
7804,36.623,108.53523529521361,0.0,107.31696118353848,0.0,67.79999999999998,-1.2182741116751288
7805,36.623,107.27794723899949,0.0,106.05967312732436,0.0,68.99999999999999,-1.2182741116751306
7806,37.029,102.87372153292263,0.0,101.6554474212475,0.0,70.19999999999999,-1.2182741116751288
7807,42.776,85.85971447024431,0.0,84.64144035856918,0.0,71.39999999999999,-1.2182741116751288
7808,46.401,70.19808571192247,0.0,68.97981160024734,0.0,72.6,-1.2182741116751288
7809,39.317,58.26989883760599,2.4028078675507394,59.454432593481606,0.0,73.8,-1.2182741116751288
7810,38.93,40.46395858179727,10.815305093056333,49.89486127522278,0.0,75.0,-1.3844023996308223
7811,37.661,43.88179809105391,7.862474731215848,50.359870422638934,0.0,76.36363636363636,-1.3844023996308223
7812,37.551,43.46005230549387,13.303048021817308,55.378697927680356,0.0,77.72727272727272,-1.3844023996308223
7813,37.661,43.777486693317805,7.760592435480033,50.15367672916702,0.0,79.09090909090908,-1.3844023996308223
7814,40.56,50.250533860473546,9.226550366090343,58.09268182693307,0.0,80.45454545454544,-1.3844023996308223
7815,43.782,49.421263091826034,0.0,48.03686069219521,0.0,81.8181818181818,-1.3844023996308223
7816,40.883,64.55624063206275,0.0,63.17183823243193,0.0,83.18181818181816,-1.3844023996308223
7817,39.846,79.17772265902437,0.0,77.79332025939354,0.0,84.54545454545452,-1.3844023996308223
7818,38.334,77.62931689210464,0.0,76.24491449247381,0.0,85.90909090909088,-1.3844023996308223
7819,37.607,78.59009880752177,0.0,77.20569640789094,0.0,87.27272727272725,-1.3844023996308241
7820,37.551,80.31111098393106,0.0,78.92670858430023,0.0,88.63636363636363,-1.384402399630825
7821,38.129,73.892360394275,0.0,72.50795799464417,0.0,90.0,-1.3844023996308241
7822,38.572,53.088273980037584,0.0,51.70387158040676,0.0,91.36363636363636,-1.3844023996308241
7823,40.56,63.682807763836635,0.0,62.29840536420581,0.0,92.72727272727272,-1.3844023996308241
7824,34.43,67.67410782854121,0.0,66.28970542891038,0.0,94.09090909090908,-1.3844023996308241
7825,34.556,73.72723100763147,0.0,72.34282860800064,0.0,95.45454545454544,-1.3844023996308241
7826,34.556,75.12668312554091,0.0,73.74228072591008,0.0,96.8181818181818,-1.3844023996308232
7827,34.556,77.1291961323637,0.0,75.74479373273287,0.0,98.18181818181816,-1.3844023996308232
7828,34.556,62.96386279474575,0.0,61.57946039511493,0.0,99.54545454545452,-1.3844023996308241
7829,34.556,51.08140535822497,0.0,49.69700295859415,0.0,100.90909090909088,-1.3844023996308237
7830,35.046,55.59270749045945,0.0,54.20830509082863,0.0,102.27272727272724,-1.3844023996308237
7831,45.026,152.55878149400834,0.0,151.1743790943775,0.0,103.6363636363636,-1.3844023996308241
7832,43.184,186.55522778731654,0.0,185.1708253876857,0.0,104.99999999999996,-1.3844023996308237
7833,35.046,156.7923476723107,2.7767066586888185,158.1846519313687,0.0,106.36363636363632,-1.3844023996308246
7834,34.527,115.38504371973488,29.678559987001456,143.6792013071055,0.0,107.72727272727268,-1.3844023996308237
7835,34.1,84.68518493472234,35.52866869583554,118.82945123092705,0.0,109.09090909090904,-1.3844023996308237
7836,34.1,74.91610401745307,35.291979329727575,108.8236809475498,0.0,110.45454545454538,-1.3844023996308241
7837,34.352,98.12458458329188,33.23186444750444,129.97204663116548,0.0,111.81818181818176,-1.3844023996308246
7838,34.991,122.45074209729945,35.988707236164444,157.05504693383307,0.0,113.18181818181813,-1.384402399630825
7839,36.469,118.09838801633029,0.031168972566689743,116.74515458926615,0.0,114.54545454545449,-1.3844023996308255
7840,48.83,134.18672823122665,0.0,132.80232583159582,0.0,115.90909090909085,-1.384402399630825
7841,47.011,147.24267228413632,0.0,145.8582698845055,0.0,117.2727272727272,-1.384402399630825
7842,37.78,157.18020631612342,0.0,155.7958039164926,0.0,118.63636363636357,-1.384402399630825
7843,36.764,170.0258391185303,0.0,168.64143671889948,0.0,119.99999999999991,-1.3844023996308246
7844,36.231,193.76155455977147,0.0,192.37715216014064,0.0,121.36363636363627,-1.3844023996308246
7845,34.43,207.8242790063796,0.0,206.43987660674878,0.0,122.72727272727263,-1.384402399630825
7846,34.086,216.4946119585791,0.0,215.11020955894827,0.0,124.09090909090901,-1.3844023996308255
7847,34.086,227.51458769303997,0.0,226.13018529340914,0.0,125.45454545454538,-1.384402399630826
7848,36.328,236.43162327397818,0.0,235.04722087434735,0.0,126.81818181818176,-1.3844023996308261
7849,36.328,235.60305777166755,0.0,234.21865537203672,0.0,128.18181818181813,-1.3844023996308263
7850,36.328,247.11283339483234,0.0,245.7284309952015,0.0,129.5454545454545,-1.3844023996308266
7851,36.328,253.9730899409626,0.0,252.58868754133178,0.0,130.90909090909088,-1.384402399630827
7852,36.328,263.8390350883833,0.0,262.4546326887525,0.0,132.27272727272725,-1.3844023996308268
7853,36.328,272.6940198587299,0.0,271.3096174590991,0.0,133.6363636363636,-1.3844023996308263
7854,35.561,270.38615931433964,0.0,269.00175691470884,0.0,134.99999999999994,-1.3844023996308266
7855,45.704,253.6880710593104,0.0,252.30366865967957,0.0,136.36363636363632,-1.3844023996308263
7856,38.397,248.79300414585896,0.0,247.40860174622813,0.0,137.7272727272727,-1.3844023996308266
7857,34.675,241.1628280490249,1.4969380020723093,241.2753636514664,0.0,139.09090909090907,-1.3844023996308272
7858,34.569,214.70268840274622,4.221060124005493,217.5393461271209,0.0,140.45454545454544,-1.384402399630827
7859,34.513,242.3820863087725,5.750408007250023,246.7480919163917,0.0,141.8181818181818,-1.384402399630827
7860,34.513,271.8745283645426,1.7134174555330426,272.2035434204448,0.0,143.18181818181816,-1.384402399630827
7861,35.23,183.72631719942044,0.38870611842791175,182.7306209182175,0.0,144.54545454545453,-1.384402399630827
7862,36.764,108.31898929526466,0.0,106.93458689563383,0.0,145.9090909090909,-1.3844023996308272
7863,39.089,55.922339161322924,0.0,54.537936761692094,0.0,147.27272727272725,-1.384402399630827
7864,52.434,35.33308007639768,0.0,33.94867767676685,0.0,148.63636363636363,-1.384402399630827
7865,54.81,32.93008141254215,0.0,82.18008141254215,0.0,150.0,49.25
7866,54.81,34.01584721349183,0.0,83.26584721349184,0.0,100.0,49.25
7867,52.901,34.95234109798609,0.0,69.42734109798613,0.0,50.0,34.47500000000004
7868,49.831,30.318521330529205,0.0,0.0,0.0,14.999999999999972,-30.318521330529194
7869,52.136,24.122936727673384,0.0,53.53872408558607,0.0,44.863743510571226,29.415787357912688
7870,50.838,16.026876712853756,0.0,16.026876712853756,0.0,14.999999999999972,0.0
7871,50.103,17.222278830514565,0.0,14.09125383621113,0.0,14.999999999999972,-3.1310249943034343
7872,43.087,19.964594808744828,0.0,16.833569814441393,0.0,18.084059619388853,-3.1310249943034343
7873,41.89,23.862283621030386,0.0,20.73125862672695,0.0,21.168119238777734,-3.1310249943034343
7874,42.142,19.455683402433603,0.0,16.32465840813017,0.0,24.252178858166616,-3.1310249943034343
7875,42.142,19.452904901746155,0.0,16.32187990744272,0.0,27.336238477555497,-3.1310249943034343
7876,42.263,21.4114512572258,0.0,18.280426262922365,0.0,30.42029809694438,-3.1310249943034343
7877,42.142,25.685186947779926,0.0,22.55416195347649,0.0,33.50435771633326,-3.1310249943034343
7878,44.199,29.700113019880913,0.0,26.56908802557748,0.0,36.58841733572214,-3.1310249943034343
7879,56.709,30.56852403212885,0.0,27.437499037825415,0.0,39.67247695511102,-3.1310249943034334
7880,43.737,25.80059946121464,0.0,22.669574466911207,0.0,42.75653657449991,-3.1310249943034334
7881,39.688,19.068229924468252,6.654335818108503,22.59154074827332,0.0,45.84059619388879,-3.1310249943034343
7882,38.221,11.15783406063845,26.142630276903635,34.16943934323865,0.0,48.924655813277674,-3.1310249943034343
7883,38.221,10.506989371553567,28.876475897891268,36.2524402751414,0.0,52.008715432666556,-3.1310249943034325
7884,38.306,11.913926827776816,57.101804160918135,65.88470599439152,0.0,55.092775052055444,-3.1310249943034343
7885,39.149,6.461844417527024,56.857525648669814,60.18834507189341,0.0,58.176834671444325,-3.1310249943034307
7886,44.574,0.0,56.00311316431782,52.872088170014386,0.0,61.26089429083321,-3.1310249943034307
7887,48.035,0.0,0.665021410942018,0.0,0.0,64.34495391022209,-0.6650214109420176
7888,51.829,4.4108970385313775,0.0,53.660897038531374,0.0,64.99999999999997,49.25
7889,48.751,10.611984347139142,0.0,10.611984347139142,0.0,14.999999999999972,0.0
7890,45.846,17.103984868682378,0.0,17.103984868682378,0.0,14.999999999999972,0.0
7891,42.573,19.11767346146788,0.0,19.11767346146788,0.0,14.999999999999972,0.0
7892,42.541,24.071590077996294,0.0,24.071590077996294,0.0,14.999999999999972,0.0
7893,41.483,25.831617106080614,0.0,25.831617106080614,0.0,14.999999999999972,0.0
7894,41.483,26.15242456782913,0.0,26.15242456782913,0.0,14.999999999999972,0.0
7895,41.483,36.516025040096316,0.0,34.07947681674606,0.0,14.999999999999972,-2.436548223350256
7896,33.697,62.37680950139317,0.0,59.94026127804291,0.0,17.399999999999974,-2.436548223350256
7897,33.406,88.8728201435132,0.0,86.43627192016294,0.0,19.79999999999997,-2.4365482233502562
7898,33.297,109.67511893882066,0.0,107.2385707154704,0.0,22.199999999999974,-2.4365482233502562
7899,33.091,129.80274605449543,0.0,127.36619783114517,0.0,24.599999999999973,-2.4365482233502567
7900,32.791,165.28237455526943,0.0,162.84582633191917,0.0,26.99999999999997,-2.4365482233502567
7901,32.791,204.90140713954787,0.0,202.4648589161976,0.0,29.39999999999997,-2.4365482233502567
7902,32.791,241.18405497769632,0.0,238.74750675434606,0.0,31.79999999999997,-2.436548223350257
7903,32.791,280.1389357590184,0.0,277.70238753566815,0.0,34.19999999999998,-2.436548223350257
7904,31.459,311.7180433452068,0.0,300.0,9.281495121856551,36.59999999999998,-2.4365482233502567
7905,30.392,321.3342886297816,0.0,300.0,18.897740406431353,38.99999999999998,-2.4365482233502567
7906,30.392,301.1410618222006,0.0,298.7045135988503,0.0,41.399999999999984,-2.4365482233502567
7907,30.661,243.9733935704861,0.0,241.53684534713585,0.0,43.79999999999998,-2.4365482233502562
7908,31.819,208.63174874991745,0.0,206.1952005265672,0.0,46.19999999999999,-2.4365482233502562
7909,31.874,142.51448706472587,0.33329808652169796,140.4112369278973,0.0,48.59999999999999,-2.436548223350255
7910,32.791,115.11092458347498,0.010721211316308522,112.68509757144103,0.0,50.999999999999986,-2.436548223350255
7911,33.146,140.05009265522568,0.0,137.61354443187543,0.0,53.399999999999984,-2.436548223350255
7912,33.564,186.99970554065936,0.0,184.5631573173091,0.0,55.79999999999998,-2.436548223350255
7913,34.645,255.59804937115018,0.0,253.16150114779992,0.0,58.19999999999999,-2.436548223350254
7914,36.868,303.36376260574457,0.0,300.0,0.9272143823943146,60.599999999999994,-2.436548223350254
7915,34.959,262.49728647568446,0.0,260.0607382523342,0.0,63.0,-2.436548223350254
7916,34.55,190.39701330251717,0.0,187.9604650791669,0.0,65.4,-2.4365482233502505
7917,34.55,232.93157252508158,0.0,230.49502430173132,0.0,67.80000000000001,-2.4365482233502505
7918,33.817,333.9529939807418,0.0,300.0,31.51644575739153,70.2,-2.4365482233502505
7919,32.791,339.21293625778355,0.0,300.0,36.7763880344333,72.6,-2.4365482233502505
7920,39.362,340.1005775727996,0.0,300.0,37.13053140031002,75.0,-2.9700461724895604
7921,39.362,339.2551728297365,0.0,300.0,36.28512665724696,77.92549547990222,-2.9700461724895604
7922,39.362,336.91045001417444,0.0,300.0,33.94040384168488,80.85099095980443,-2.9700461724895604
7923,39.362,321.00280597202305,0.0,300.0,18.032759799533498,83.77648643970664,-2.970046172489557
7924,39.362,263.7799975120007,0.0,260.80995133951114,0.0,86.70198191960885,-2.970046172489557
7925,39.362,179.23020345978853,0.0,176.26015728729897,0.0,89.62747739951108,-2.9700461724895586
7926,38.806,123.66448649032739,0.0,120.69444031783783,0.0,92.55297287941329,-2.970046172489557
7927,43.345,90.63852973485659,0.0,87.66848356236703,0.0,95.4784683593155,-2.970046172489557
7928,45.075,58.53649733049886,0.0,55.5664511580093,0.0,98.40396383921771,-2.970046172489557
7929,39.621,36.25484400869812,1.9185038233102258,35.203301659518786,0.0,101.32945931911993,-2.970046172489557
7930,40.696,11.212468942604335,14.814012947794867,23.056435717909647,0.0,104.25495479902214,-2.9700461724895577
7931,40.86,5.847383802971583,32.279903654431955,35.15724128491399,0.0,107.18045027892435,-2.970046172489555
7932,40.135,3.9859450328078467,26.556506178000483,27.572405038318777,0.0,110.10594575882655,-2.970046172489554
7933,42.226,3.5910846468696302,19.257765742174428,19.878804216554506,0.0,113.03144123872875,-2.9700461724895533
7934,44.875,7.741946586299146,20.39610919334893,25.168009607158524,0.0,115.95693671863094,-2.9700461724895533
7935,47.95,10.11860465919612,0.0,7.148558486706566,0.0,118.88243219853315,-2.9700461724895533
7936,57.245,2.874484849797253,0.0,0.0,0.0,121.80792767843536,-2.8744848497972484
7937,58.355,1.7333863897754846,0.0,0.0,0.0,124.63929525548565,-1.7333863897754824
7938,57.245,9.606612687700972,0.0,7.8732262979254894,0.0,126.3466808494145,-1.7333863897754824
7939,57.245,8.415566070502482,0.0,6.682179680727,0.0,128.05406644334334,-1.7333863897754824
7940,47.572,3.931706294547925,0.0,2.1983199047724424,0.0,129.7614520372722,-1.7333863897754824
7941,45.332,4.982498948577388,0.0,3.2491125588019054,0.0,131.46883763120104,-1.7333863897754824
7942,41.96,8.812284157607944,0.0,7.078897767832462,0.0,133.1762232251299,-1.7333863897754824
7943,40.457,8.667110684944248,0.0,6.933724295168766,0.0,134.88360881905874,-1.7333863897754824
7944,54.864,6.8477809547669,0.0,5.114394564991418,0.0,136.59099441298758,-1.7333863897754824
7945,54.864,6.311159473746606,0.0,4.577773083971124,0.0,138.29838000691643,-1.7333863897754824
7946,54.864,6.670204113817995,0.0,4.936817724042513,0.0,140.00576560084528,-1.7333863897754824
7947,54.864,5.757932090510965,0.0,4.024545700735483,0.0,141.71315119477413,-1.7333863897754824
7948,54.864,7.670449539738955,0.0,5.937063149963473,0.0,143.42053678870298,-1.7333863897754824
7949,54.864,7.842800453614342,0.0,6.10941406383886,0.0,145.12792238263182,-1.7333863897754824
7950,54.604,5.340817269677604,0.0,3.6074308799021217,0.0,146.83530797656067,-1.7333863897754824
7951,78.429,1.479498913208623,0.0,0.0,0.0,148.54269357048952,-1.479498913208623
7952,62.172,0.0,0.0,0.0,0.0,150.0,0.0
7953,54.163,0.0,1.8906785300506699,1.8906785300506699,0.0,150.0,0.0
7954,54.412,0.0,5.896379926862537,5.896379926862537,0.0,150.0,0.0
7955,54.449,0.0,14.910695235409985,14.910695235409985,0.0,150.0,0.0
7956,56.425,0.0,35.349462012135355,35.349462012135355,0.0,150.00000000000003,0.0
7957,77.027,0.0,41.703765134988366,41.703765134988366,0.0,150.00000000000003,0.0
7958,79.294,0.0,39.86171796612308,39.86171796612308,0.0,150.0,0.0
7959,79.789,0.0,0.02098360732121157,0.02098360732121157,0.0,150.0,0.0
7960,79.789,0.0,0.0,0.0,0.0,150.0,0.0
7961,79.789,0.0,0.0,0.0,0.0,150.0,0.0
7962,79.789,1.4022095256199807,0.0,1.4022095256199807,0.0,150.0,0.0
7963,79.412,4.700428471420798,0.0,4.700428471420798,0.0,150.0,0.0
7964,76.816,5.722200365735576,0.0,5.722200365735576,0.0,150.0,0.0
7965,75.438,5.575112653445772,0.0,5.575112653445772,0.0,150.0,0.0
7966,62.549,3.8651595574464306,0.0,3.8651595574464306,0.0,150.0,0.0
7967,54.864,10.66321495375158,0.0,10.66321495375158,0.0,150.0,0.0
7968,62.549,16.759684521765855,0.0,16.759684521765855,0.0,150.0,0.0
7969,62.549,17.242855519320504,0.0,17.242855519320504,0.0,150.0,0.0
7970,62.549,14.91548153278116,0.0,14.91548153278116,0.0,150.0,0.0
7971,62.549,14.8629906274676,0.0,14.8629906274676,0.0,150.0,0.0
7972,62.549,16.13092542577274,0.0,16.13092542577274,0.0,150.0,0.0
7973,62.549,14.979365342045732,0.0,14.979365342045732,0.0,150.0,0.0
7974,77.749,10.753693529467451,0.0,10.753693529467451,0.0,150.0,0.0
7975,106.526,6.707928806716117,0.0,55.95792880671612,0.0,150.0,49.25
7976,92.453,5.890489896627827,0.0,55.14048989662783,0.0,100.0,49.25
7977,89.017,9.206542632166144,1.6435916330125238,15.15950926517867,0.0,50.0,4.309375000000004
7978,77.749,17.80190842402505,5.030816892766222,27.142100316791275,0.0,45.625,4.309375000000003
7979,79.034,18.650581874933835,22.690860924419137,45.65081779935298,0.0,41.24999999999999,4.309375000000003
7980,77.434,19.70978626716991,35.569495190935726,59.58865645810564,0.0,36.874999999999986,4.309375000000003
7981,79.362,16.546267337287645,13.357176246884242,34.21281858417189,0.0,32.499999999999986,4.309375000000004
7982,79.249,17.336808173677703,34.71532243058391,56.361505604261616,0.0,28.124999999999982,4.309375000000004
7983,77.438,19.019669778040644,0.0,23.329044778040647,0.0,23.74999999999998,4.309375000000005
7984,80.77,20.578478568701154,0.0,24.887853568701157,0.0,19.374999999999975,4.309375000000003
7985,82.529,22.07151190161423,0.0,22.07151190161423,0.0,14.999999999999972,0.0
7986,77.952,25.803438929224054,0.0,21.38228287879012,0.0,14.999999999999972,-4.421156050433931
7987,64.551,31.5295949188587,0.0,27.10843886842477,0.0,19.35483870967739,-4.421156050433931
7988,62.549,37.55027968813457,0.0,33.129123637700644,0.0,23.70967741935482,-4.421156050433931
7989,62.549,42.00278414042871,0.0,37.58162808999478,0.0,28.064516129032256,-4.421156050433931
7990,62.549,44.728309599540346,0.0,40.30715354910642,0.0,32.41935483870968,-4.421156050433931
7991,62.549,40.101446018498585,0.0,35.680289968064656,0.0,36.77419354838709,-4.421156050433931
7992,51.653,46.788497741642544,0.0,42.367341691208615,0.0,41.12903225806451,-4.421156050433931
7993,51.653,54.59846284933512,0.0,50.17730679890119,0.0,45.483870967741936,-4.42115605043393
7994,51.653,61.52576070759821,0.0,57.10460465716428,0.0,49.838709677419345,-4.421156050433931
7995,51.653,65.02825135343036,0.0,60.607095302996434,0.0,54.19354838709677,-4.421156050433931
7996,51.653,63.114145973254466,0.0,58.69298992282054,0.0,58.54838709677419,-4.421156050433931
7997,51.653,62.23146796151527,0.0,57.81031191108134,0.0,62.903225806451616,-4.421156050433931
7998,47.339,64.4811717795609,0.0,60.06001572912697,0.0,67.25806451612904,-4.421156050433931
7999,67.294,68.75644609976999,0.0,64.33529004933605,0.0,71.61290322580645,-4.421156050433932
8000,56.064,70.03519928875508,0.0,65.61404323832114,0.0,75.96774193548389,-4.421156050433932
8001,51.415,60.6438275543235,3.3448833827454116,59.56755488663499,0.0,80.32258064516131,-4.421156050433931
8002,47.529,84.4199193634419,17.16287390230325,97.16163721531122,0.0,84.67741935483872,-4.421156050433931
8003,46.483,95.88697975029557,43.058799227361284,134.52462292722294,0.0,89.03225806451613,-4.421156050433932
8004,46.483,65.7255030758254,54.58947525064835,115.89382227603981,0.0,93.38709677419354,-4.421156050433932
8005,48.141,73.2548362229546,60.88405923385133,129.717739406372,0.0,97.74193548387095,-4.4211560504339324
8006,51.415,50.64210187257809,55.34768992403358,101.56863574617773,0.0,102.09677419354836,-4.4211560504339324
8007,53.239,48.519027308000105,0.34699868324892735,44.444869940815096,0.0,106.45161290322577,-4.4211560504339324
8008,50.137,50.72191204055632,0.0,46.30075599012238,0.0,110.80645161290317,-4.421156050433934
8009,52.373,50.54628301815528,0.0,46.12512696772134,0.0,115.16129032258058,-4.421156050433934
8010,48.463,48.43439839179809,0.0,44.01324234136416,0.0,119.51612903225802,-4.4211560504339324
8011,48.463,44.17504707578813,0.0,39.75389102535419,0.0,123.87096774193546,-4.4211560504339324
8012,48.463,38.14885047453338,0.0,33.72769442409945,0.0,128.22580645161287,-4.421156050433936
8013,48.463,31.21623524088963,0.0,26.795079190455702,0.0,132.5806451612903,-4.421156050433929
8014,48.463,30.80733721295021,0.0,26.38618116251628,0.0,136.93548387096774,-4.421156050433929
8015,48.463,27.230189922297967,0.0,22.809033871864045,0.0,141.29032258064515,-4.421156050433922
8016,82.44,26.9175745418341,0.0,22.496418491400178,0.0,145.6451612903226,-4.421156050433922
8017,82.44,26.944724559789922,0.0,26.944724559789922,0.0,150.0,0.0
8018,82.44,28.00762185157056,0.0,28.00762185157056,0.0,150.0,0.0
8019,82.44,21.99522196931748,0.0,21.99522196931748,0.0,150.0,0.0
8020,83.425,18.358367050350367,0.0,18.358367050350367,0.0,150.0,0.0
8021,83.425,14.123692921919552,0.0,14.123692921919552,0.0,150.0,0.0
8022,93.497,10.104983284153022,0.0,44.57998328415307,0.0,150.0,34.47500000000005
8023,106.612,7.063767480062488,0.0,56.31376748006249,0.0,114.99999999999997,49.25
8024,96.935,4.273676126205338,0.0,53.52367612620534,0.0,64.99999999999997,49.25
8025,85.73,0.4281638483036138,5.905077646047464,0.0,0.0,14.999999999999972,-6.333241494351071
8026,70.201,0.41819295689550284,39.15320930386533,25.92628623840951,0.0,21.238242871935775,-13.645116022351324
8027,70.201,0.0,63.115097609323634,49.46998158697231,0.0,34.678682153951826,-13.645116022351328
8028,70.201,1.1107587622575188,71.7076249289356,59.173267668841795,0.0,48.119121435967884,-13.645116022351324
8029,75.832,1.9970715466278515,71.65265709176164,60.004612616038166,0.0,61.55956071798394,-13.645116022351324
8030,84.751,1.1512968440075344,54.54365877239088,4.933534296601458,0.0,75.0,-50.76142131979695
8031,98.657,0.8208088475762102,0.08215531161331056,0.0,0.0,125.0,-0.9029641591895157
8032,111.076,0.0,0.0,10.726078401349676,0.0,125.88941969680167,10.726078401349676
8033,120.696,0.0,0.0,49.25,0.0,114.99999999999997,49.25
8034,118.989,0.0,0.0,49.25,0.0,64.99999999999997,49.25
8035,102.288,0.0,0.0,0.0,0.0,14.999999999999972,0.0
8036,93.529,0.0,0.0,0.0,0.0,14.999999999999972,0.0
8037,91.337,0.0,0.0,0.0,0.0,14.999999999999972,0.0
8038,85.007,0.0,0.0,0.0,0.0,14.999999999999972,0.0
8039,83.425,0.0,0.0,0.0,0.0,14.999999999999972,0.0
8040,70.006,0.0,0.0,0.0,0.0,14.999999999999972,0.0
8041,66.986,0.0,0.0,0.0,0.0,14.999999999999972,0.0
8042,64.097,0.0,0.0,0.0,0.0,14.999999999999972,0.0
8043,58.483,0.0,0.0,0.0,0.0,14.999999999999972,0.0
8044,58.483,0.0,0.0,0.0,0.0,14.999999999999972,0.0
8045,58.483,2.74179668474151,0.0,2.74179668474151,0.0,14.999999999999972,0.0
8046,58.483,9.035635588020227,0.0,9.035635588020227,0.0,14.999999999999972,0.0
8047,61.44,10.764974432316844,0.0,10.764974432316844,0.0,14.999999999999972,0.0
8048,58.483,16.091685106762615,0.0,16.091685106762615,0.0,14.999999999999972,0.0
8049,45.13,17.69500754624619,1.3014175447984326,18.996425091044625,0.0,14.999999999999972,0.0
8050,44.02,16.503107437067705,5.60014083912213,22.103248276189834,0.0,14.999999999999972,0.0
8051,44.02,16.916079243900583,21.31700859330781,38.233087837208394,0.0,14.999999999999972,0.0
8052,44.02,23.05719651491304,36.82359885403857,59.88079536895161,0.0,14.999999999999972,0.0
8053,44.097,26.04587940550923,33.13870623510826,59.184585640617485,0.0,14.999999999999972,0.0
8054,46.722,33.07777446115919,29.58603520886389,62.66380967002308,0.0,14.999999999999972,0.0
8055,58.483,39.92160736671061,0.0,39.92160736671061,0.0,14.999999999999972,0.0
8056,70.142,46.824028949989255,0.0,46.824028949989255,0.0,14.999999999999972,0.0
8057,70.764,59.40743401969456,0.0,59.40743401969456,0.0,14.999999999999972,0.0
8058,66.63,75.83976097050757,0.0,75.83976097050757,0.0,14.999999999999972,0.0
8059,58.483,89.06979685343654,0.0,89.06979685343654,0.0,14.999999999999972,0.0
8060,58.483,99.06837469480936,0.0,99.06837469480936,0.0,14.999999999999972,0.0
8061,58.483,109.65025157492971,0.0,109.65025157492971,0.0,14.999999999999972,0.0
8062,58.483,127.05999932760774,0.0,127.05999932760774,0.0,14.999999999999972,0.0
8063,58.483,116.1337705394935,0.0,116.1337705394935,0.0,14.999999999999972,0.0
8064,50.409,106.06275412041173,0.0,106.06275412041173,0.0,14.999999999999972,0.0
8065,50.409,108.02741883583774,0.0,108.02741883583774,0.0,14.999999999999972,0.0
8066,50.409,112.02757280982411,0.0,112.02757280982411,0.0,14.999999999999972,0.0
8067,50.409,100.49758931774731,0.0,100.49758931774731,0.0,14.999999999999972,0.0
8068,50.409,93.14488016561445,0.0,93.14488016561445,0.0,14.999999999999972,0.0
8069,50.409,82.89620408044927,0.0,82.89620408044927,0.0,14.999999999999972,0.0
8070,50.409,70.26120272328139,0.0,70.26120272328139,0.0,14.999999999999972,0.0
8071,50.409,59.175445450060934,0.0,59.175445450060934,0.0,14.999999999999972,0.0
8072,50.343,49.49108784771064,0.0,49.49108784771064,0.0,14.999999999999972,0.0
8073,47.41,37.95370663854545,8.645757652279835,46.59946429082528,0.0,14.999999999999972,0.0
8074,47.485,25.953968840680666,52.68134020576621,78.63530904644688,0.0,14.999999999999972,0.0
8075,47.485,18.730778507397282,74.46555142922965,93.19632993662694,0.0,14.999999999999968,0.0
8076,47.582,13.008139656874473,87.88239247317904,100.89053213005351,0.0,14.99999999999997,0.0
8077,47.865,7.9605043050015425,79.73125562440842,87.69175992940995,0.0,14.999999999999972,0.0
8078,49.675,7.123110006215464,56.51297145455244,63.636081460767905,0.0,14.999999999999972,0.0
8079,50.409,7.455993468337181,0.2469600162248081,7.702953484561989,0.0,14.999999999999972,0.0
8080,70.453,5.830884851937499,0.0,5.830884851937499,0.0,14.999999999999972,0.0
8081,72.693,4.365832691110191,0.0,4.365832691110191,0.0,14.999999999999972,0.0
8082,72.757,2.3013368632776565,0.0,2.3013368632776565,0.0,14.999999999999972,0.0
8083,72.012,0.3576613659299067,0.0,0.3576613659299067,0.0,14.999999999999972,0.0
8084,69.832,0.0,0.0,0.0,0.0,14.999999999999972,0.0
8085,60.686,1.234474000347698,0.0,1.234474000347698,0.0,14.999999999999972,0.0
8086,58.489,5.0876622336976345,0.0,5.0876622336976345,0.0,14.999999999999973,0.0
8087,54.749,8.94437219242424,0.0,8.94437219242424,0.0,14.999999999999973,0.0
8088,58.481,14.861598963377945,0.0,14.861598963377945,0.0,14.999999999999973,0.0
8089,58.481,28.402509320157186,0.0,28.402509320157186,0.0,14.999999999999975,0.0
8090,58.481,44.734998845052175,0.0,44.734998845052175,0.0,14.999999999999975,0.0
8091,58.481,74.21292705630822,0.0,74.21292705630822,0.0,14.999999999999975,0.0
8092,58.481,68.31474405382998,0.0,68.31474405382998,0.0,14.999999999999977,0.0
8093,58.481,66.85678191093263,0.0,66.85678191093263,0.0,14.999999999999977,0.0
8094,59.691,60.11285247197968,0.0,60.11285247197968,0.0,14.999999999999975,0.0
8095,89.295,42.32380344590939,0.0,42.32380344590939,0.0,14.999999999999973,0.0
8096,60.971,23.413793261223315,0.0,23.413793261223315,0.0,14.999999999999972,0.0
8097,55.461,16.45805864678862,2.375917879979659,18.83397652676828,0.0,14.999999999999972,0.0
8098,55.949,7.134908736413353,32.18447359954554,39.31938233595889,0.0,14.999999999999972,0.0
8099,55.13,6.4425290305207055,52.008085943136905,58.45061497365761,0.0,14.999999999999973,0.0
8100,55.13,4.926420837371798,52.02135334878898,56.94777418616078,0.0,14.999999999999973,0.0
8101,55.37,3.391644665585708,56.1074097472306,59.49905441281631,0.0,14.999999999999972,0.0
8102,58.481,2.634149180226891,53.53018228777958,56.16433146800647,0.0,14.999999999999972,0.0
8103,61.015,4.359055412186985,0.0,4.359055412186985,0.0,14.999999999999972,0.0
8104,74.405,8.422297563969595,0.0,8.422297563969595,0.0,14.999999999999972,0.0
8105,76.627,10.872639794027211,0.0,9.132248205919886,0.0,14.999999999999972,-1.7403915881073253
8106,69.622,13.696677651024842,0.0,11.956286062917517,0.0,16.714285714285687,-1.7403915881073255
8107,59.786,18.104377316850538,0.0,16.363985728743213,0.0,18.428571428571402,-1.7403915881073253
8108,59.508,21.683110814461656,0.0,19.94271922635433,0.0,20.142857142857125,-1.7403915881073253
8109,59.034,19.664000413667235,0.0,17.92360882555991,0.0,21.85714285714284,-1.740391588107325
8110,59.034,11.368617217879981,0.0,9.628225629772656,0.0,23.571428571428562,-1.7403915881073249
8111,59.034,12.833312845441165,0.0,11.09292125733384,0.0,25.285714285714278,-1.7403915881073253
8112,46.845,16.33500168255516,0.0,14.594610094447834,0.0,26.999999999999993,-1.7403915881073253
8113,46.845,25.046515773205858,0.0,23.306124185098533,0.0,28.714285714285708,-1.7403915881073253
8114,46.845,42.24057063507518,0.0,40.50017904696785,0.0,30.428571428571416,-1.7403915881073257
8115,46.845,58.219960502551984,0.0,56.479568914444656,0.0,32.14285714285713,-1.7403915881073257
8116,46.845,68.74718322837596,0.0,67.00679164026863,0.0,33.85714285714285,-1.7403915881073253
8117,46.826,79.28794568867553,0.0,77.5475541005682,0.0,35.571428571428555,-1.7403915881073255
8118,46.737,81.32092684217876,0.0,79.58053525407144,0.0,37.28571428571428,-1.7403915881073255
8119,55.689,83.80383427245698,0.0,82.06344268434965,0.0,38.99999999999999,-1.7403915881073255
8120,48.629,88.86072555667278,0.0,87.12033396856545,0.0,40.71428571428571,-1.7403915881073257
8121,46.99,98.33900784108988,0.940308021515354,97.5389242744979,0.0,42.428571428571416,-1.7403915881073262
8122,44.746,110.76172632435285,4.02872478598486,113.05005952223038,0.0,44.142857142857125,-1.7403915881073266
8123,42.781,112.28110968336554,17.637781722252083,128.1784998175103,0.0,45.85714285714285,-1.740391588107327
8124,42.781,113.19950991036436,13.065045086080678,124.5241634083377,0.0,47.571428571428555,-1.7403915881073266
8125,46.25,114.47643864686188,6.936802392011704,119.67284945076625,0.0,49.28571428571427,-1.7403915881073266
8126,47.317,96.33967905252292,18.407057991736544,113.00634545615215,0.0,50.999999999999986,-1.740391588107327
8127,48.495,80.36217541901685,0.0,78.62178383090952,0.0,52.714285714285694,-1.740391588107327
8128,67.774,79.28104767374566,0.0,77.54065608563833,0.0,54.42857142857141,-1.740391588107327
8129,68.201,74.60439970206768,0.0,72.86400811396035,0.0,56.142857142857125,-1.7403915881073262
8130,68.1,71.52109845156352,0.0,69.78070686345619,0.0,57.85714285714283,-1.740391588107327
8131,67.614,65.86873622511146,0.0,64.12834463700413,0.0,59.57142857142854,-1.740391588107327
8132,59.516,60.14524742549384,0.0,58.40485583738651,0.0,61.285714285714256,-1.740391588107327
8133,59.018,55.24222657466144,0.0,53.50183498655411,0.0,62.99999999999998,-1.740391588107327
8134,58.489,65.31647158075235,0.0,63.57607999264502,0.0,64.7142857142857,-1.740391588107327
8135,47.885,60.52848213395723,0.0,58.788090545849904,0.0,66.42857142857142,-1.740391588107327
8136,61.895,54.67667234330571,0.0,52.93628075519838,0.0,68.14285714285712,-1.7403915881073289
8137,61.895,49.70401788980563,0.0,47.9636263016983,0.0,69.85714285714285,-1.7403915881073253
8138,61.895,44.86976019391452,0.0,43.1293686058072,0.0,71.57142857142857,-1.7403915881073218
8139,61.895,39.57777326074904,0.0,37.83738167264172,0.0,73.28571428571428,-1.7403915881073218
8140,61.895,38.61573548162495,0.0,38.61573548162495,0.0,75.0,0.0
8141,61.895,41.335147870665814,0.0,41.335147870665814,0.0,75.0,0.0
8142,68.571,40.031668882338145,0.0,40.031668882338145,0.0,75.0,0.0
8143,89.481,32.18556485922241,0.0,32.18556485922241,0.0,75.0,0.0
8144,68.938,28.772620191279273,0.0,28.772620191279273,0.0,75.0,0.0
8145,60.858,21.977648614680444,8.05476926876065,30.03241788344109,0.0,75.0,0.0
8146,49.79,11.702510475800747,44.003960181510394,55.706470657311144,0.0,75.0,0.0
8147,46.292,8.445278719179742,68.18864181633212,76.63392053551186,0.0,75.0,0.0
8148,46.292,3.9232821304842638,61.862299884003804,65.78558201448807,0.0,75.0,0.0
8149,46.611,2.3427671566265977,37.70795367968141,40.05072083630801,0.0,75.0,0.0
8150,53.77,3.3505818598115975,24.107197058425143,27.45777891823674,0.0,75.0,0.0
8151,67.529,6.1100009194539044,0.0,6.1100009194539044,0.0,75.0,0.0
8152,75.706,13.713166842687663,0.0,13.713166842687663,0.0,75.0,0.0
8153,76.985,24.43243788323884,0.0,24.43243788323884,0.0,75.0,0.0
8154,72.797,35.11876827212316,0.0,35.11876827212316,0.0,75.0,0.0
8155,69.959,39.30616165617124,0.0,39.30616165617124,0.0,75.0,0.0
8156,65.622,36.58253560428494,0.0,36.58253560428494,0.0,75.0,0.0
8157,63.738,34.99126146179043,0.0,34.99126146179043,0.0,75.0,0.0
8158,61.895,27.674414249974348,0.0,27.674414249974348,0.0,75.0,0.0
8159,61.895,33.836241459583235,0.0,33.836241459583235,0.0,75.0,0.0
8160,56.093,38.86362715531125,0.0,38.86362715531125,0.0,75.0,0.0
8161,56.093,59.95332828933576,0.0,59.95332828933576,0.0,75.0,0.0
8162,56.093,79.46919372009145,0.0,79.46919372009145,0.0,75.0,0.0
8163,56.093,87.26977008980138,0.0,87.26977008980138,0.0,75.0,0.0
8164,56.093,73.22007654093751,0.0,73.22007654093751,0.0,75.0,0.0
8165,56.093,58.38251252071987,0.0,58.38251252071987,0.0,75.0,0.0
8166,65.274,53.45760449170783,0.0,53.45760449170783,0.0,75.0,0.0
8167,90.598,45.50247457315347,0.0,45.50247457315347,0.0,75.0,0.0
8168,71.746,34.449128755064564,0.0,34.449128755064564,0.0,75.0,0.0
8169,51.783,25.492140486712508,6.274926978859104,31.76706746557161,0.0,75.0,0.0
8170,48.194,16.780614070418444,48.44183685425808,65.22245092467652,0.0,75.0,0.0
8171,46.943,7.214507133714349,76.07720887803738,83.29171601175173,0.0,75.0,0.0
8172,46.943,2.86314100004409,87.09565889294181,89.95879989298591,0.0,75.0,0.0
8173,49.017,6.104167206142625,77.30760196289934,83.41176916904196,0.0,75.0,0.0
8174,56.093,5.454891837000604,52.833767772027954,58.28865960902856,0.0,75.0,0.0
8175,72.687,6.554373785577109,0.0,6.554373785577109,0.0,75.0,0.0
8176,81.152,9.771869852960121,0.0,9.771869852960121,0.0,75.0,0.0
8177,81.576,17.294765551971686,0.0,66.5447655519717,0.0,75.0,49.25
8178,81.546,26.545894112565502,0.0,21.028348316935396,0.0,25.0,-5.517545795630106
8179,74.185,25.35051686933378,0.0,19.832971073703675,0.0,30.434782608695656,-5.517545795630106
8180,71.632,19.11710717693054,0.0,13.599561381300433,0.0,35.86956521739131,-5.517545795630106
8181,61.895,20.767912617380425,0.0,15.250366821750319,0.0,41.30434782608697,-5.517545795630106
8182,58.134,28.11775929805062,0.0,22.600213502420512,0.0,46.73913043478261,-5.517545795630107
8183,57.51,32.96460107341862,0.0,27.447055277788515,0.0,52.17391304347825,-5.517545795630108
8184,55.72,33.019197522816754,0.0,27.501651727186648,0.0,57.60869565217392,-5.517545795630108
8185,55.72,42.85263374190841,0.0,37.33508794627831,0.0,63.04347826086958,-5.517545795630106
8186,55.72,53.57139816643331,0.0,48.053852370803206,0.0,68.47826086956523,-5.517545795630106
8187,55.72,62.9251948899458,0.0,57.407649094315694,0.0,73.91304347826089,-5.517545795630106
8188,55.72,65.71663298237947,0.0,60.19908718674936,0.0,79.34782608695653,-5.517545795630106
8189,55.72,66.14889180615286,0.0,60.631346010522755,0.0,84.78260869565217,-5.517545795630107
8190,53.066,61.296556083191476,0.0,55.77901028756137,0.0,90.21739130434781,-5.517545795630106
8191,65.046,52.05912977443209,0.0,46.54158397880198,0.0,95.65217391304344,-5.517545795630108
8192,57.505,42.17011754568185,0.0,36.65257175005174,0.0,101.08695652173908,-5.517545795630108
8193,53.478,34.14149991929862,1.8581158259056694,30.482069949574182,0.0,106.52173913043474,-5.517545795630108
8194,50.609,25.178581586803595,26.354630960771715,46.015666751945204,0.0,111.95652173913041,-5.517545795630106
8195,50.99,18.01804699846195,50.24549070491141,62.74599190774325,0.0,117.39130434782606,-5.517545795630106
8196,53.15,13.378681327658436,66.32708032656842,74.18821585859675,0.0,122.82608695652172,-5.5175457956301095
8197,55.72,12.571696732578564,74.7098989091258,81.76404984607424,0.0,128.26086956521738,-5.517545795630106
8198,56.15,14.215201745282755,55.30371820735754,64.00137415701019,0.0,133.69565217391303,-5.517545795630106
8199,70.044,18.90067735880549,0.0,13.38313156317539,0.0,139.1304347826087,-5.517545795630099
8200,79.218,22.439852086395575,0.0,16.922306290765476,0.0,144.56521739130434,-5.517545795630099
8201,80.423,23.50803978702046,0.0,23.50803978702046,0.0,150.0,0.0
8202,80.783,22.442081510049192,0.0,71.69208151004919,0.0,150.0,49.25
8203,80.423,20.92570375834649,0.0,63.51865436849074,0.0,100.0,42.59295061014425
8204,79.218,18.200048265087084,0.0,17.502791562591597,0.0,56.75842577650331,-0.697256702495487
8205,76.911,16.008854612208253,0.0,15.311597909712766,0.0,57.44522362846136,-0.697256702495487
8206,75.395,13.523929104185262,0.0,12.826672401689775,0.0,58.13202148041942,-0.697256702495487
8207,62.985,8.715898467268039,0.0,8.018641764772552,0.0,58.81881933237747,-0.697256702495487
8208,65.13,3.9692313660915435,0.0,3.2719746635960565,0.0,59.50561718433553,-0.697256702495487
8209,65.13,3.5702670617770056,0.0,2.8730103592815186,0.0,60.19241503629358,-0.697256702495487
8210,65.13,1.5990473631963242,0.0,0.9017906607008372,0.0,60.87921288825164,-0.697256702495487
8211,65.13,2.1369989436148282,0.0,1.4397422411193412,0.0,61.56601074020969,-0.697256702495487
8212,65.13,0.6972567024954929,0.0,0.0,0.0,62.252808592167746,-0.697256702495487
8213,65.13,1.4644323884647468,0.0,0.7671756859692598,0.0,62.9396064441258,-0.697256702495487
8214,66.073,2.007818899371882,0.0,1.3105621968763952,0.0,63.626404296083855,-0.697256702495487
8215,78.389,0.8222583467522899,0.0,0.12500164425680294,0.0,64.31320214804191,-0.697256702495487
8216,74.479,0.0,0.0,0.0,0.0,64.99999999999997,0.0
8217,60.438,0.0,1.9056084122713774,1.9056084122713774,0.0,64.99999999999997,0.0
8218,51.064,0.0,37.96716178771737,37.96716178771737,0.0,64.99999999999997,0.0
8219,51.064,0.0,74.78298414848324,74.78298414848324,0.0,64.99999999999997,0.0
8220,51.064,0.0,81.85995735317246,81.85995735317246,0.0,64.99999999999997,0.0
8221,60.098,0.0,72.98578559196795,72.98578559196795,0.0,64.99999999999997,0.0
8222,64.626,0.0,53.83453364788564,53.83453364788564,0.0,64.99999999999997,0.0
8223,68.03,0.0,0.0,0.0,0.0,64.99999999999997,0.0
8224,81.964,1.6276557369109559,0.0,1.6276557369109559,0.0,64.99999999999997,0.0
8225,89.497,8.127381347596957,0.0,57.37738134759696,0.0,64.99999999999997,49.25
8226,78.869,28.612124200083496,0.0,25.711471553237953,0.0,14.999999999999972,-2.9006526468455434
8227,68.479,53.29691002846958,0.0,50.39625738162404,0.0,17.85714285714283,-2.9006526468455434
8228,65.13,73.60844841456905,0.0,70.70779576772351,0.0,20.71428571428568,-2.9006526468455434
8229,62.166,99.82063533141448,0.0,96.91998268456894,0.0,23.57142857142854,-2.9006526468455434
8230,62.007,128.8893841376439,0.0,125.98873149079836,0.0,26.42857142857141,-2.900652646845544
8231,62.007,169.39581252975688,0.0,166.49515988291134,0.0,29.285714285714263,-2.9006526468455434
8232,37.107,199.8906518546334,0.0,196.98999920778786,0.0,32.14285714285712,-2.9006526468455434
8233,35.872,219.86671044431526,0.0,216.96605779746972,0.0,34.99999999999998,-2.900652646845544
8234,35.87,234.8701728965659,0.0,231.96952024972035,0.0,37.857142857142826,-2.900652646845544
8235,35.87,229.32723599611776,0.0,226.42658334927222,0.0,40.71428571428569,-2.9006526468455442
8236,35.87,203.87742893913295,0.0,200.9767762922874,0.0,43.57142857142854,-2.9006526468455434
8237,35.87,186.6354479984552,0.0,183.73479535160965,0.0,46.428571428571395,-2.9006526468455434
8238,35.87,103.86086333448618,0.0,100.96021068764064,0.0,49.28571428571425,-2.9006526468455442
8239,35.563,23.986747378602665,0.0,21.08609473175712,0.0,52.1428571428571,-2.9006526468455442
8240,35.343,6.967905533586902,0.0,4.067252886741358,0.0,54.99999999999997,-2.9006526468455434
8241,33.298,10.433517288005573,0.5144592300868156,8.047323871246846,0.0,57.85714285714283,-2.9006526468455434
8242,32.634,22.88271375050405,13.423497612753577,33.40555871641208,0.0,60.714285714285694,-2.900652646845545
8243,32.634,26.22785715085008,49.098243327842724,72.42544783184726,0.0,63.571428571428555,-2.9006526468455434
8244,32.634,11.147679385594229,59.850539736763764,68.09756647551245,0.0,66.42857142857142,-2.9006526468455434
8245,33.207,0.0,60.651832965977405,57.75118031913186,0.0,69.28571428571428,-2.9006526468455434
8246,34.741,0.0,52.84506764937176,49.94441500252621,0.0,72.14285714285714,-2.9006526468455434
8247,35.907,0.0,0.0,0.0,0.0,75.0,0.0
8248,37.512,0.0,0.0,0.0,0.0,75.0,0.0
8249,40.851,6.054153273101171,0.0,6.054153273101171,0.0,75.0,0.0
8250,40.391,17.003281543749683,0.0,15.348017805060639,0.0,75.0,-1.6552637386890439
8251,39.119,37.860592887849435,0.0,36.20532914916039,0.0,76.6304347826087,-1.6552637386890439
8252,36.922,66.82546032449162,0.0,65.17019658580257,0.0,78.2608695652174,-1.6552637386890403
8253,36.136,98.8069582484649,0.0,97.15169450977587,0.0,79.89130434782611,-1.6552637386890368
8254,36.075,148.89929523011597,0.0,147.24403149142694,0.0,81.5217391304348,-1.6552637386890332
8255,35.918,195.94177334863792,0.0,194.2865096099489,0.0,83.1521739130435,-1.655263738689035
8256,44.258,248.45166160563048,0.0,246.79639786694145,0.0,84.7826086956522,-1.655263738689035
8257,44.258,259.62080662993594,0.0,257.9655428912469,0.0,86.4130434782609,-1.6552637386890368
8258,44.258,258.0840708619743,0.0,256.42880712328525,0.0,88.0434782608696,-1.655263738689035
8259,44.258,250.87782550203664,0.0,249.2225617633476,0.0,89.6739130434783,-1.655263738689035
8260,44.258,229.27515261333997,0.0,227.61988887465094,0.0,91.304347826087,-1.655263738689034
8261,44.258,227.91217161681283,0.0,226.2569078781238,0.0,92.93478260869568,-1.6552637386890332
8262,43.741,208.21614750038262,0.0,206.5608837616936,0.0,94.5652173913044,-1.655263738689035
8263,48.151,188.8535893160311,0.0,187.19832557734208,0.0,96.1956521739131,-1.655263738689035
8264,50.46,178.94043087275324,0.0,177.2851671340642,0.0,97.8260869565218,-1.655263738689035
8265,46.667,165.3222098342151,1.6885088218402151,165.35545491736627,0.0,99.4565217391305,-1.655263738689035
8266,45.451,148.72651489304144,42.383382706492476,189.4546338608449,0.0,101.08695652173921,-1.655263738689035
8267,45.451,132.20351430982126,73.72801374339363,204.27626431452586,0.0,102.71739130434791,-1.655263738689035
8268,45.763,129.7122156291207,79.46379435737059,207.52074624780226,0.0,104.3478260869566,-1.655263738689035
8269,46.548,134.75395444117365,79.19880415757926,212.29749486006386,0.0,105.9782608695653,-1.6552637386890354
8270,48.068,127.22325480976694,56.8014998739092,182.36949094498712,0.0,107.608695652174,-1.6552637386890354
8271,58.959,120.31977558224482,0.0,118.66451184355579,0.0,109.2391304347827,-1.655263738689035
8272,63.879,109.62796843124549,0.0,107.97270469255646,0.0,110.86956521739138,-1.6552637386890345
8273,63.879,105.74650671993267,0.0,104.09124298124364,0.0,112.50000000000007,-1.6552637386890345
8274,55.63,104.88133668435286,0.0,103.22607294566383,0.0,114.13043478260876,-1.6552637386890336
8275,49.974,99.65554058963383,0.0,98.0002768509448,0.0,115.76086956521746,-1.6552637386890336
8276,48.789,94.0138641143828,0.0,92.35860037569377,0.0,117.39130434782615,-1.655263738689034
8277,48.737,89.40903173941473,0.0,87.7537680007257,0.0,119.02173913043484,-1.6552637386890345
8278,47.634,84.06485291707072,0.0,82.4095891783817,0.0,120.65217391304355,-1.655263738689035
8279,44.611,81.29257120085063,0.0,79.6373074621616,0.0,122.28260869565224,-1.655263738689035
8280,60.891,76.4852180607085,0.0,74.82995432201947,0.0,123.91304347826093,-1.6552637386890345
8281,60.891,69.4364031868689,0.0,67.78113944817987,0.0,125.54347826086962,-1.6552637386890345
8282,60.891,58.889457206715804,0.0,57.23419346802677,0.0,127.17391304347834,-1.655263738689035
8283,60.891,51.512245513068805,0.0,49.85698177437977,0.0,128.80434782608702,-1.6552637386890345
8284,60.891,49.188500300860504,0.0,47.53323656217147,0.0,130.4347826086957,-1.655263738689034
8285,53.568,44.68846358744674,0.0,43.033199848757704,0.0,132.0652173913044,-1.6552637386890345
8286,46.64,44.02479100082654,0.0,42.3695272621375,0.0,133.69565217391312,-1.6552637386890345
8287,56.714,41.80910778731684,0.0,40.1538440486278,0.0,135.3260869565218,-1.6552637386890345
8288,89.111,41.47689283038559,0.0,39.82162909169655,0.0,136.9565217391305,-1.6552637386890343
8289,55.536,39.64869034256931,1.7165794310251066,39.71000603490538,0.0,138.58695652173918,-1.655263738689034
8290,55.536,29.735463632017318,35.04338199652939,63.12358188985767,0.0,140.21739130434787,-1.6552637386890334
8291,55.536,27.63871431637668,66.26313944147788,92.24659001916552,0.0,141.84782608695656,-1.6552637386890334
8292,57.972,23.917454978789056,75.06403674911256,97.32622798921258,0.0,143.47826086956525,-1.6552637386890332
8293,62.816,14.466395022925083,77.06804082198431,89.87917210622037,0.0,145.10869565217394,-1.6552637386890332
8294,75.885,9.770036643761921,53.52299493781343,61.63776784288632,0.0,146.73913043478262,-1.655263738689033
8295,88.685,8.161197489532968,0.0,6.505933750843935,0.0,148.3695652173913,-1.655263738689033
8296,88.685,8.143513822519138,0.0,8.143513822519138,0.0,150.0,0.0
8297,88.685,7.168978244396621,0.0,7.168978244396621,0.0,150.0,0.0
8298,88.685,4.698045625871561,0.0,4.698045625871561,0.0,150.0,0.0
8299,88.685,1.2928314263916878,0.0,1.2928314263916878,0.0,150.0,0.0
8300,88.685,0.0,0.0,0.0,0.0,150.0,0.0
8301,88.685,0.0,0.0,0.0,0.0,150.0,0.0
8302,86.583,0.0,0.0,0.0,0.0,150.0,0.0
8303,81.388,0.0,0.0,0.0,0.0,150.0,0.0
8304,87.61,0.0,0.0,0.0,0.0,150.0,0.0
8305,87.61,0.0,0.0,0.0,0.0,150.0,0.0
8306,87.61,0.0,0.0,0.0,0.0,150.0,0.0
8307,88.264,0.0,0.0,0.0,0.0,150.0,0.0
8308,88.264,0.0,0.0,0.0,0.0,150.0,0.0
8309,91.058,0.0,0.0,0.0,0.0,150.0,0.0
8310,102.341,0.0,0.0,0.0,0.0,150.0,0.0
8311,127.606,1.4096655847555781,0.0,50.65966558475558,0.0,150.0,49.25
8312,107.894,7.117726023976555,0.0,0.7725483590019353,0.0,100.0,-6.34517766497462
8313,95.931,12.632582332152642,1.3980990170464753,7.685503684224497,0.0,106.25,-6.34517766497462
8314,89.768,18.98812596644539,27.216109668521455,39.859057969992236,0.0,112.5,-6.345177664974617
8315,85.088,23.86666658369972,55.41286824733589,72.93435716606098,0.0,118.75,-6.345177664974621
8316,85.088,26.819366082801935,77.08748305620581,97.56167147403313,0.0,125.0,-6.345177664974617
8317,87.61,27.499005363194613,77.66804304864509,98.82187074686507,0.0,131.25,-6.345177664974621
8318,95.047,28.750481534889,55.22964795878886,77.63495182870325,0.0,137.5,-6.345177664974614
8319,117.825,31.290472172246208,0.0,24.945294507271594,0.0,143.75,-6.345177664974614
8320,126.699,33.78557840592498,0.0,83.03557840592498,0.0,150.0,49.25
8321,126.649,41.07742250310697,0.0,90.32742250310697,0.0,100.0,49.25
8322,118.521,51.41595517131472,0.0,85.89095517131476,0.0,50.0,34.47500000000004
8323,115.792,57.12781010766145,0.0,57.12781010766145,0.0,14.999999999999972,0.0
8324,104.19,58.67458631398114,0.0,53.598444182001444,0.0,14.999999999999972,-5.076142131979697
8325,95.255,62.418578184751716,0.0,57.342436052772015,0.0,19.999999999999975,-5.076142131979697
8326,87.61,74.0869273930274,0.0,69.0107852610477,0.0,24.999999999999986,-5.076142131979697
8327,87.61,84.49705122203095,0.0,79.42090909005125,0.0,29.999999999999986,-5.076142131979697
8328,74.176,90.40001479781387,0.0,85.32387266583417,0.0,34.999999999999986,-5.076142131979697
8329,74.176,90.41129548541309,0.0,85.3351533534334,0.0,39.999999999999986,-5.076142131979697
8330,74.176,89.14166415791239,0.0,84.0655220259327,0.0,44.999999999999986,-5.076142131979697
8331,74.176,87.64308762291564,0.0,82.56694549093595,0.0,49.99999999999997,-5.076142131979697
8332,74.176,85.20099105149474,0.0,80.12484891951505,0.0,54.999999999999964,-5.076142131979696
8333,74.754,88.50176362252229,0.0,83.4256214905426,0.0,59.99999999999997,-5.076142131979696
8334,94.376,91.48459686753704,0.0,86.40845473555734,0.0,64.99999999999996,-5.076142131979696
8335,98.197,94.93680242230205,0.0,89.86066029032236,0.0,69.99999999999994,-5.076142131979697
8336,95.812,99.53602291068084,0.0,94.45988077870115,0.0,74.99999999999994,-5.076142131979697
8337,90.095,108.41554076204031,1.3228226412615274,104.66222127132214,0.0,79.99999999999994,-5.076142131979699
8338,73.519,109.70300532277658,28.787720947086747,133.41458413788362,0.0,84.99999999999994,-5.076142131979701
8339,71.439,109.3364154092566,50.780165292129944,155.04043856940683,0.0,89.99999999999996,-5.076142131979701
8340,71.439,97.18929148985237,53.800751185714134,145.91390054358678,0.0,94.99999999999996,-5.076142131979701
8341,75.123,95.56895785721892,47.74378710206428,138.2366028273035,0.0,99.99999999999997,-5.076142131979701
8342,86.666,104.66249228446739,44.50632940538345,144.09267955787112,0.0,104.99999999999996,-5.076142131979701
8343,106.186,105.44779057301822,0.0,100.37164844103853,0.0,109.99999999999997,-5.076142131979701
8344,107.874,110.73744376321186,0.0,159.98744376321184,0.0,114.99999999999997,49.25
8345,107.874,115.3223028021694,0.0,164.57230280216942,0.0,64.99999999999997,49.25
8346,106.694,104.8927198227606,0.0,100.54174085249228,0.0,14.999999999999972,-4.350978970268314
8347,93.214,103.73966157658592,0.0,99.3886826063176,0.0,19.28571428571426,-4.350978970268313
8348,79.206,99.12853731831376,0.0,94.77755834804545,0.0,23.571428571428548,-4.350978970268314
8349,74.237,91.40746918789323,0.0,87.05649021762491,0.0,27.857142857142826,-4.350978970268313
8350,74.176,95.73130869433567,0.0,91.38032972406735,0.0,32.14285714285711,-4.350978970268313
8351,74.176,85.15399433344047,0.0,80.80301536317215,0.0,36.428571428571395,-4.350978970268313
8352,45.261,85.18990731657584,0.0,80.83892834630753,0.0,40.71428571428568,-4.350978970268313
8353,43.732,89.1760436268856,0.0,84.82506465661729,0.0,44.99999999999997,-4.350978970268313
8354,39.68,97.08451478924732,0.0,92.733535818979,0.0,49.28571428571426,-4.350978970268313
8355,39.575,99.39195833502207,0.0,95.04097936475375,0.0,53.571428571428555,-4.350978970268313
8356,39.68,109.36226861724734,0.0,105.01128964697902,0.0,57.85714285714285,-4.3509789702683115
8357,41.575,128.37793744235114,0.0,124.02695847208282,0.0,62.14285714285714,-4.3509789702683115
8358,44.145,153.33681916273088,0.0,148.98584019246258,0.0,66.42857142857143,-4.350978970268308
8359,48.737,164.53900477074214,0.0,160.18802580047384,0.0,70.71428571428571,-4.350978970268308
8360,46.918,167.53211989408913,0.0,166.19629301725237,0.0,75.0,-1.3358268768367623
8361,45.346,202.01027211271267,0.2799155688931679,200.95436080476907,0.0,76.3157894736842,-1.3358268768367623
8362,42.288,236.39284457080603,3.2160994017769817,238.27311709574624,0.0,77.63157894736841,-1.3358268768367587
8363,39.313,235.49704835908707,6.160204575434071,240.3214260576844,0.0,78.94736842105262,-1.3358268768367587
8364,38.883,240.62199180399196,12.71573386973146,252.00189879688665,0.0,80.26315789473682,-1.3358268768367552
8365,38.883,239.92828064325778,14.224392929545415,252.81684669596643,0.0,81.57894736842103,-1.335826876836757
8366,39.651,260.8871620642345,27.489407737008882,287.04074292440663,0.0,82.89473684210523,-1.335826876836757
8367,39.915,278.2806676913003,0.0,276.9448408144636,0.0,84.21052631578944,-1.335826876836757
8368,39.733,294.76241268845644,0.0,293.4265858116197,0.0,85.52631578947364,-1.335826876836757
8369,39.688,303.60510168066213,0.0,300.0,2.269274803825372,86.84210526315786,-1.3358268768367587
8370,38.04,307.54276184551236,0.0,300.0,6.2069349686756,88.15789473684208,-1.3358268768367596
8371,36.985,332.31372314382645,0.0,300.0,30.977896266989692,89.4736842105263,-1.3358268768367596
8372,36.288,341.8527729764306,0.0,300.0,40.51694609959381,90.78947368421052,-1.3358268768367596
8373,36.288,344.82142959184387,0.0,300.0,43.485602715007104,92.10526315789473,-1.3358268768367596
8374,36.288,346.69655867486244,0.0,300.0,45.36073179802568,93.42105263157893,-1.3358268768367596
8375,36.288,347.2099110398517,0.0,300.0,45.87408416301494,94.73684210526314,-1.3358268768367596
8376,33.616,344.5467665873803,0.0,300.0,43.210939710543556,96.05263157894734,-1.3358268768367587
8377,33.616,337.50160350995407,0.0,300.0,36.165776633117304,97.36842105263155,-1.3358268768367587
8378,33.616,318.86621961358463,0.0,300.0,17.530392736747874,98.68421052631575,-1.3358268768367596
8379,33.616,274.85175172424806,0.0,273.5159248474113,0.0,99.99999999999997,-1.33582687683676
8380,33.616,228.77071130481946,0.0,227.4348844279827,0.0,101.31578947368419,-1.335826876836761
8381,33.616,192.07878226401414,0.0,190.74295538717737,0.0,102.63157894736841,-1.3358268768367614
8382,33.709,172.4871149441739,0.0,171.15128806733713,0.0,103.94736842105263,-1.3358268768367618
8383,34.934,175.96974298044438,0.0,174.63391610360762,0.0,105.26315789473684,-1.3358268768367618
8384,34.934,175.5311010250338,0.0,174.19527414819703,0.0,106.57894736842104,-1.335826876836761
8385,34.375,167.361247069279,0.0,166.02542019244223,0.0,107.89473684210525,-1.335826876836761
8386,34.048,150.23954157919357,2.9581697966436113,151.8618844990004,0.0,109.21052631578945,-1.3358268768367614
8387,33.969,135.25046621241754,6.912255609602434,140.8268949451832,0.0,110.52631578947364,-1.335826876836761
8388,33.969,126.92461113144239,12.383238328526817,137.97202258313246,0.0,111.84210526315786,-1.3358268768367614
8389,33.969,124.18452721327142,11.495823243026162,134.34452357946083,0.0,113.15789473684207,-1.3358268768367618
8390,34.482,119.0312962182774,30.834609393240676,148.53007873468133,0.0,114.47368421052627,-1.3358268768367614
8391,35.397,122.85772972205343,0.0,121.52190284521667,0.0,115.78947368421046,-1.3358268768367614
8392,41.47,127.87801473419499,0.0,126.54218785735823,0.0,117.10526315789468,-1.3358268768367614
8393,48.451,139.0835899435841,0.0,137.74776306674732,0.0,118.42105263157889,-1.3358268768367614
8394,47.925,135.99105828949607,0.0,134.6552314126593,0.0,119.7368421052631,-1.335826876836761
8395,42.699,128.32482093513477,0.0,126.988994058298,0.0,121.05263157894728,-1.3358268768367614
8396,38.543,128.29163005354704,0.0,126.95580317671028,0.0,122.36842105263152,-1.3358268768367618
8397,37.563,137.44870755872492,0.0,136.11288068188816,0.0,123.68421052631572,-1.3358268768367618
8398,35.633,144.84408237322012,0.0,143.50825549638336,0.0,124.99999999999994,-1.335826876836762
8399,34.763,123.54222076978584,0.0,122.20639389294908,0.0,126.31578947368416,-1.3358268768367623
8400,39.023,107.18724623302184,0.0,105.85141935618508,0.0,127.63157894736838,-1.3358268768367625
8401,39.023,98.78010810833227,0.0,97.44428123149551,0.0,128.9473684210526,-1.335826876836763
8402,39.023,89.9580325173274,0.0,88.62220564049063,0.0,130.26315789473682,-1.3358268768367632
8403,39.023,83.10446011385407,0.0,81.76863323701731,0.0,131.57894736842104,-1.3358268768367632
8404,39.023,68.89059041890187,0.0,67.5547635420651,0.0,132.89473684210526,-1.335826876836763
8405,39.023,59.21072722764413,0.0,57.874900350807366,0.0,134.21052631578945,-1.3358268768367627
8406,39.023,47.603470496503505,0.0,46.26764361966674,0.0,135.52631578947367,-1.335826876836763
8407,39.473,38.70362620913123,0.0,37.36779933229447,0.0,136.8421052631579,-1.3358268768367632
8408,39.392,32.80536464382475,0.0,31.46953776698799,0.0,138.15789473684208,-1.335826876836763
8409,36.165,28.33793079867942,0.0,27.002103921842657,0.0,139.4736842105263,-1.3358268768367634
8410,36.165,28.12786893154883,0.8939060418866926,27.685948096598757,0.0,140.78947368421052,-1.3358268768367634
8411,36.165,23.077009576635344,2.8621808869532215,24.603363586751804,0.0,142.10526315789474,-1.3358268768367634
8412,36.574,20.160316626514827,1.6053917745159376,20.429881524194002,0.0,143.42105263157896,-1.3358268768367636
8413,37.707,23.16795008575162,1.5785457758157688,23.410668984730627,0.0,144.73684210526318,-1.3358268768367638
8414,39.392,20.37520347759932,0.0,19.03937660076256,0.0,146.0526315789474,-1.335826876836764
8415,41.984,20.747363830778838,0.0,19.411536953942075,0.0,147.36842105263162,-1.3358268768367638
8416,55.453,20.40657415057667,0.0,19.070747273739908,0.0,148.6842105263158,-1.3358268768367638
8417,56.224,17.877263050486576,0.0,17.877263050486576,0.0,150.0,0.0
8418,56.324,18.110548293648986,0.0,18.110548293648986,0.0,150.0,0.0
8419,56.324,18.38797100552162,0.0,18.38797100552162,0.0,150.0,0.0
8420,51.975,19.177812736910255,0.0,19.177812736910255,0.0,150.0,0.0
8421,48.617,22.1430149088596,0.0,22.1430149088596,0.0,150.0,0.0
8422,47.703,21.649670335568675,0.0,21.649670335568675,0.0,150.0,0.0
8423,42.706,23.693693686522487,0.0,23.693693686522487,0.0,150.0,0.0
8424,58.96,24.7814212451073,0.0,24.7814212451073,0.0,150.0,0.0
8425,58.96,23.716276202015386,0.0,23.716276202015386,0.0,150.0,0.0
8426,58.96,21.919227982271916,0.0,21.919227982271916,0.0,150.0,0.0
8427,58.96,20.869897254441398,0.0,20.869897254441398,0.0,150.0,0.0
8428,58.96,18.742661060419085,0.0,18.742661060419085,0.0,150.0,0.0
8429,58.96,16.741488771299068,0.0,16.741488771299068,0.0,150.0,0.0
8430,58.959,16.342734614134372,0.0,16.342734614134372,0.0,150.0,0.0
8431,80.357,20.31901472460859,0.0,20.31901472460859,0.0,150.0,0.0
8432,82.482,26.767577100071037,0.0,26.767577100071037,0.0,150.0,0.0
8433,58.519,29.50860830710507,0.0,29.50860830710507,0.0,150.0,0.0
8434,58.519,24.41758206290991,0.33336584867673763,24.75094791158665,0.0,150.0,0.0
8435,59.199,22.466215594858525,1.707032363776962,24.173247958635486,0.0,150.0,0.0
8436,58.96,21.31285055273152,2.859441988987828,24.172292541719347,0.0,150.0,0.0
8437,58.96,26.967287471298405,1.3886864048413499,28.355973876139757,0.0,150.0,0.0
8438,59.199,24.61217373050735,0.24306987543101755,24.85524360593837,0.0,150.0,0.0
8439,76.219,23.11031564583044,0.0,23.11031564583044,0.0,150.0,0.0
8440,85.745,24.463972677488037,0.0,24.463972677488037,0.0,150.0,0.0
8441,85.745,25.53394791294138,0.0,25.53394791294138,0.0,150.0,0.0
8442,85.745,27.37692689677734,0.0,27.37692689677734,0.0,150.0,0.0
8443,81.74,28.101112428344646,0.0,28.101112428344646,0.0,149.99999999999997,0.0
8444,76.202,25.678398658015656,0.0,25.678398658015656,0.0,150.0,0.0
8445,75.435,27.274002834787453,0.0,27.274002834787453,0.0,150.0,0.0
8446,58.988,28.565092630795384,0.0,28.565092630795384,0.0,150.0,0.0
8447,58.96,32.38461399607492,0.0,32.38461399607492,0.0,150.0,0.0
8448,86.256,33.45656713634902,0.0,33.45656713634902,0.0,150.0,0.0
8449,86.256,35.20909567040587,0.0,35.20909567040587,0.0,150.0,0.0
8450,86.256,39.33610623149199,0.0,39.33610623149199,0.0,150.0,0.0
8451,86.256,43.014791957346276,0.0,43.014791957346276,0.0,150.0,0.0
8452,86.256,44.91989529531674,0.0,44.91989529531674,0.0,150.0,0.0
8453,84.818,48.722236559710055,0.0,48.722236559710055,0.0,150.0,0.0
8454,84.024,50.19451072149303,0.0,50.19451072149303,0.0,150.0,0.0
8455,111.968,47.85579662143832,0.0,47.85579662143832,0.0,150.0,0.0
8456,112.493,44.776579280117545,0.0,94.02657928011755,0.0,150.0,49.25
8457,103.282,47.25079316660986,0.0,37.09850890265047,0.0,100.0,-10.152284263959388
8458,83.505,55.48792372057584,0.8629664510677139,46.19860590768417,0.0,110.0,-10.152284263959388
8459,80.396,52.99833930581367,2.110921919749779,44.95697696160406,0.0,120.00000000000001,-10.152284263959388
8460,80.862,55.595199436468995,2.869041239404712,48.311956411914316,0.0,130.0,-10.152284263959388
8461,87.863,49.256629826756296,3.093180341700098,42.197525904497006,0.0,140.0,-10.152284263959388
8462,105.306,42.95456999758855,7.741531552825701,50.69610155041425,0.0,150.0,0.0
8463,115.844,45.17843586821722,0.0,45.17843586821722,0.0,150.0,0.0
8464,125.443,40.72518306998996,0.0,89.97518306998995,0.0,150.0,49.25
8465,125.443,36.33941649747615,0.0,36.33941649747615,0.0,100.0,0.0
8466,125.443,35.643629496061536,0.0,84.89362949606154,0.0,100.0,49.25
8467,125.443,34.92694178526889,0.0,69.40194178526892,0.0,50.0,34.47500000000004
8468,112.657,32.03069094197278,0.0,0.11208957741564163,0.0,14.999999999999972,-31.918601364557137
8469,102.799,28.995104219199234,0.0,0.0,0.0,46.43982234408875,-28.995104219199234
8470,100.493,28.431072001728545,0.0,77.68107200172855,0.0,75.0,49.25000000000001
8471,88.208,27.47536381041455,0.0,11.490706825873678,0.0,25.0,-15.984656984540871
8472,76.486,25.678178981499954,0.0,9.693521996959083,0.0,40.744887129772756,-15.984656984540871
8473,76.486,27.002869339064915,0.0,11.018212354524044,0.0,56.48977425954551,-15.984656984540871
8474,76.486,27.718088214196687,0.0,11.733431229655814,0.0,72.23466138931828,-15.984656984540873
8475,76.486,26.08537221430742,0.0,10.10071522976654,0.0,87.97954851909103,-15.98465698454088
8476,76.486,20.416459507756418,0.0,4.431802523215534,0.0,103.72443564886377,-15.984656984540884
8477,77.583,17.02218124507224,0.0,1.037524260531356,0.0,119.46932277863655,-15.984656984540884
8478,102.99,15.010954407706294,0.0,0.0,0.0,135.21420990840932,-15.010954407706294
8479,128.18,12.99522038713868,0.0,62.24522038713868,0.0,150.0,49.25
8480,108.452,12.052844676488872,0.0,61.302844676488874,0.0,100.0,49.25
8481,103.071,12.56867575427579,0.10771004725983799,0.0,0.0,50.0,-12.676385801535623
8482,81.363,6.378591634643324,7.9625875147116485,0.0,0.0,62.48624001451259,-14.341179149354971
8483,78.602,4.154837217280785,15.396233102298543,5.209891170224356,0.0,76.61230147662724,-14.341179149354971
8484,78.602,2.886491963371002,22.463715408166905,11.009028222182934,0.0,90.73836293874189,-14.341179149354971
8485,100.99,3.5314062116724965,19.819729255099457,9.009956317416982,0.0,104.86442440085654,-14.341179149354971
8486,102.834,9.124430388109404,29.626974348686414,38.75140473679582,0.0,118.99048586297118,0.0
8487,103.436,17.047918824769805,0.0,20.97854739979645,0.0,118.99048586297118,3.9306285750266454
8488,109.091,18.33665938548173,0.0,67.58665938548174,0.0,114.99999999999997,49.25
8489,109.091,17.263701319503333,0.0,66.51370131950333,0.0,64.99999999999997,49.25
8490,100.988,13.33163915131906,0.0,13.33163915131906,0.0,14.999999999999972,0.0
8491,83.414,14.68855623047715,0.0,14.68855623047715,0.0,14.999999999999972,0.0
8492,76.486,16.85810493666493,0.0,16.85810493666493,0.0,14.999999999999972,0.0
8493,76.486,24.185139151566,0.0,24.185139151566,0.0,14.999999999999972,0.0
8494,76.486,29.846455532875424,0.0,29.846455532875424,0.0,14.999999999999972,0.0
8495,76.486,34.3206872819234,0.0,34.3206872819234,0.0,14.999999999999972,0.0
8496,47.899,36.05858205094101,0.0,36.05858205094101,0.0,14.999999999999966,0.0
8497,47.899,36.25938477148621,0.0,36.25938477148621,0.0,14.999999999999966,0.0
8498,47.899,39.000556814556774,0.0,39.000556814556774,0.0,14.999999999999966,0.0
8499,47.899,42.37446205866138,0.0,42.37446205866138,0.0,14.999999999999966,0.0
8500,47.899,44.23636565329936,0.0,44.23636565329936,0.0,14.999999999999966,0.0
8501,47.899,48.76373217334816,0.0,48.76373217334816,0.0,14.999999999999966,0.0
8502,46.789,61.5962893166639,0.0,61.5962893166639,0.0,14.999999999999966,0.0
8503,50.483,67.95256645005776,0.0,67.95256645005776,0.0,14.999999999999968,0.0
8504,48.75,68.19985154351278,0.0,68.19985154351278,0.0,14.99999999999997,0.0
8505,46.755,70.44942707990104,0.0,70.44942707990104,0.0,14.999999999999972,0.0
8506,46.522,73.30838068738358,1.674017543397657,74.98239823078123,0.0,14.999999999999972,0.0
8507,46.522,72.53370224101255,4.240094732833437,76.77379697384599,0.0,14.999999999999972,0.0
8508,46.085,72.34294393364443,12.319344915642166,84.6622888492866,0.0,14.999999999999972,0.0
8509,46.683,94.47544782658669,18.980004430800328,113.45545225738701,0.0,14.999999999999972,0.0
8510,47.746,98.23243111004993,30.55616649750141,128.78859760755134,0.0,14.999999999999972,0.0
8511,48.253,112.0182910245558,0.0,112.0182910245558,0.0,14.999999999999972,0.0
8512,48.906,131.41863313578503,0.0,131.41863313578503,0.0,14.999999999999972,0.0
8513,64.357,137.73035524491567,0.0,137.73035524491567,0.0,14.999999999999972,0.0
8514,48.906,139.40880804298092,0.0,139.40880804298092,0.0,14.999999999999972,0.0
8515,47.899,142.35433197989832,0.0,142.35433197989832,0.0,14.999999999999972,0.0
8516,47.899,134.29561715389502,0.0,134.29561715389502,0.0,14.999999999999972,0.0
8517,47.746,131.72522243054158,0.0,131.72522243054158,0.0,14.999999999999972,0.0
8518,47.746,122.91493249338585,0.0,122.91493249338585,0.0,14.999999999999972,0.0
8519,47.54,122.24611563104223,0.0,122.24611563104223,0.0,14.999999999999972,0.0
8520,48.531,115.21971547013709,0.0,115.21971547013709,0.0,14.999999999999972,0.0
8521,48.531,112.55353804755899,0.0,112.55353804755899,0.0,14.999999999999972,0.0
8522,48.531,124.58944266250566,0.0,124.58944266250566,0.0,14.999999999999972,0.0
8523,48.531,132.18493338182708,0.0,132.18493338182708,0.0,14.999999999999972,0.0
8524,48.531,130.03288154039615,0.0,130.03288154039615,0.0,14.999999999999972,0.0
8525,48.531,125.30024989142477,0.0,125.30024989142477,0.0,14.999999999999972,0.0
8526,41.788,127.48872612870363,0.0,127.48872612870363,0.0,14.999999999999972,0.0
8527,56.866,133.57015386532532,0.0,133.57015386532532,0.0,14.999999999999972,0.0
8528,67.334,142.9009835405636,0.0,142.9009835405636,0.0,14.999999999999972,0.0
8529,63.966,136.89015194356418,0.0,136.89015194356418,0.0,14.999999999999972,0.0
8530,59.147,137.3773387985245,2.2302895429791714,139.60762834150367,0.0,14.999999999999972,0.0
8531,54.621,144.18294702082838,4.4557595448380285,148.6387065656664,0.0,14.999999999999972,0.0
8532,48.531,149.73340825511016,25.8793955063185,175.61280376142867,0.0,14.999999999999972,0.0
8533,48.531,141.67228978148208,32.332710543330066,174.00500032481216,0.0,14.999999999999972,0.0
8534,61.08,145.3161158210405,42.84505173485258,188.1611675558931,0.0,14.999999999999972,0.0
8535,65.76,142.64501294713625,0.0,142.64501294713625,0.0,14.999999999999972,0.0
8536,68.443,143.78734123031845,0.0,143.78734123031845,0.0,14.999999999999972,0.0
8537,70.046,156.36253215716292,0.0,156.36253215716292,0.0,14.999999999999972,0.0
8538,68.632,163.77712103319746,0.0,163.77712103319746,0.0,14.999999999999972,0.0
8539,67.133,164.91795625615015,0.0,163.43225611996098,0.0,14.999999999999972,-1.48570013618918
8540,49.6,167.06567817433606,0.0,165.5799780381469,0.0,16.463414634146318,-1.4857001361891797
8541,48.531,155.92477597821136,0.0,154.4390758420222,0.0,17.926829268292664,-1.48570013618918
8542,48.531,121.13825608789423,0.0,119.65255595170505,0.0,19.390243902438996,-1.48570013618918
8543,48.531,120.4772762088262,0.0,118.99157607263702,0.0,20.853658536585343,-1.48570013618918
8544,39.144,118.6324659944655,0.0,117.14676585827632,0.0,22.317073170731682,-1.48570013618918
8545,38.005,115.72130910679158,0.0,114.2356089706024,0.0,23.78048780487802,-1.4857001361891802
8546,37.752,122.08972506650261,0.0,120.60402493031343,0.0,25.243902439024367,-1.4857001361891802
8547,37.672,132.55504333936824,0.0,131.06934320317907,0.0,26.707317073170714,-1.48570013618918
8548,37.672,135.36441485117456,0.0,133.8787147149854,0.0,28.17073170731706,-1.48570013618918
8549,37.672,147.42492117400914,0.0,145.93922103781998,0.0,29.6341463414634,-1.48570013618918
8550,37.672,131.4769969645676,0.0,129.99129682837844,0.0,31.097560975609746,-1.4857001361891797
8551,37.672,115.93229812022614,0.0,114.44659798403696,0.0,32.56097560975609,-1.48570013618918
8552,37.672,119.57180260019992,0.0,118.08610246401074,0.0,34.02439024390244,-1.4857001361891802
8553,37.672,143.54349913202736,0.0,142.0577989958382,0.0,35.48780487804878,-1.4857001361891802
8554,37.672,137.39760363387256,2.2964515534123455,138.2083550510957,0.0,36.95121951219511,-1.4857001361891806
8555,37.672,151.82087248308298,8.889755148335746,159.22492749522954,0.0,38.41463414634145,-1.4857001361891808
8556,37.672,162.03439450032144,12.713306179288587,173.26200054342084,0.0,39.87804878048779,-1.4857001361891806
8557,37.672,133.8963911057189,16.900730602254363,149.31142157178405,0.0,41.34146341463412,-1.485700136189181
8558,37.672,177.3386260378614,36.619549019762665,212.47247492143487,0.0,42.804878048780466,-1.485700136189181
8559,37.938,195.22867988605944,0.0,193.74297974987024,0.0,44.26829268292681,-1.4857001361891808
8560,41.68,199.20720608551713,0.0,197.72150594932793,0.0,45.73170731707316,-1.4857001361891808
8561,48.062,193.46624666722542,0.0,191.98054653103623,0.0,47.195121951219505,-1.4857001361891808
8562,38.297,217.21228864277148,0.0,215.7265885065823,0.0,48.65853658536584,-1.4857001361891817
8563,37.873,213.62764192942709,0.0,212.1419417932379,0.0,50.121951219512184,-1.4857001361891822
8564,37.873,205.39407426848996,0.0,203.90837413230076,0.0,51.585365853658516,-1.4857001361891822
8565,37.672,243.39761532539117,0.0,241.91191518920198,0.0,53.04878048780485,-1.4857001361891822
8566,37.672,239.07883092346734,0.0,237.59313078727814,0.0,54.512195121951194,-1.4857001361891826
8567,37.672,228.3152552587173,0.0,226.8295551225281,0.0,55.975609756097526,-1.485700136189183
8568,32.354,239.1716846642466,0.0,237.68598452805742,0.0,57.43902439024387,-1.485700136189183
8569,32.354,256.18598723647256,0.0,254.70028710028336,0.0,58.90243902439022,-1.4857001361891822
8570,32.353,260.37540313205915,0.0,258.88970299587,0.0,60.36585365853655,-1.485700136189183
8571,32.353,288.9982544566487,0.0,287.5125543204595,0.0,61.82926829268289,-1.485700136189183
8572,32.353,309.6391934343286,0.0,300.0,8.15349329813942,63.29268292682923,-1.485700136189184
8573,32.353,288.1633055478766,0.0,286.6776054116874,0.0,64.75609756097558,-1.485700136189184
8574,32.408,323.10438917052886,0.0,300.0,21.618689034339678,66.21951219512192,-1.485700136189184
8575,32.551,335.72273194149386,0.0,300.0,34.23703180530468,67.68292682926827,-1.485700136189184
8576,32.526,341.1817786769211,0.0,300.0,39.69607854073193,69.14634146341461,-1.485700136189184
8577,32.074,344.7790854218884,0.0,300.0,43.293385285699216,70.60975609756096,-1.485700136189184
8578,31.227,339.2256196393813,0.0,300.0,37.73991950319213,72.07317073170731,-1.4857001361891804
8579,31.227,347.80019033277114,0.0,300.0,46.31449019658196,73.53658536585365,-1.4857001361891804
8580,31.227,344.62563136618854,0.0,300.0,29.397204970249454,75.0,-15.228426395939088
8581,31.655,334.1581435337859,0.4065881692404753,300.0,19.336305307087294,90.0,-15.228426395939088
8582,32.443,307.9721534550092,0.3461587266954003,293.08988578576555,0.0,105.0,-15.228426395939088
8583,33.07,269.8786893119023,0.0,254.6502629159632,0.0,120.0,-15.228426395939088
8584,34.595,200.4707399832415,0.0,185.2423135873024,0.0,135.0,-15.228426395939088
8585,36.196,127.29233403586117,0.0,127.29233403586117,0.0,150.0,0.0
8586,36.229,94.64150031411361,0.0,94.64150031411361,0.0,150.0,0.0
8587,35.988,113.87944813497649,0.0,113.87944813497649,0.0,150.0,0.0
8588,35.49,222.1985797593586,0.0,222.1985797593586,0.0,150.0,0.0
8589,34.254,282.0702673484481,0.0,282.0702673484481,0.0,150.0,0.0
8590,33.824,292.2418800137643,0.0,292.2418800137643,0.0,150.0,0.0
8591,32.587,268.357557110471,0.0,268.357557110471,0.0,150.0,0.0
8592,32.498,258.662876311567,0.0,258.662876311567,0.0,150.0,0.0
8593,32.498,282.38197127390123,0.0,282.38197127390123,0.0,150.0,0.0
8594,32.498,293.87589896378717,0.0,293.87589896378717,0.0,150.0,0.0
8595,32.498,275.58093988344325,0.0,275.58093988344325,0.0,150.0,0.0
8596,32.498,219.74285022472884,0.0,219.74285022472884,0.0,150.0,0.0
8597,33.192,186.8683582952335,0.0,186.8683582952335,0.0,150.0,0.0
8598,34.617,176.83057351654142,0.0,176.83057351654142,0.0,150.0,0.0
8599,39.429,170.5450082967458,0.0,170.5450082967458,0.0,150.0,0.0
8600,36.588,145.36331745934825,0.0,155.82894245934827,0.0,150.0,10.465625000000005
8601,35.349,117.46861465831483,0.0,127.93423965831484,0.0,139.375,10.465625000000005
8602,35.704,78.4454366161722,7.1590381274664345,96.07009974363864,0.0,128.75,10.465625000000006
8603,35.071,65.79707404510877,20.161709657635495,96.42440870274427,0.0,118.125,10.465625000000008
8604,34.782,58.1095729210716,20.79208767754528,89.36728559861689,0.0,107.5,10.46562500000001
8605,35.352,46.57116302573969,39.520579759992884,96.5573677857326,0.0,96.875,10.465625000000014
8606,35.756,48.274784627001274,43.79469403746848,102.53510366446977,0.0,86.25,10.465625000000017
8607,37.108,42.518850433604655,0.0,52.98447543360467,0.0,75.62499999999999,10.465625000000017
8608,43.583,40.610497480332114,0.0,89.86049748033211,0.0,64.99999999999997,49.25
8609,43.504,63.357920776269694,0.0,63.357920776269694,0.0,14.999999999999972,0.0
8610,36.389,60.90234273374886,0.0,51.0134561955451,0.0,14.999999999999972,-9.88888653820376
8611,34.871,78.01857378953284,0.0,68.12968725132907,0.0,24.740553240130673,-9.88888653820376
8612,34.288,151.39374479820776,0.0,141.504858260004,0.0,34.481106480261346,-9.88888653820376
8613,33.483,207.0083709428371,0.0,197.11948440463334,0.0,44.22165972039204,-9.88888653820376
8614,32.891,289.73485826229967,0.0,279.84597172409593,0.0,53.96221296052275,-9.88888653820376
8615,32.891,338.7103972920708,0.0,300.0,28.821510753867045,63.70276620065344,-9.888886538203762
8616,31.861,348.518962354025,0.0,300.0,38.63007581582124,73.44331944078415,-9.888886538203762
8617,31.861,348.4355126977105,0.0,300.0,38.54662615950676,83.18387268091485,-9.888886538203762
8618,31.861,339.8741812923338,0.0,300.0,29.985294754130024,92.92442592104555,-9.888886538203764
8619,31.861,274.0850230420608,0.0,264.196136503857,0.0,102.66497916117626,-9.888886538203764
8620,31.861,148.87272289274722,0.0,138.98383635454346,0.0,112.40553240130697,-9.88888653820377
8621,31.874,71.45478001972073,0.0,61.56589348151696,0.0,122.14608564143767,-9.88888653820377
8622,32.207,29.646501998233184,0.0,19.757615460029413,0.0,131.8866388815684,-9.88888653820377
8623,35.697,8.500312566802965,0.0,0.0,0.0,141.6271921216991,-8.500312566802961
8624,35.379,1.118948327870077,0.0,1.118948327870077,0.0,150.0,0.0
8625,35.4,3.889238599225138,0.0,3.889238599225138,0.0,150.00000000000003,0.0
8626,33.614,10.706772094580758,6.413710298999275,17.120482393580033,0.0,150.00000000000003,0.0
8627,32.471,15.065095304273155,14.025977104366817,29.091072408639974,0.0,150.00000000000003,0.0
8628,32.329,33.42594478486021,4.589594142683998,38.015538927544206,0.0,150.00000000000003,0.0
8629,32.376,49.1219816098755,8.97527475303552,58.09725636291102,0.0,150.00000000000003,0.0
8630,32.759,52.23814152143867,19.596146526021414,71.83428804746009,0.0,150.00000000000003,0.0
8631,33.359,49.91363742304119,0.0,49.91363742304119,0.0,150.0,0.0
8632,35.233,42.788695438153034,0.0,42.788695438153034,0.0,149.99999999999997,0.0
8633,35.952,40.066442599176305,0.0,40.066442599176305,0.0,149.99999999999997,0.0
8634,35.819,47.7695399172948,0.0,47.7695399172948,0.0,150.0,0.0
8635,34.483,52.893978656114726,0.0,52.893978656114726,0.0,150.0,0.0
8636,33.502,51.99504075150763,0.0,51.99504075150763,0.0,150.0,0.0
8637,32.851,55.90021039410104,0.0,55.90021039410104,0.0,150.0,0.0
8638,31.963,30.587082741928526,0.0,30.587082741928526,0.0,150.0,0.0
8639,31.861,23.2079238985207,0.0,23.2079238985207,0.0,150.00000000000003,0.0
8640,32.779,12.643580808792068,0.0,12.643580808792068,0.0,150.00000000000006,0.0
8641,32.779,5.615095739233974,0.0,5.615095739233974,0.0,150.00000000000006,0.0
8642,32.779,8.988541022084952,0.0,8.988541022084952,0.0,150.00000000000006,0.0
8643,32.779,25.302336779600207,0.0,25.302336779600207,0.0,150.00000000000006,0.0
8644,32.779,57.33615645273022,0.0,57.33615645273022,0.0,150.0,0.0
8645,32.779,93.89403997956997,0.0,93.89403997956997,0.0,150.0,0.0
8646,32.953,111.12418351075739,0.0,111.12418351075739,0.0,150.0,0.0
8647,35.792,145.27620547719363,0.0,145.27620547719363,0.0,150.0,0.0
8648,34.999,166.67522593479435,0.0,166.67522593479435,0.0,150.0,0.0
8649,32.662,164.99223896034977,0.0,164.99223896034977,0.0,150.0,0.0
8650,32.063,182.51002461010881,13.120680235707308,195.63070484581613,0.0,150.0,0.0
8651,28.376,242.2909722237141,24.20946150949537,266.5004337332095,0.0,150.0,0.0
8652,28.376,239.38567901400458,18.219624929559313,257.6053039435639,0.0,150.0,0.0
8653,28.376,237.69495075001905,8.973324953254075,246.6682757032731,0.0,150.0,0.0
8654,30.497,229.54158258354926,11.232260258116538,240.77384284166578,0.0,150.0,0.0
8655,32.82,205.13359012029719,0.0,205.13359012029719,0.0,150.0,0.0
8656,34.999,185.80914417133118,0.0,185.80914417133118,0.0,150.0,0.0
8657,39.788,161.92758644267178,0.0,161.92758644267178,0.0,150.0,0.0
8658,35.917,137.12930359846436,0.0,137.12930359846436,0.0,150.0,0.0
8659,34.833,91.49126118300794,0.0,91.49126118300794,0.0,150.0,0.0
8660,33.574,56.23735486076422,0.0,56.23735486076422,0.0,150.0,0.0
8661,32.901,44.58122138386598,0.0,44.58122138386598,0.0,150.0,0.0
8662,32.967,25.200766966889894,0.0,25.200766966889894,0.0,150.0,0.0
8663,32.901,9.616437272756425,0.0,9.616437272756425,0.0,150.0,0.0
8664,33.912,0.0,0.0,0.0,0.0,150.0,0.0
8665,33.912,0.0,0.0,0.0,0.0,150.0,0.0
8666,33.912,0.0,0.0,0.0,0.0,150.0,0.0
8667,33.912,0.0,0.0,0.0,0.0,150.0,0.0
8668,33.912,3.095879409178897,0.0,3.095879409178897,0.0,150.0,0.0
8669,33.912,14.844797412124432,0.0,14.844797412124432,0.0,150.0,0.0
8670,33.912,23.87584068969868,0.0,23.87584068969868,0.0,150.0,0.0
8671,36.258,33.17036449496206,0.0,33.17036449496206,0.0,150.0,0.0
8672,36.966,36.09670536063076,0.0,36.09670536063076,0.0,150.0,0.0
8673,37.362,48.98094120662149,0.0,48.98094120662149,0.0,150.0,0.0
8674,37.734,54.26336711000823,5.282191140364676,59.545558250372906,0.0,150.0,0.0
8675,37.666,73.75006150687155,48.41240971676516,122.16247122363671,0.0,150.0,0.0
8676,38.039,80.81171929213086,68.6562315077305,149.46795079986134,0.0,150.0,0.0
8677,37.587,99.60815358526408,73.69938922752257,173.30754281278666,0.0,150.0,0.0
8678,38.163,123.26248548388543,54.90454541368683,178.16703089757226,0.0,150.0,0.0
8679,38.711,119.5006616021511,0.14021306915658172,119.64087467130769,0.0,150.0,0.0
8680,47.798,110.91411849948018,0.0,160.1641184994802,0.0,150.0,49.25
8681,47.798,105.79808657095126,0.0,155.04808657095126,0.0,100.0,49.25
8682,47.798,101.28029912605935,0.0,135.75529912605938,0.0,50.0,34.47500000000004
8683,41.768,93.11767660343465,0.0,93.11767660343465,0.0,14.999999999999972,0.0
8684,38.711,78.10747248574742,0.0,78.10747248574742,0.0,14.999999999999972,0.0
8685,38.711,57.55087992709012,0.0,57.55087992709012,0.0,14.999999999999972,0.0
8686,38.615,52.73575459062807,0.0,37.50732819468898,0.0,14.999999999999972,-15.228426395939092
8687,36.212,61.021347479863735,0.0,45.79292108392464,0.0,29.99999999999998,-15.228426395939092
8688,34.798,61.98613777246561,0.0,46.75771137652652,0.0,44.999999999999986,-15.228426395939088
8689,34.798,49.44757124621371,0.0,34.219144850274624,0.0,59.999999999999986,-15.228426395939088
8690,34.747,34.4528926085469,0.0,21.684831975237735,0.0,75.0,-12.768060633309162
8691,34.798,18.88837732226707,0.0,6.120316688957907,0.0,87.57653972380953,-12.768060633309162
8692,35.337,10.290344615614996,0.0,0.0,0.0,100.15307944761905,-10.290344615614991
8693,36.765,4.263496394981885,0.0,0.0,0.0,110.28906889399981,-4.263496394981885
8694,39.579,0.5191747786223454,0.0,0.0,0.0,114.48861284305697,-0.5191747786223431
8695,47.372,2.68706775489576,0.0,51.93706775489576,0.0,114.99999999999997,49.25
8696,65.616,23.45105512889224,0.0,72.70105512889224,0.0,64.99999999999997,49.25
8697,39.579,48.30574067416486,0.6540036702689134,48.95974434443377,0.0,14.999999999999972,0.0
8698,36.765,51.4810216822329,22.809728653265747,74.29075033549864,0.0,14.999999999999972,0.0
8699,35.028,84.26438570142943,35.44378798647436,119.7081736879038,0.0,14.999999999999972,0.0
8700,34.382,110.23905878108285,37.381750424060144,147.620809205143,0.0,14.999999999999972,0.0
8701,34.382,134.2863083207573,26.787236141764776,161.07354446252208,0.0,14.999999999999972,0.0
8702,34.419,166.17939753580276,17.033842201904985,183.21323973770774,0.0,14.999999999999972,0.0
8703,34.884,177.33654728285913,0.0,177.33654728285913,0.0,14.999999999999972,0.0
8704,35.548,165.84950684991833,0.0,165.84950684991833,0.0,14.99999999999997,0.0
8705,43.829,193.31059876371773,0.0,193.31059876371773,0.0,14.999999999999972,0.0
8706,35.242,241.48069769805377,0.0,241.48069769805377,0.0,14.999999999999972,0.0
8707,34.554,269.44739337974147,0.0,269.44739337974147,0.0,14.999999999999972,0.0
8708,34.382,298.03735174745094,0.0,298.03735174745094,0.0,14.999999999999972,0.0
8709,34.159,308.1934414287407,0.0,300.0,8.193441428740698,14.999999999999972,0.0
8710,34.118,244.34061327034698,0.0,244.34061327034698,0.0,14.999999999999975,0.0
8711,34.118,223.93099748118703,0.0,223.93099748118703,0.0,14.999999999999975,0.0
8712,31.266,190.28704292021914,0.0,190.28704292021914,0.0,14.999999999999977,0.0
8713,31.126,186.75526412315045,0.0,186.75526412315045,0.0,14.999999999999975,0.0
8714,31.126,210.95974506443025,0.0,210.95974506443025,0.0,14.999999999999973,0.0
8715,31.126,230.6372312516038,0.0,230.6372312516038,0.0,14.999999999999972,0.0
8716,31.068,268.3505017097993,0.0,268.3505017097993,0.0,14.999999999999972,0.0
8717,31.334,275.15604457571084,0.0,275.15604457571084,0.0,14.999999999999972,0.0
8718,31.401,273.7685779458799,0.0,273.7685779458799,0.0,14.999999999999973,0.0
8719,34.084,280.9742594840166,0.0,280.9742594840166,0.0,14.999999999999973,0.0
8720,33.041,297.86062928197657,0.0,297.86062928197657,0.0,14.999999999999972,0.0
8721,31.218,298.55976236278326,0.0,298.55976236278326,0.0,14.999999999999972,0.0
8722,29.597,252.30179928940996,0.43632949520550957,252.73812878461547,0.0,14.999999999999972,0.0
8723,28.489,256.50732945745233,2.1427830017941853,258.6501124592465,0.0,14.999999999999972,0.0
8724,28.489,264.9637865522174,1.8470985202257157,266.8108850724431,0.0,14.999999999999972,0.0
8725,28.489,275.44328679219956,2.960339588943429,278.403626381143,0.0,14.999999999999972,0.0
8726,31.167,295.64774068219873,0.48094523202449024,296.12868591422324,0.0,14.99999999999997,0.0
8727,31.843,298.7043337269054,0.0,298.7043337269054,0.0,14.999999999999972,0.0
8728,34.441,306.6651914949863,0.0,300.0,6.6651914949862885,14.999999999999972,0.0
8729,35.555,322.07471364163666,0.0,300.0,3.488434895095132,14.999999999999972,-18.58627874654153
8730,35.624,330.78645375180685,0.0,300.0,12.200175005265315,33.30748456534339,-18.58627874654153
8731,34.029,333.7040516735788,0.0,300.0,15.117772927037286,51.614969130686816,-18.58627874654153
8732,31.808,337.2457106661382,0.0,300.0,18.659431919596695,69.92245369603023,-18.586278746541527
8733,31.808,339.59244875968983,0.0,300.0,21.0061700131483,88.22993826137365,-18.58627874654153
8734,31.167,337.49627354530577,0.0,300.0,18.909994798764245,106.53742282671705,-18.586278746541524
8735,31.041,332.16269927488503,0.0,300.0,13.576420528343505,124.84490739206046,-18.586278746541524
8736,30.124,306.95188633766105,0.0,300.0,0.0,143.15239195740386,-6.951886337661051
8737,30.124,219.04504517257578,0.0,219.04504517257578,0.0,150.0,0.0
8738,30.124,131.11946785788038,0.0,131.11946785788038,0.0,150.0,0.0
8739,30.124,132.58470307119802,0.0,132.58470307119802,0.0,150.0,0.0
8740,30.124,151.19138832654875,0.0,151.19138832654875,0.0,150.0,0.0
8741,30.124,160.4335269527909,0.0,160.4335269527909,0.0,150.0,0.0
8742,30.408,162.19669408098267,0.0,162.19669408098267,0.0,150.00000000000003,0.0
8743,30.58,181.88223968070824,0.0,181.88223968070824,0.0,150.00000000000003,0.0
8744,30.861,190.6672676595526,0.0,190.6672676595526,0.0,150.00000000000003,0.0
8745,28.628,204.1741567872538,0.0,204.1741567872538,0.0,150.0,0.0
8746,26.357,280.08597242169594,5.124590961046282,285.21056338274224,0.0,150.0,0.0
8747,24.158,263.46845423994665,31.287505524990987,294.75595976493764,0.0,150.0,0.0
8748,24.158,240.77832708786684,39.57490065382501,280.35322774169185,0.0,150.0,0.0
8749,24.158,252.15719075485825,40.81228943161906,292.9694801864773,0.0,150.0,0.0
8750,28.628,268.601405921401,42.83517549314007,300.0,11.436581414541081,150.0,0.0
8751,31.083,230.8108574328092,0.0,230.8108574328092,0.0,150.0,0.0
8752,32.663,186.54573737497344,0.0,186.54573737497344,0.0,150.0,0.0
8753,35.036,171.0051864289253,0.0,171.0051864289253,0.0,150.0,0.0
8754,36.234,156.36338759527652,0.0,168.67588759527652,0.0,150.0,12.312499999999996
8755,35.446,147.985302555222,0.0,160.297802555222,0.0,137.5,12.312499999999996
8756,33.565,157.14940274103694,0.0,169.46190274103694,0.0,125.00000000000001,12.3125
8757,32.709,166.0041195520415,0.0,178.3166195520415,0.0,112.50000000000001,12.3125
8758,31.392,231.26870124915246,0.0,243.58120124915246,0.0,100.00000000000001,12.312500000000007
8759,30.124,277.5351682121719,0.0,289.8476682121719,0.0,87.5,12.312500000000007
